 ceap_07010101             SWAT+ Mar 4 2024        MODULAR Rev 2024.61.0                                  
   jday   mon   day    yr   unit  gis_id  name                    flo_in          geo_bf         flo_out           peakr         sed_in        sed_out         washld          bedld            dep        deg_btm       deg_bank         hc_sed          width          depth          slope        deg_btm       deg_bank         hc_len      flo_in_mm       aqu_in_mm      flo_out_mm        sed_stor      n_tot          p_tot         dep_bf        velav_bf        
                                                                   m^3/s           m^3/s           m^3/s           m^3/s           tons           tons           tons           tons           tons           tons           tons           tons              m              m            m/m              m              m              m             mm              mm              mm            tons       kg_N           kg_P            m/s             m/s        
   365    12    31  2018       1       1  m_2_1                0.1911E+00     0.1747E-01     0.1911E+00     0.1911E+00     0.1634E+03     0.2068E+03     0.0000E+00     0.0000E+00     0.6356E+01     0.1035E+01     0.4977E+02     0.0000E+00     0.7722E+01     0.1276E+01     0.2169E-03     0.3915E-02     0.7291E-01     0.0000E+00     0.7868E+02     0.7192E+01     0.7865E+02     0.2484E+00     0.1792E+02     0.3342E+01     0.1266E+01     0.2808E+02
   365    12    31  2018       2       1  m_1_2                0.3857E-01     0.1300E-01     0.3853E-01     0.3857E-01     0.5542E+02     0.5542E+02     0.0000E+00     0.0000E+00     0.0000E+00     0.4018E+02     0.0000E+00     0.0000E+00     0.5543E+01     0.2586E+01     0.2385E-02     0.8618E-01     0.0000E+00     0.0000E+00     0.4984E+02     0.1681E+02     0.4980E+02     0.1093E+00     0.4405E+01     0.1065E+01     0.1710E+01     0.1201E+03
   365    12    31  2018       3       1  m_2_3                0.3152E+00     0.2267E-01     0.3152E+00     0.3152E+00     0.2202E+03     0.2491E+03     0.0000E+00     0.0000E+00     0.0000E+00     0.1275E+02     0.2887E+02     0.0000E+00     0.7705E+01     0.3273E+01     0.1053E-02     0.1110E+00     0.1016E+00     0.0000E+00     0.1205E+03     0.8665E+01     0.1204E+03     0.7533E-01     0.2571E+02     0.3600E+01     0.2348E+01     0.1858E+03
   365    12    31  2018       4       1  t_1_4                0.6422E-01     0.2670E-01     0.6418E-01     0.6422E-01     0.6217E+02     0.6217E+02     0.0000E+00     0.0000E+00     0.0000E+00     0.8157E+01     0.0000E+00     0.0000E+00     0.5876E+01     0.1804E+01     0.1645E-02     0.1842E-01     0.0000E+00     0.0000E+00     0.7398E+02     0.3075E+02     0.7393E+02     0.1356E+00     0.6328E+01     0.1194E+01     0.1695E+01     0.9837E+02
   365    12    31  2018       5       1  m_2_5                0.5918E+00     0.2720E+00     0.5917E+00     0.5918E+00     0.2591E+03     0.4125E+03     0.0000E+00     0.0000E+00     0.0000E+00     0.1740E+02     0.1534E+03     0.0000E+00     0.7759E+01     0.1924E+01     0.9021E-03     0.4047E-01     0.1374E+00     0.0000E+00     0.2147E+03     0.9870E+02     0.2147E+03     0.2460E+00     0.4349E+02     0.3791E+01     0.1695E+01     0.9545E+02
   365    12    31  2018       6       1  t_1_6                0.1143E-01     0.8854E-02     0.1142E-01     0.1652E-01     0.5584E+01     0.5584E+01     0.0000E+00     0.0000E+00     0.0000E+00     0.8550E-01     0.0000E+00     0.0000E+00     0.5127E+01     0.1059E+01     0.2262E-02     0.7339E-03     0.0000E+00     0.0000E+00     0.1466E+03     0.1136E+03     0.1465E+03     0.4531E-02     0.9018E+00     0.1073E+00     0.1057E+01     0.4487E+02
   365    12    31  2018       7       1  t_1_7                0.2540E-01     0.8554E-02     0.2540E-01     0.2848E-01     0.7858E+01     0.7858E+01     0.0000E+00     0.0000E+00     0.0000E+00     0.1972E-01     0.0000E+00     0.0000E+00     0.5169E+01     0.9154E+00     0.1727E-02     0.3799E-03     0.0000E+00     0.0000E+00     0.2315E+03     0.7796E+02     0.2315E+03     0.2999E-02     0.1826E+01     0.1511E+00     0.9144E+00     0.3087E+02
   365    12    31  2018       8       1  t_1_8                0.1422E-01     0.1323E-01     0.1422E-01     0.3649E-01     0.2154E+01     0.2154E+01     0.0000E+00     0.0000E+00     0.0000E+00     0.3484E+00     0.0000E+00     0.0000E+00     0.4884E+01     0.1222E+01     0.2031E-02     0.2121E-01     0.0000E+00     0.0000E+00     0.4728E+03     0.4397E+03     0.4727E+03     0.2994E-03     0.9398E+00     0.4142E-01     0.1082E+01     0.4257E+02
   365    12    31  2018       9       1  t_1_9                0.9619E-01     0.9527E-01     0.9618E-01     0.2558E+00     0.1999E+01     0.1999E+01     0.0000E+00     0.0000E+00     0.0000E+00     0.1169E+04     0.0000E+00     0.0000E+00     0.3829E+01     0.2036E+03     0.6233E-02     0.1067E+02     0.0000E+00     0.0000E+00     0.3446E+04     0.3413E+04     0.3446E+04     0.8773E-03     0.5444E+01     0.3840E-01     0.9863E+02     0.2536E+07
   365    12    31  2018      10       1  t_1_10               0.1752E-01     0.6753E-02     0.1749E-01     0.1752E-01     0.2334E+02     0.2334E+02     0.0000E+00     0.0000E+00     0.0000E+00     0.2190E+02     0.0000E+00     0.0000E+00     0.4905E+01     0.2304E+01     0.4873E-02     0.7483E-01     0.0000E+00     0.0000E+00     0.5376E+02     0.2072E+02     0.5368E+02     0.3585E-01     0.1831E+01     0.4484E+00     0.1553E+01     0.1293E+03
   365    12    31  2018      11       1  t_1_11               0.5617E-01     0.2767E-01     0.5613E-01     0.5617E-01     0.4718E+02     0.4718E+02     0.0000E+00     0.0000E+00     0.0000E+00     0.9160E+00     0.0000E+00     0.0000E+00     0.5989E+01     0.1292E+01     0.1205E-02     0.4895E-02     0.0000E+00     0.0000E+00     0.8522E+02     0.4198E+02     0.8516E+02     0.5704E-01     0.4801E+01     0.9069E+00     0.1276E+01     0.5240E+02
   365    12    31  2018      12       1  m_2_12               0.1053E+00     0.1059E-01     0.1053E+00     0.1053E+00     0.1026E+03     0.9216E+02     0.0000E+00     0.0000E+00     0.1099E+02     0.0000E+00     0.5990E+00     0.0000E+00     0.7166E+01     0.1147E+01     0.1000E-04     0.0000E+00     0.7693E-01     0.0000E+00     0.7345E+02     0.7391E+01     0.7345E+02     0.3617E-02     0.9742E+01     0.1972E+01     0.1147E+01     0.4740E+01
   365    12    31  2018      13       1  t_1_13               0.2465E-01     0.5053E-02     0.2459E-01     0.2465E-01     0.9535E+01     0.9535E+01     0.0000E+00     0.0000E+00     0.0000E+00     0.3904E+00     0.0000E+00     0.0000E+00     0.5626E+01     0.1405E+01     0.1743E-02     0.6303E-02     0.0000E+00     0.0000E+00     0.3868E+02     0.7928E+01     0.3859E+02     0.4971E-01     0.2189E+01     0.2549E+00     0.1360E+01     0.6628E+02
   365    12    31  2018      14       1  t_1_14               0.5959E-01     0.5575E-01     0.5947E-01     0.5959E-01     0.1867E+01     0.1867E+01     0.0000E+00     0.0000E+00     0.0000E+00     0.0000E+00     0.0000E+00     0.0000E+00     0.5993E+01     0.1105E+01     0.7035E-03     0.0000E+00     0.0000E+00     0.0000E+00     0.8030E+02     0.7512E+02     0.8014E+02     0.1167E-01     0.4480E+01     0.4971E-01     0.1105E+01     0.3138E+02
   365    12    31  2018      15       1  m_1_15               0.4619E+00     0.6007E-02     0.4618E+00     0.4619E+00     0.2224E+02     0.3059E+02     0.0000E+00     0.0000E+00     0.0000E+00     0.0000E+00     0.8344E+01     0.0000E+00     0.7693E+01     0.1132E+01     0.4952E-03     0.0000E+00     0.1163E+00     0.0000E+00     0.3108E+03     0.4042E+01     0.3107E+03     0.2232E-01     0.3038E+02     0.5949E+00     0.1132E+01     0.3497E+02
   365    12    31  2018      16       1  t_1_16               0.3489E+00     0.1728E-01     0.3488E+00     0.3489E+00     0.1504E+02     0.1504E+02     0.0000E+00     0.0000E+00     0.0000E+00     0.4352E+03     0.0000E+00     0.0000E+00     0.6306E+01     0.1919E+02     0.1601E-02     0.9438E+00     0.0000E+00     0.0000E+00     0.3472E+03     0.1719E+02     0.3471E+03     0.2467E-01     0.2200E+02     0.4025E+00     0.1003E+02     0.4402E+04
   365    12    31  2018      17       1  t_1_17               0.7438E-01     0.6981E-01     0.7435E-01     0.7438E-01     0.2223E+01     0.4554E+01     0.0000E+00     0.0000E+00     0.0000E+00     0.0000E+00     0.2331E+01     0.0000E+00     0.5774E+01     0.9614E+00     0.1000E-04     0.0000E+00     0.5036E-01     0.0000E+00     0.5006E+03     0.4699E+03     0.5004E+03     0.3291E-02     0.5380E+01     0.5955E-01     0.9614E+00     0.2848E+01
   365    12    31  2018      18       1  t_1_18               0.1434E+00     0.5501E-01     0.1432E+00     0.1434E+00     0.1136E+02     0.1136E+02     0.0000E+00     0.0000E+00     0.0000E+00     0.9013E-02     0.0000E+00     0.0000E+00     0.6692E+01     0.8898E+00     0.4315E-03     0.2169E-04     0.0000E+00     0.0000E+00     0.2375E+03     0.9113E+02     0.2373E+03     0.4309E-01     0.1048E+02     0.2414E+00     0.8897E+00     0.1898E+02
   365    12    31  2018      19       1  t_1_19               0.1738E+00     0.2379E-01     0.1737E+00     0.1738E+00     0.1458E+02     0.1684E+02     0.0000E+00     0.0000E+00     0.2232E+01     0.0000E+00     0.4493E+01     0.0000E+00     0.6956E+01     0.8797E+00     0.1000E-04     0.0000E+00     0.1584E+00     0.0000E+00     0.2114E+03     0.2894E+02     0.2114E+03     0.5543E-02     0.1275E+02     0.3290E+00     0.8797E+00     0.2945E+01
   365    12    31  2018      20       1  t_1_20               0.2708E-01     0.1069E-01     0.2705E-01     0.2708E-01     0.7977E+01     0.7977E+01     0.0000E+00     0.0000E+00     0.0000E+00     0.8348E+00     0.0000E+00     0.0000E+00     0.5386E+01     0.1397E+01     0.2362E-02     0.2202E-01     0.0000E+00     0.0000E+00     0.5079E+02     0.2004E+02     0.5073E+02     0.2144E-01     0.2250E+01     0.2135E+00     0.1208E+01     0.6067E+02
   365    12    31  2018      21       1  m_1_21               0.1038E+00     0.3667E-01     0.1038E+00     0.1038E+00     0.5589E+01     0.5589E+01     0.0000E+00     0.0000E+00     0.0000E+00     0.7198E+02     0.0000E+00     0.0000E+00     0.6672E+01     0.6453E+01     0.2208E-02     0.2857E+00     0.0000E+00     0.0000E+00     0.1046E+03     0.3694E+02     0.1046E+03     0.1059E-01     0.7648E+01     0.1499E+00     0.3967E+01     0.6984E+03
   365    12    31  2018      22       1  t_1_22               0.3198E+00     0.2901E+00     0.3197E+00     0.3198E+00     0.9213E+01     0.9213E+01     0.0000E+00     0.0000E+00     0.0000E+00     0.2745E-01     0.0000E+00     0.0000E+00     0.5795E+01     0.1159E+01     0.4746E-03     0.3345E-03     0.0000E+00     0.0000E+00     0.5180E+03     0.4700E+03     0.5179E+03     0.6998E-02     0.1960E+02     0.2472E+00     0.1158E+01     0.2701E+02
   365    12    31  2018      23       1  t_2_23               0.1344E-02     0.1224E-02     0.1327E-02     0.1344E-02     0.7662E-01     0.7662E-01     0.0000E+00     0.0000E+00     0.0000E+00     0.0000E+00     0.0000E+00     0.0000E+00     0.9492E+01     0.1166E+01     0.1000E-04     0.0000E+00     0.0000E+00     0.0000E+00     0.3596E+00     0.3274E+00     0.3549E+00     0.2018E-02     0.8814E-01     0.3265E-02     0.1166E+01     0.6429E+01
   365    12    31  2018      24       1  m_2_24               0.9096E+00     0.4126E-02     0.9096E+00     0.9096E+00     0.4472E+03     0.1531E+03     0.0000E+00     0.0000E+00     0.3703E+03     0.0000E+00     0.7614E+02     0.0000E+00     0.9488E+01     0.1163E+01     0.1000E-04     0.0000E+00     0.1345E+01     0.0000E+00     0.2436E+03     0.1105E+01     0.2436E+03     0.9408E-01     0.5725E+02     0.1566E+01     0.1163E+01     0.6399E+01
   365    12    31  2018      25       1  m_1_25               0.8823E-02     0.7589E-02     0.8821E-02     0.1988E-01     0.7859E+00     0.7859E+00     0.0000E+00     0.0000E+00     0.0000E+00     0.0000E+00     0.0000E+00     0.0000E+00     0.4464E+01     0.8735E+00     0.4930E-03     0.0000E+00     0.0000E+00     0.0000E+00     0.2283E+03     0.1964E+03     0.2283E+03     0.3165E-03     0.5481E+00     0.3463E-01     0.8735E+00     0.1324E+02
   365    12    31  2018      26       1  m_2_26               0.9278E+00     0.1810E-01     0.9278E+00     0.9278E+00     0.1532E+03     0.9956E+02     0.0000E+00     0.0000E+00     0.6662E+02     0.0000E+00     0.1295E+02     0.0000E+00     0.9483E+01     0.1164E+01     0.1000E-04     0.0000E+00     0.1279E+01     0.0000E+00     0.2482E+03     0.4842E+01     0.2482E+03     0.1596E-01     0.5836E+02     0.1569E+01     0.1164E+01     0.6402E+01
   365    12    31  2018      27       1  m_2_27               0.7990E+00     0.2129E-01     0.7989E+00     0.7990E+00     0.1475E+03     0.2187E+03     0.0000E+00     0.0000E+00     0.8563E+02     0.0000E+00     0.1569E+03     0.0000E+00     0.9465E+01     0.1152E+01     0.8832E-04     0.0000E+00     0.4639E+01     0.0000E+00     0.2246E+03     0.5986E+01     0.2246E+03     0.4283E-01     0.5343E+02     0.1409E+01     0.1152E+01     0.1867E+02
   365    12    31  2018      28       1  m_1_28               0.2098E-01     0.2549E-02     0.2095E-01     0.2098E-01     0.6904E+01     0.6904E+01     0.0000E+00     0.0000E+00     0.0000E+00     0.0000E+00     0.0000E+00     0.0000E+00     0.5566E+01     0.1421E+01     0.2342E-02     0.0000E+00     0.0000E+00     0.0000E+00     0.6179E+02     0.7508E+01     0.6172E+02     0.1797E-01     0.1359E+01     0.3038E+00     0.1421E+01     0.8199E+02
   365    12    31  2018      29       1  m_2_29               0.9035E+00     0.1408E-01     0.9035E+00     0.9035E+00     0.2228E+03     0.4459E+03     0.0000E+00     0.0000E+00     0.1043E+01     0.9480E-02     0.2242E+03     0.0000E+00     0.9536E+01     0.1169E+01     0.1804E-03     0.4745E-03     0.5729E+01     0.0000E+00     0.2461E+03     0.3836E+01     0.2461E+03     0.5991E-01     0.5682E+02     0.1511E+01     0.1167E+01     0.2747E+02
   365    12    31  2018      30       1  m_2_30               0.1095E+01     0.2470E-01     0.1095E+01     0.1095E+01     0.1235E+03     0.1235E+03     0.0000E+00     0.0000E+00     0.0000E+00     0.6832E+01     0.0000E+00     0.0000E+00     0.1019E+02     0.7521E+01     0.6396E-03     0.3354E+00     0.0000E+00     0.0000E+00     0.2239E+03     0.5049E+01     0.2239E+03     0.4196E-01     0.6802E+02     0.2602E+01     0.4514E+01     0.6788E+03
   365    12    31  2018      31       1  m_2_31               0.1150E+01     0.5574E-02     0.1150E+01     0.1150E+01     0.2233E+03     0.4060E+03     0.0000E+00     0.0000E+00     0.8508E+02     0.0000E+00     0.2677E+03     0.0000E+00     0.1050E+02     0.1238E+01     0.2790E-04     0.0000E+00     0.3494E+01     0.0000E+00     0.1949E+03     0.9449E+00     0.1949E+03     0.2157E+00     0.7172E+02     0.3497E+01     0.1238E+01     0.1310E+02
   365    12    31  2018      32       1  t_1_32               0.8026E-02     0.7639E-02     0.8019E-02     0.2903E-01     0.2467E+00     0.2467E+00     0.0000E+00     0.0000E+00     0.0000E+00     0.0000E+00     0.0000E+00     0.0000E+00     0.5639E+01     0.1228E+01     0.1000E-04     0.0000E+00     0.0000E+00     0.0000E+00     0.6617E+03     0.6298E+03     0.6612E+03     0.1383E-02     0.4809E+00     0.1085E-01     0.1228E+01     0.4218E+01
   365    12    31  2018      33       1  t_2_33               0.3212E-01     0.3089E-01     0.3208E-01     0.3212E-01     0.7830E+00     0.7830E+00     0.0000E+00     0.0000E+00     0.0000E+00     0.0000E+00     0.0000E+00     0.0000E+00     0.8118E+01     0.1136E+01     0.1186E-02     0.0000E+00     0.0000E+00     0.0000E+00     0.1486E+02     0.1429E+02     0.1484E+02     0.3870E-02     0.1888E+01     0.3433E-01     0.1136E+01     0.5744E+02
   365    12    31  2018      34       1  m_2_34               0.7766E+00     0.7855E-01     0.7765E+00     0.7766E+00     0.6137E+02     0.1467E+03     0.0000E+00     0.0000E+00     0.0000E+00     0.0000E+00     0.8536E+02     0.0000E+00     0.9365E+01     0.1118E+01     0.6435E-03     0.0000E+00     0.1022E+01     0.0000E+00     0.2206E+03     0.2232E+02     0.2206E+03     0.5459E-01     0.5208E+02     0.1376E+01     0.1118E+01     0.4740E+02
   365    12    31  2018      35       1  t_1_35               0.4109E-01     0.2979E-01     0.4072E-01     0.4109E-01     0.7195E+01     0.7195E+01     0.0000E+00     0.0000E+00     0.0000E+00     0.0000E+00     0.0000E+00     0.0000E+00     0.8246E+01     0.1057E+01     0.1697E-03     0.0000E+00     0.0000E+00     0.0000E+00     0.3494E+02     0.2534E+02     0.3463E+02     0.1420E+00     0.2410E+01     0.3135E+00     0.1057E+01     0.1953E+02
   365    12    31  2018      36       1  t_1_36               0.1422E+00     0.9614E-01     0.1422E+00     0.1422E+00     0.2308E+02     0.2339E+02     0.0000E+00     0.0000E+00     0.0000E+00     0.0000E+00     0.3125E+00     0.0000E+00     0.1020E+02     0.1198E+01     0.1000E-04     0.0000E+00     0.6967E-02     0.0000E+00     0.2923E+02     0.1976E+02     0.2922E+02     0.1264E-01     0.8107E+01     0.1011E+01     0.1198E+01     0.7221E+01
   365    12    31  2018      37       1  t_1_37               0.8847E-01     0.8045E-01     0.8847E-01     0.3183E+00     0.2569E+00     0.3934E+01     0.0000E+00     0.0000E+00     0.4983E-01     0.0000E+00     0.3727E+01     0.0000E+00     0.5647E+01     0.1242E+01     0.1000E-04     0.0000E+00     0.1002E+01     0.0000E+00     0.7160E+04     0.6510E+04     0.7160E+04     0.1863E-03     0.4537E+01     0.1105E-01     0.1242E+01     0.4310E+01
   365    12    31  2018      38       1  t_1_38               0.4472E-01     0.8784E-02     0.4465E-01     0.4472E-01     0.2289E+02     0.2289E+02     0.0000E+00     0.0000E+00     0.0000E+00     0.0000E+00     0.0000E+00     0.0000E+00     0.7825E+01     0.1053E+01     0.3298E-03     0.0000E+00     0.0000E+00     0.0000E+00     0.3974E+02     0.7806E+01     0.3968E+02     0.8266E-01     0.2952E+01     0.1007E+01     0.1053E+01     0.2569E+02
   365    12    31  2018      39       1  m_2_39               0.1121E+01     0.6659E-02     0.1121E+01     0.1121E+01     0.1355E+03     0.2145E+03     0.0000E+00     0.0000E+00     0.0000E+00     0.3921E+02     0.7898E+02     0.0000E+00     0.1040E+02     0.7211E+01     0.2956E-03     0.3161E+00     0.2806E+00     0.0000E+00     0.2045E+03     0.1215E+01     0.2045E+03     0.3724E+00     0.6980E+02     0.3124E+01     0.4352E+01     0.4331E+03
   365    12    31  2018      40       1  t_1_40               0.2456E-02     0.2174E-02     0.2455E-02     0.9429E-02     0.3688E+00     0.3688E+00     0.0000E+00     0.0000E+00     0.0000E+00     0.0000E+00     0.0000E+00     0.0000E+00     0.4551E+01     0.1048E+01     0.5555E-03     0.0000E+00     0.0000E+00     0.0000E+00     0.2561E+03     0.2267E+03     0.2560E+03     0.3256E-03     0.3189E+00     0.8904E-02     0.1048E+01     0.1954E+02
   365    12    31  2018      41       1  t_1_41               0.7420E-01     0.1961E-01     0.7419E-01     0.7420E-01     0.9156E+01     0.9156E+01     0.0000E+00     0.0000E+00     0.0000E+00     0.1252E+03     0.0000E+00     0.0000E+00     0.5963E+01     0.1863E+02     0.3904E-02     0.9269E+00     0.0000E+00     0.0000E+00     0.1836E+03     0.4851E+02     0.1835E+03     0.7574E-02     0.6292E+01     0.3396E+00     0.9608E+01     0.5843E+04
   365    12    31  2018      42       1  t_1_42               0.3518E-01     0.3043E-01     0.3513E-01     0.3518E-01     0.6205E+01     0.6205E+01     0.0000E+00     0.0000E+00     0.0000E+00     0.6634E+02     0.0000E+00     0.0000E+00     0.5043E+01     0.1464E+02     0.7640E-02     0.7279E+00     0.0000E+00     0.0000E+00     0.2180E+03     0.1886E+03     0.2177E+03     0.1145E-01     0.4477E+01     0.1498E+00     0.7748E+01     0.4581E+04
   365    12    31  2018      43       1  t_1_43               0.5026E-01     0.7448E-02     0.5026E-01     0.5026E-01     0.3485E+01     0.3485E+01     0.0000E+00     0.0000E+00     0.0000E+00     0.0000E+00     0.0000E+00     0.0000E+00     0.6149E+01     0.9215E+00     0.9367E-03     0.0000E+00     0.0000E+00     0.0000E+00     0.1957E+03     0.2900E+02     0.1957E+03     0.1191E-02     0.3027E+01     0.2026E+00     0.9215E+00     0.2729E+02
   365    12    31  2018      44       1  m_2_44               0.6713E+00     0.5177E-01     0.6713E+00     0.6713E+00     0.4197E+03     0.4197E+03     0.0000E+00     0.0000E+00     0.0000E+00     0.5165E+04     0.0000E+00     0.0000E+00     0.7985E+01     0.2470E+03     0.3049E-02     0.1294E+02     0.0000E+00     0.0000E+00     0.2266E+03     0.1748E+02     0.2266E+03     0.1874E+00     0.5062E+02     0.4016E+01     0.1191E+03     0.3029E+07
   365    12    31  2018      45       1  t_2_45               0.7661E-01     0.7000E-02     0.7658E-01     0.7661E-01     0.3910E+02     0.3910E+02     0.0000E+00     0.0000E+00     0.0000E+00     0.1076E+03     0.0000E+00     0.0000E+00     0.6590E+01     0.1621E+02     0.3352E-02     0.7959E+00     0.0000E+00     0.0000E+00     0.7464E+02     0.6820E+01     0.7461E+02     0.3527E-01     0.1152E+02     0.9527E+00     0.8134E+01     0.3954E+04
   365    12    31  2018      46       1  t_1_46               0.4329E-01     0.1780E-01     0.4327E-01     0.4329E-01     0.9399E+01     0.9399E+01     0.0000E+00     0.0000E+00     0.0000E+00     0.0000E+00     0.0000E+00     0.0000E+00     0.5892E+01     0.9074E+00     0.1217E-02     0.0000E+00     0.0000E+00     0.0000E+00     0.1772E+03     0.7290E+02     0.1772E+03     0.1134E-01     0.5442E+01     0.2268E+00     0.9074E+00     0.2906E+02
   365    12    31  2018      47       1  t_2_47               0.2725E+00     0.4264E-03     0.2725E+00     0.2725E+00     0.2708E+02     0.5774E+02     0.0000E+00     0.0000E+00     0.1420E+01     0.0000E+00     0.3208E+02     0.0000E+00     0.7930E+01     0.1065E+01     0.1000E-04     0.0000E+00     0.1313E+00     0.0000E+00     0.1576E+03     0.2466E+00     0.1576E+03     0.4576E-01     0.1041E+02     0.1321E+01     0.1065E+01     0.4619E+01
   365    12    31  2018      48       1  m_3_48               0.9598E+00     0.1425E-01     0.9598E+00     0.9598E+00     0.4791E+03     0.1999E+03     0.0000E+00     0.0000E+00     0.2822E+03     0.0000E+00     0.3050E+01     0.0000E+00     0.1004E+02     0.1188E+01     0.1000E-04     0.0000E+00     0.3981E+00     0.0000E+00     0.2046E+03     0.3038E+01     0.2046E+03     0.4785E-02     0.6266E+02     0.5337E+01     0.1188E+01     0.7008E+01
   365    12    31  2018      49       1  t_1_49               0.2834E-01     0.1066E-01     0.2822E-01     0.2834E-01     0.2312E+02     0.2312E+02     0.0000E+00     0.0000E+00     0.0000E+00     0.1633E+03     0.0000E+00     0.0000E+00     0.5800E+01     0.8414E+01     0.2975E-02     0.3781E+00     0.0000E+00     0.0000E+00     0.4714E+02     0.1773E+02     0.4694E+02     0.1145E+00     0.5271E+01     0.5575E+00     0.4612E+01     0.9815E+03
   365    12    31  2018      50       1  t_1_50               0.2243E-01     0.1360E-01     0.2242E-01     0.2243E-01     0.5402E+01     0.5402E+01     0.0000E+00     0.0000E+00     0.0000E+00     0.3579E+00     0.0000E+00     0.0000E+00     0.5534E+01     0.1021E+01     0.2913E-02     0.6794E-02     0.0000E+00     0.0000E+00     0.1600E+03     0.9700E+02     0.1599E+03     0.5080E-02     0.2851E+01     0.1303E+00     0.9945E+00     0.4945E+02
   365    12    31  2018      51       1  t_2_51               0.2046E+00     0.5495E-01     0.2046E+00     0.2046E+00     0.4301E+02     0.4301E+02     0.0000E+00     0.0000E+00     0.0000E+00     0.9676E+01     0.0000E+00     0.0000E+00     0.6930E+01     0.3215E+03     0.1717E-01     0.1686E+02     0.0000E+00     0.0000E+00     0.1430E+03     0.3840E+02     0.1430E+03     0.3905E-03     0.2016E+02     0.1264E+01     0.1550E+03     0.1411E+08
   365    12    31  2018      52       1  m_3_52               0.9750E+00     0.1205E-01     0.9750E+00     0.9750E+00     0.2040E+03     0.6420E+03     0.0000E+00     0.0000E+00     0.2699E+02     0.0000E+00     0.4649E+03     0.0000E+00     0.1014E+02     0.1192E+01     0.2315E-04     0.0000E+00     0.2851E+01     0.0000E+00     0.2032E+03     0.2512E+01     0.2032E+03     0.8461E+00     0.6469E+02     0.5436E+01     0.1192E+01     0.1083E+02
   365    12    31  2018      53       1  t_2_53               0.2351E+00     0.3037E-01     0.2351E+00     0.2351E+00     0.4319E+02     0.4319E+02     0.0000E+00     0.0000E+00     0.0000E+00     0.1426E+00     0.0000E+00     0.0000E+00     0.7356E+01     0.1235E+01     0.1172E-02     0.6801E-02     0.0000E+00     0.0000E+00     0.1638E+03     0.2115E+02     0.1638E+03     0.5067E-02     0.2303E+02     0.1268E+01     0.1212E+01     0.5784E+02
   365    12    31  2018      54       1  m_3_54               0.2305E+01     0.1201E-02     0.2305E+01     0.2305E+01     0.1228E+04     0.4695E+03     0.0000E+00     0.0000E+00     0.8724E+03     0.0000E+00     0.1136E+03     0.0000E+00     0.1342E+02     0.1259E+01     0.1000E-04     0.0000E+00     0.5098E+00     0.0000E+00     0.2025E+03     0.1056E+00     0.2025E+03     0.1581E+00     0.1271E+03     0.9482E+01     0.1259E+01     0.1030E+02
   365    12    31  2018      55       1  t_2_55               0.2741E+00     0.2452E-01     0.2741E+00     0.2741E+00     0.4902E+02     0.4902E+02     0.0000E+00     0.0000E+00     0.0000E+00     0.2759E+03     0.0000E+00     0.0000E+00     0.7213E+01     0.2390E+03     0.8586E-02     0.1252E+02     0.0000E+00     0.0000E+00     0.1649E+03     0.1475E+02     0.1649E+03     0.1412E-01     0.1535E+02     0.1360E+01     0.1146E+03     0.4559E+07
   365    12    31  2018      56       1  t_2_56               0.2459E+00     0.2473E-02     0.2459E+00     0.2459E+00     0.2844E+02     0.4415E+02     0.0000E+00     0.0000E+00     0.1371E+01     0.0000E+00     0.1708E+02     0.0000E+00     0.7604E+01     0.1127E+01     0.1000E-04     0.0000E+00     0.1283E+00     0.0000E+00     0.1601E+03     0.1610E+01     0.1601E+03     0.2611E-01     0.1218E+02     0.1242E+01     0.1127E+01     0.4880E+01
   365    12    31  2018      57       1  t_1_57               0.5370E-02     0.2536E-02     0.5368E-02     0.1571E-01     0.8697E+00     0.8697E+00     0.0000E+00     0.0000E+00     0.0000E+00     0.1188E+01     0.0000E+00     0.0000E+00     0.4574E+01     0.2158E+01     0.5748E-02     0.7005E-01     0.0000E+00     0.0000E+00     0.2388E+03     0.1127E+03     0.2387E+03     0.3085E-03     0.6447E+00     0.2089E-01     0.1600E+01     0.1371E+03
   365    12    31  2018      58       1  t_2_58               0.2454E+00     0.9123E-02     0.2454E+00     0.2454E+00     0.4479E+02     0.5279E+02     0.0000E+00     0.0000E+00     0.1158E+02     0.0000E+00     0.1957E+02     0.0000E+00     0.7541E+01     0.1111E+01     0.1000E-04     0.0000E+00     0.5396E+00     0.0000E+00     0.1662E+03     0.6176E+01     0.1661E+03     0.8011E-01     0.2417E+02     0.1306E+01     0.1111E+01     0.4719E+01
   365    12    31  2018      59       1  m_3_59               0.2301E+01     0.5697E-01     0.2301E+01     0.2301E+01     0.1225E+04     0.1225E+04     0.0000E+00     0.0000E+00     0.0000E+00     0.2377E+02     0.0000E+00     0.0000E+00     0.1322E+02     0.6855E+02     0.1489E-02     0.3543E+01     0.0000E+00     0.0000E+00     0.2038E+03     0.5047E+01     0.2038E+03     0.4547E-01     0.1263E+03     0.9400E+01     0.3404E+02     0.9878E+05
   365    12    31  2018      60       1  m_2_60               0.6731E+00     0.1753E-02     0.6731E+00     0.6731E+00     0.4198E+03     0.4213E+03     0.0000E+00     0.0000E+00     0.0000E+00     0.1754E+00     0.1466E+01     0.0000E+00     0.8286E+01     0.1646E+01     0.8974E-03     0.2760E-01     0.9906E-01     0.0000E+00     0.2272E+03     0.5918E+00     0.2272E+03     0.4728E-02     0.5078E+02     0.4016E+01     0.1485E+01     0.8057E+02
   365    12    31  2018      61       1  t_1_61               0.3609E-01     0.2707E-01     0.3608E-01     0.3609E-01     0.9380E+01     0.9380E+01     0.0000E+00     0.0000E+00     0.0000E+00     0.3443E+01     0.0000E+00     0.0000E+00     0.5329E+01     0.3002E+01     0.6509E-02     0.1149E+00     0.0000E+00     0.0000E+00     0.1474E+03     0.1106E+03     0.1474E+03     0.2588E-02     0.4231E+01     0.2276E+00     0.2156E+01     0.2893E+03
   365    12    31  2018      62       1  t_1_62               0.8706E-02     0.1834E-02     0.8693E-02     0.8706E-02     0.8984E+01     0.8984E+01     0.0000E+00     0.0000E+00     0.0000E+00     0.4282E+00     0.0000E+00     0.0000E+00     0.5248E+01     0.1215E+01     0.3455E-02     0.2168E-01     0.0000E+00     0.0000E+00     0.3726E+02     0.7851E+01     0.3721E+02     0.1135E-01     0.1800E+01     0.2173E+00     0.1096E+01     0.6076E+02
   365    12    31  2018      63       1  m_3_63               0.1053E+01     0.4295E-01     0.1053E+01     0.1053E+01     0.3423E+03     0.8112E+03     0.0000E+00     0.0000E+00     0.5934E+01     0.1054E+01     0.4748E+03     0.0000E+00     0.1052E+02     0.1343E+01     0.1948E-03     0.6863E-02     0.1535E+01     0.0000E+00     0.1956E+03     0.7973E+01     0.1955E+03     0.9161E+00     0.4707E+02     0.5587E+01     0.1326E+01     0.3901E+02
   365    12    31  2018      64       1  t_1_64               0.6809E-02     0.2840E-02     0.6777E-02     0.6809E-02     0.2130E+01     0.2130E+01     0.0000E+00     0.0000E+00     0.0000E+00     0.0000E+00     0.0000E+00     0.0000E+00     0.5610E+01     0.7844E+00     0.1489E-02     0.0000E+00     0.0000E+00     0.0000E+00     0.2324E+02     0.9690E+01     0.2313E+02     0.5815E-02     0.2231E+01     0.3903E-01     0.7844E+00     0.2398E+02
   365    12    31  2018      65       1  t_1_65               0.1229E+00     0.4162E-01     0.1229E+00     0.1229E+00     0.1552E+01     0.1552E+01     0.0000E+00     0.0000E+00     0.0000E+00     0.1105E+02     0.0000E+00     0.0000E+00     0.5182E+01     0.2897E+02     0.2945E-02     0.1485E+01     0.0000E+00     0.0000E+00     0.5613E+03     0.1901E+03     0.5613E+03     0.5516E-04     0.7115E+01     0.2876E-01     0.1475E+02     0.1400E+05
   365    12    31  2018      66       1  t_1_66               0.4162E-01     0.1229E-01     0.4162E-01     0.4162E-01     0.2438E+01     0.2438E+01     0.0000E+00     0.0000E+00     0.0000E+00     0.0000E+00     0.0000E+00     0.0000E+00     0.5181E+01     0.7442E+00     0.1634E-02     0.0000E+00     0.0000E+00     0.0000E+00     0.3154E+03     0.9315E+02     0.3154E+03     0.4240E-03     0.3027E+01     0.1772E-01     0.7442E+00     0.2126E+02
   365    12    31  2018      67       1  m_2_67               0.6070E+00     0.2504E-01     0.6068E+00     0.6070E+00     0.9416E+02     0.3929E+03     0.0000E+00     0.0000E+00     0.1423E+02     0.0000E+00     0.3129E+03     0.0000E+00     0.9543E+01     0.1109E+01     0.1405E-04     0.0000E+00     0.4203E+00     0.0000E+00     0.2000E+03     0.8252E+01     0.2000E+03     0.3678E+00     0.4303E+02     0.3997E+00     0.1109E+01     0.7035E+01
   365    12    31  2018      68       1  t_1_68               0.1943E+00     0.8446E-01     0.1942E+00     0.1943E+00     0.1920E+01     0.3067E+02     0.0000E+00     0.0000E+00     0.7737E+00     0.0000E+00     0.2952E+02     0.0000E+00     0.5517E+01     0.9085E+00     0.1000E-04     0.0000E+00     0.2161E+00     0.0000E+00     0.7334E+03     0.3187E+03     0.7328E+03     0.1403E-01     0.2016E+02     0.3507E-01     0.9085E+00     0.2476E+01
   365    12    31  2018      69       1  m_2_69               0.2596E+00     0.1232E-01     0.2596E+00     0.2596E+00     0.3716E+02     0.5332E+02     0.0000E+00     0.0000E+00     0.4120E+01     0.0000E+00     0.2028E+02     0.0000E+00     0.7560E+01     0.1074E+01     0.1000E-04     0.0000E+00     0.1836E+00     0.0000E+00     0.2332E+03     0.1106E+02     0.2332E+03     0.1657E-01     0.3069E+02     0.1486E+00     0.1074E+01     0.4468E+01
   365    12    31  2018      70       1  m_2_70               0.3668E+00     0.1632E-01     0.3668E+00     0.3668E+00     0.2629E+02     0.2629E+02     0.0000E+00     0.0000E+00     0.0000E+00     0.2514E+02     0.0000E+00     0.0000E+00     0.7449E+01     0.3317E+02     0.1084E-02     0.1691E+01     0.0000E+00     0.0000E+00     0.3287E+03     0.1463E+02     0.3287E+03     0.1270E-02     0.1547E+02     0.1440E+00     0.1742E+02     0.1349E+05
   365    12    31  2018      71       1  t_1_71               0.1092E+00     0.1063E+00     0.1091E+00     0.1092E+00     0.1523E+01     0.1523E+01     0.0000E+00     0.0000E+00     0.0000E+00     0.1711E+03     0.0000E+00     0.0000E+00     0.4948E+01     0.2241E+03     0.8208E-02     0.1175E+02     0.0000E+00     0.0000E+00     0.5210E+03     0.5074E+03     0.5208E+03     0.1375E-02     0.1149E+02     0.2800E-01     0.1129E+03     0.4115E+07
   365    12    31  2018      72       1  t_1_72               0.1418E-01     0.1274E-01     0.1415E-01     0.1630E-01     0.7720E+00     0.7720E+00     0.0000E+00     0.0000E+00     0.0000E+00     0.1846E+01     0.0000E+00     0.0000E+00     0.5287E+01     0.2249E+01     0.8697E-02     0.7769E-01     0.0000E+00     0.0000E+00     0.1335E+03     0.1200E+03     0.1333E+03     0.1499E-02     0.1905E+01     0.1406E-01     0.1463E+01     0.1695E+03
   365    12    31  2018      73       1  t_1_73               0.2819E-01     0.3363E-02     0.2819E-01     0.9332E-01     0.2014E+01     0.3195E+01     0.0000E+00     0.0000E+00     0.5701E-01     0.0000E+00     0.1238E+01     0.0000E+00     0.5260E+01     0.8872E+00     0.1000E-04     0.0000E+00     0.1049E+00     0.0000E+00     0.1742E+04     0.2078E+03     0.1742E+04     0.1614E-03     0.2546E+01     0.2154E-02     0.8872E+00     0.2270E+01
   365    12    31  2018      74       1  m_2_74               0.4415E+00     0.2967E-01     0.4414E+00     0.4415E+00     0.2918E+02     0.8311E+02     0.0000E+00     0.0000E+00     0.6721E+01     0.0000E+00     0.6066E+02     0.0000E+00     0.7828E+01     0.1129E+01     0.1000E-04     0.0000E+00     0.3007E+00     0.0000E+00     0.2915E+03     0.1959E+02     0.2915E+03     0.2830E-01     0.2455E+02     0.1968E+00     0.1129E+01     0.5031E+01
   365    12    31  2018      75       1  t_1_75               0.4380E-01     0.3687E-01     0.4379E-01     0.4380E-01     0.2188E+01     0.2188E+01     0.0000E+00     0.0000E+00     0.0000E+00     0.0000E+00     0.0000E+00     0.0000E+00     0.5994E+01     0.8198E+00     0.2713E-03     0.0000E+00     0.0000E+00     0.0000E+00     0.1442E+03     0.1214E+03     0.1442E+03     0.6861E-03     0.5663E+01     0.4040E-01     0.8198E+00     0.1176E+02
   365    12    31  2018      76       1  m_2_76               0.3523E+00     0.9269E-01     0.3522E+00     0.3523E+00     0.5333E+02     0.5333E+02     0.0000E+00     0.0000E+00     0.0000E+00     0.1198E+02     0.0000E+00     0.0000E+00     0.7500E+01     0.1332E+02     0.5590E-03     0.6452E+00     0.0000E+00     0.0000E+00     0.3162E+03     0.8319E+02     0.3161E+03     0.2650E-02     0.3881E+02     0.1487E+00     0.7206E+01     0.1321E+04
   365    12    31  2018      77       1  t_1_77               0.2481E-01     0.2461E-01     0.2480E-01     0.8491E-01     0.1062E+00     0.2003E+01     0.0000E+00     0.0000E+00     0.4952E-02     0.0000E+00     0.1901E+01     0.0000E+00     0.5245E+01     0.8774E+00     0.1000E-04     0.0000E+00     0.6319E-01     0.0000E+00     0.1698E+04     0.1684E+04     0.1697E+04     0.7127E-03     0.2219E+01     0.1950E-02     0.8774E+00     0.2222E+01
   365    12    31  2018      78       1  t_1_78               0.8237E-01     0.3958E-01     0.8236E-01     0.8237E-01     0.3072E+01     0.3072E+01     0.0000E+00     0.0000E+00     0.0000E+00     0.1399E+03     0.0000E+00     0.0000E+00     0.5095E+01     0.8869E+02     0.1019E-01     0.4628E+01     0.0000E+00     0.0000E+00     0.3775E+03     0.1814E+03     0.3775E+03     0.1731E-02     0.6967E+01     0.2921E-01     0.4393E+02     0.4097E+06
   365    12    31  2018      79       1  m_1_79               0.4326E-01     0.2895E-01     0.4321E-01     0.4584E-01     0.8493E+00     0.1192E+01     0.0000E+00     0.0000E+00     0.0000E+00     0.0000E+00     0.3431E+00     0.0000E+00     0.5703E+01     0.9006E+00     0.1000E-04     0.0000E+00     0.3863E-02     0.0000E+00     0.3669E+03     0.2455E+03     0.3665E+03     0.1690E-02     0.4402E+01     0.1553E-01     0.9006E+00     0.2520E+01
   365    12    31  2018      80       1  t_2_80               0.1362E+00     0.2168E-01     0.1361E+00     0.1362E+00     0.1338E+02     0.1897E+02     0.0000E+00     0.0000E+00     0.0000E+00     0.0000E+00     0.5587E+01     0.0000E+00     0.6671E+01     0.9066E+00     0.6528E-04     0.0000E+00     0.4262E-01     0.0000E+00     0.1763E+03     0.2807E+02     0.1762E+03     0.1483E-01     0.7196E+01     0.1514E+00     0.9066E+00     0.7595E+01
   365    12    31  2018      81       1  m_3_81               0.3484E+00     0.8392E-02     0.3484E+00     0.3484E+00     0.3298E+02     0.3298E+02     0.0000E+00     0.0000E+00     0.0000E+00     0.5307E+03     0.0000E+00     0.0000E+00     0.8863E+01     0.1387E+03     0.3486E-02     0.7244E+01     0.0000E+00     0.0000E+00     0.1950E+03     0.4697E+01     0.1950E+03     0.2569E-01     0.1306E+02     0.3846E+00     0.6693E+02     0.7455E+06
   365    12    31  2018      82       1  t_2_82               0.1780E+00     0.6777E-02     0.1780E+00     0.1780E+00     0.1593E+02     0.1593E+02     0.0000E+00     0.0000E+00     0.0000E+00     0.6423E+02     0.0000E+00     0.0000E+00     0.5780E+01     0.5837E+02     0.2869E-02     0.3030E+01     0.0000E+00     0.0000E+00     0.2886E+03     0.1099E+02     0.2886E+03     0.1694E-02     0.6928E+01     0.1378E+00     0.2836E+02     0.7226E+05
   365    12    31  2018      83       1  t_1_83               0.2504E-01     0.1272E-01     0.2504E-01     0.2504E-01     0.5345E+01     0.5345E+01     0.0000E+00     0.0000E+00     0.0000E+00     0.2471E-02     0.0000E+00     0.0000E+00     0.5191E+01     0.8079E+00     0.1316E-02     0.4246E-03     0.0000E+00     0.0000E+00     0.1076E+03     0.5468E+02     0.1076E+03     0.5015E-03     0.1931E+01     0.5271E-01     0.8068E+00     0.2190E+02
   365    12    31  2018      84       1  t_1_84               0.8677E-02     0.5637E-02     0.8673E-02     0.8677E-02     0.1196E+02     0.1196E+02     0.0000E+00     0.0000E+00     0.0000E+00     0.0000E+00     0.0000E+00     0.0000E+00     0.5380E+01     0.8304E+00     0.5000E-03     0.0000E+00     0.0000E+00     0.0000E+00     0.3866E+02     0.2512E+02     0.3864E+02     0.2971E-02     0.2684E+01     0.5917E-01     0.8304E+00     0.1468E+02
   365    12    31  2018      85       1  t_1_85               0.7829E-01     0.4869E-01     0.7828E-01     0.9248E-01     0.5120E+01     0.5120E+01     0.0000E+00     0.0000E+00     0.0000E+00     0.1139E+02     0.0000E+00     0.0000E+00     0.5720E+01     0.3077E+02     0.9659E-03     0.1572E+01     0.0000E+00     0.0000E+00     0.7637E+03     0.4749E+03     0.7636E+03     0.5068E-02     0.8062E+01     0.2462E-01     0.1482E+02     0.8683E+04
   365    12    31  2018      86       1  t_1_86               0.3640E-01     0.6580E-02     0.3638E-01     0.3640E-01     0.1058E+02     0.1058E+02     0.0000E+00     0.0000E+00     0.0000E+00     0.1353E+03     0.0000E+00     0.0000E+00     0.5469E+01     0.1525E+02     0.8328E-02     0.7651E+00     0.0000E+00     0.0000E+00     0.5633E+02     0.1018E+02     0.5630E+02     0.9561E-02     0.2102E+01     0.1221E+00     0.7740E+01     0.5186E+04
   365    12    31  2018      87       1  t_1_87               0.1253E-01     0.3755E-02     0.1253E-01     0.1253E-01     0.1236E+02     0.1236E+02     0.0000E+00     0.0000E+00     0.0000E+00     0.2332E+02     0.0000E+00     0.0000E+00     0.4924E+01     0.7609E+01     0.2316E-01     0.3637E+00     0.0000E+00     0.0000E+00     0.5395E+02     0.1616E+02     0.5391E+02     0.7271E-02     0.3101E+01     0.6061E-01     0.3763E+01     0.1799E+04
   365    12    31  2018      88       1  t_1_88               0.2537E-01     0.1764E-01     0.2536E-01     0.2537E-01     0.4952E+01     0.4952E+01     0.0000E+00     0.0000E+00     0.0000E+00     0.1350E+00     0.0000E+00     0.0000E+00     0.5156E+01     0.8571E+00     0.1524E-02     0.4559E-02     0.0000E+00     0.0000E+00     0.1107E+03     0.7693E+02     0.1106E+03     0.2757E-02     0.2244E+01     0.4966E-01     0.8146E+00     0.2381E+02
   365    12    31  2018      89       1  t_1_89               0.2251E-02     0.1612E-02     0.2243E-02     0.4523E-02     0.2514E+01     0.2514E+01     0.0000E+00     0.0000E+00     0.0000E+00     0.0000E+00     0.0000E+00     0.0000E+00     0.5319E+01     0.9334E+00     0.1000E-04     0.0000E+00     0.0000E+00     0.0000E+00     0.4771E+02     0.3416E+02     0.4754E+02     0.3757E-02     0.5942E+00     0.1216E-01     0.9334E+00     0.2501E+01
   365    12    31  2018      90       1  m_2_90               0.1387E+00     0.7036E-03     0.1387E+00     0.1387E+00     0.2632E+02     0.2632E+02     0.0000E+00     0.0000E+00     0.0000E+00     0.7044E-01     0.0000E+00     0.0000E+00     0.6803E+01     0.9601E+00     0.8940E-03     0.5870E-03     0.0000E+00     0.0000E+00     0.1521E+03     0.7714E+00     0.1520E+03     0.2907E-01     0.8591E+01     0.1865E+00     0.9582E+00     0.3145E+02
   365    12    31  2018      91       1  m_2_91               0.6049E-02     0.3706E-02     0.5877E-02     0.6049E-02     0.9218E+01     0.9218E+01     0.0000E+00     0.0000E+00     0.0000E+00     0.0000E+00     0.0000E+00     0.0000E+00     0.9672E+01     0.1087E+01     0.5106E-03     0.0000E+00     0.0000E+00     0.0000E+00     0.1886E+01     0.1155E+01     0.1832E+01     0.9400E-01     0.1832E+01     0.4047E-01     0.1087E+01     0.4159E+02
   365    12    31  2018      92       1  t_1_92               0.5699E-02     0.3105E-02     0.5695E-02     0.5699E-02     0.1021E+02     0.1021E+02     0.0000E+00     0.0000E+00     0.0000E+00     0.4858E-03     0.0000E+00     0.0000E+00     0.4921E+01     0.7933E+00     0.2442E-02     0.2324E-03     0.0000E+00     0.0000E+00     0.2975E+02     0.1621E+02     0.2973E+02     0.2859E-02     0.2114E+01     0.5044E-01     0.7927E+00     0.2748E+02
   365    12    31  2018      93       1  t_2_93               0.1711E+00     0.9260E-02     0.1711E+00     0.1711E+00     0.1526E+02     0.1526E+02     0.0000E+00     0.0000E+00     0.0000E+00     0.1485E+03     0.0000E+00     0.0000E+00     0.5732E+01     0.8497E+02     0.3379E-02     0.4429E+01     0.0000E+00     0.0000E+00     0.2831E+03     0.1532E+02     0.2831E+03     0.1314E-02     0.6150E+01     0.1345E+00     0.4101E+02     0.1997E+06
   365    12    31  2018      94       1  t_1_94               0.5922E-01     0.1878E-01     0.5922E-01     0.1131E+00     0.1396E+01     0.1396E+01     0.0000E+00     0.0000E+00     0.0000E+00     0.3556E+02     0.0000E+00     0.0000E+00     0.4759E+01     0.6277E+02     0.4077E-02     0.3261E+01     0.0000E+00     0.0000E+00     0.1155E+04     0.3661E+03     0.1155E+04     0.8646E-04     0.3262E+01     0.1302E-01     0.3005E+02     0.9751E+05
   365    12    31  2018      95       1  t_2_95               0.9660E-01     0.1349E-01     0.9659E-01     0.9660E-01     0.1185E+02     0.1533E+02     0.0000E+00     0.0000E+00     0.4433E+00     0.0000E+00     0.3929E+01     0.0000E+00     0.5881E+01     0.8338E+00     0.1000E-04     0.0000E+00     0.8073E-01     0.0000E+00     0.1836E+03     0.2563E+02     0.1835E+03     0.8615E-02     0.7603E+01     0.1179E+00     0.8338E+00     0.2281E+01
   365    12    31  2018      96       1  t_1_96               0.2962E-01     0.2839E-01     0.2945E-01     0.3832E-01     0.4839E+01     0.4839E+01     0.0000E+00     0.0000E+00     0.0000E+00     0.2004E+01     0.0000E+00     0.0000E+00     0.5490E+01     0.1217E+01     0.1602E-03     0.1591E-01     0.0000E+00     0.0000E+00     0.3261E+03     0.3126E+03     0.3243E+03     0.2584E-01     0.3352E+01     0.2197E-01     0.1039E+01     0.1245E+02
   365    12    31  2018      97       1  t_1_97               0.7710E-01     0.2571E-03     0.7710E-01     0.8872E-01     0.1818E+01     0.1818E+01     0.0000E+00     0.0000E+00     0.0000E+00     0.4182E+02     0.0000E+00     0.0000E+00     0.5350E+01     0.4952E+02     0.3677E-02     0.2565E+01     0.0000E+00     0.0000E+00     0.7268E+03     0.2423E+01     0.7268E+03     0.5744E-03     0.2733E+01     0.2484E-01     0.2422E+02     0.5376E+05
   365    12    31  2018      98       1  t_1_98               0.3712E-01     0.7335E-03     0.3712E-01     0.3712E-01     0.1056E+02     0.1056E+02     0.0000E+00     0.0000E+00     0.0000E+00     0.2902E+01     0.0000E+00     0.0000E+00     0.5458E+01     0.9199E+01     0.5372E-02     0.4469E+00     0.0000E+00     0.0000E+00     0.5737E+02     0.1134E+01     0.5737E+02     0.7203E-03     0.2177E+01     0.1223E+00     0.4775E+01     0.1445E+04
   365    12    31  2018      99       1  m_3_99               0.3757E+00     0.2058E-01     0.3757E+00     0.3757E+00     0.4491E+02     0.4491E+02     0.0000E+00     0.0000E+00     0.0000E+00     0.0000E+00     0.0000E+00     0.0000E+00     0.1190E+02     0.1211E+01     0.2388E-03     0.0000E+00     0.0000E+00     0.0000E+00     0.7424E+02     0.4066E+01     0.7424E+02     0.6603E-01     0.1744E+02     0.4425E+00     0.1211E+01     0.4187E+02
   365    12    31  2018     100       1  t_1_100              0.7717E-02     0.1731E-02     0.7708E-02     0.7717E-02     0.1133E+02     0.1133E+02     0.0000E+00     0.0000E+00     0.0000E+00     0.3761E+01     0.0000E+00     0.0000E+00     0.4883E+01     0.2023E+01     0.1807E-01     0.6885E-01     0.0000E+00     0.0000E+00     0.3622E+02     0.8124E+01     0.3618E+02     0.5819E-02     0.2465E+01     0.5557E-01     0.1329E+01     0.1902E+03
   365    12    31  2018     101       1  t_2_101              0.1639E+00     0.7774E-02     0.1639E+00     0.1639E+00     0.1793E+02     0.3178E+02     0.0000E+00     0.0000E+00     0.2095E+01     0.0000E+00     0.1595E+02     0.0000E+00     0.6022E+01     0.8617E+00     0.1000E-04     0.0000E+00     0.1563E+00     0.0000E+00     0.2731E+03     0.1295E+02     0.2731E+03     0.1972E-01     0.1178E+02     0.1368E+00     0.8617E+00     0.2468E+01
   365    12    31  2018     102       1  t_1_102              0.4106E-01     0.1054E-01     0.4105E-01     0.8060E-01     0.2610E+01     0.2610E+01     0.0000E+00     0.0000E+00     0.0000E+00     0.6596E+03     0.0000E+00     0.0000E+00     0.4759E+01     0.1870E+03     0.3143E-01     0.9798E+01     0.0000E+00     0.0000E+00     0.8369E+03     0.2148E+03     0.8368E+03     0.1393E-02     0.3921E+01     0.1264E-01     0.8895E+02     0.4477E+07
   365    12    31  2018     103       1  t_1_103              0.1572E-01     0.1337E-01     0.1571E-01     0.2864E-01     0.2903E+01     0.2903E+01     0.0000E+00     0.0000E+00     0.0000E+00     0.1406E+03     0.0000E+00     0.0000E+00     0.4756E+01     0.5262E+02     0.3067E-01     0.2729E+01     0.0000E+00     0.0000E+00     0.2842E+03     0.2417E+03     0.2841E+03     0.1811E-02     0.1843E+01     0.1405E-01     0.2508E+02     0.1707E+06
   365    12    31  2018     104       1  t_2_104              0.2032E+00     0.2464E-01     0.2032E+00     0.2032E+00     0.1798E+02     0.1798E+02     0.0000E+00     0.0000E+00     0.0000E+00     0.9492E+03     0.0000E+00     0.0000E+00     0.5873E+01     0.2119E+03     0.1019E-01     0.1111E+02     0.0000E+00     0.0000E+00     0.3100E+03     0.3759E+02     0.3100E+03     0.5494E-02     0.9450E+01     0.1475E+00     0.1014E+03     0.3636E+07
   365    12    31  2018     105       1  t_2_105              0.6627E-01     0.1586E-01     0.6627E-01     0.6627E-01     0.1030E+02     0.1026E+02     0.0000E+00     0.0000E+00     0.4910E+00     0.0000E+00     0.4500E+00     0.0000E+00     0.5887E+01     0.8572E+00     0.1000E-04     0.0000E+00     0.3178E-01     0.0000E+00     0.1433E+03     0.3428E+02     0.1433E+03     0.2330E-02     0.5555E+01     0.1025E+00     0.8572E+00     0.2392E+01
   365    12    31  2018     106       1  t_1_106              0.1680E-01     0.1283E-02     0.1680E-01     0.2894E-01     0.1404E+01     0.1404E+01     0.0000E+00     0.0000E+00     0.0000E+00     0.4219E+01     0.0000E+00     0.0000E+00     0.4740E+01     0.8858E+01     0.7441E-02     0.4291E+00     0.0000E+00     0.0000E+00     0.2786E+03     0.2128E+02     0.2785E+03     0.2391E-03     0.7893E+00     0.1464E-01     0.4322E+01     0.1351E+04
   365    12    31  2018     107       1  t_1_107              0.3144E-01     0.2309E-01     0.3138E-01     0.3144E-01     0.3284E+02     0.3284E+02     0.0000E+00     0.0000E+00     0.0000E+00     0.4376E+00     0.0000E+00     0.0000E+00     0.5611E+01     0.9277E+00     0.1402E-02     0.5101E-02     0.0000E+00     0.0000E+00     0.5101E+02     0.3747E+02     0.5092E+02     0.4253E-01     0.7825E+01     0.1605E+00     0.8780E+00     0.2816E+02
   365    12    31  2018     108       1  t_1_108              0.3033E-01     0.2986E-01     0.3032E-01     0.7241E-01     0.1849E+01     0.1849E+01     0.0000E+00     0.0000E+00     0.0000E+00     0.2124E+00     0.0000E+00     0.0000E+00     0.5206E+01     0.2382E+01     0.4795E-03     0.7658E-01     0.0000E+00     0.0000E+00     0.8740E+03     0.8604E+03     0.8738E+03     0.6432E-03     0.2847E+01     0.9083E-02     0.1502E+01     0.4073E+02
   365    12    31  2018     109       1  m_3_109              0.1434E+01     0.1310E-01     0.1434E+01     0.1434E+01     0.3344E+03     0.4286E+03     0.0000E+00     0.0000E+00     0.4611E+02     0.0000E+00     0.1403E+03     0.0000E+00     0.1258E+02     0.1279E+01     0.3232E-04     0.0000E+00     0.4105E+01     0.0000E+00     0.2025E+03     0.1851E+01     0.2025E+03     0.9908E-01     0.8823E+02     0.2528E+01     0.1279E+01     0.1782E+02
   365    12    31  2018     110       1  m_3_110              0.1197E+01     0.5271E-01     0.1197E+01     0.1197E+01     0.2760E+03     0.2760E+03     0.0000E+00     0.0000E+00     0.0000E+00     0.2003E+04     0.0000E+00     0.0000E+00     0.1181E+02     0.1596E+03     0.2256E-02     0.8333E+01     0.0000E+00     0.0000E+00     0.1960E+03     0.8630E+01     0.1960E+03     0.1138E+00     0.5564E+02     0.1621E+01     0.8033E+02     0.9413E+06
   365    12    31  2018     111       1  m_3_111              0.1077E+01     0.2060E-01     0.1077E+01     0.1077E+01     0.2649E+03     0.2649E+03     0.0000E+00     0.0000E+00     0.0000E+00     0.3295E+02     0.0000E+00     0.0000E+00     0.1187E+02     0.4596E+01     0.1027E-02     0.1804E+00     0.0000E+00     0.0000E+00     0.1873E+03     0.3582E+01     0.1873E+03     0.3507E+00     0.4707E+02     0.1327E+01     0.2671E+01     0.3660E+03
   365    12    31  2018     112       1  t_1_112              0.2732E-01     0.2564E-01     0.2731E-01     0.5898E-01     0.2451E+01     0.2451E+01     0.0000E+00     0.0000E+00     0.0000E+00     0.4514E+03     0.0000E+00     0.0000E+00     0.3836E+01     0.1024E+03     0.1537E-01     0.5348E+01     0.0000E+00     0.0000E+00     0.6548E+03     0.6144E+03     0.6545E+03     0.1433E-02     0.2807E+01     0.3896E-01     0.4753E+02     0.6186E+06
   365    12    31  2018     113       1  m_3_113              0.1235E+01     0.4463E-02     0.1235E+01     0.1235E+01     0.2914E+03     0.2914E+03     0.0000E+00     0.0000E+00     0.0000E+00     0.8524E+03     0.0000E+00     0.0000E+00     0.1182E+02     0.2632E+03     0.2521E-02     0.1378E+02     0.0000E+00     0.0000E+00     0.1940E+03     0.7010E+00     0.1940E+03     0.1345E+00     0.6240E+02     0.1863E+01     0.1318E+03     0.3560E+07
   365    12    31  2018     114       1  t_2_114              0.1316E+00     0.8936E-02     0.1316E+00     0.1316E+00     0.3602E+02     0.3602E+02     0.0000E+00     0.0000E+00     0.0000E+00     0.3722E+02     0.0000E+00     0.0000E+00     0.5873E+01     0.1702E+02     0.1680E-02     0.8474E+00     0.0000E+00     0.0000E+00     0.2148E+03     0.1458E+02     0.2147E+03     0.4672E-01     0.1909E+02     0.5731E+00     0.7838E+01     0.2647E+04
   365    12    31  2018     115       1  t_2_115              0.1151E+00     0.5710E-01     0.1151E+00     0.1151E+00     0.2497E+02     0.2497E+02     0.0000E+00     0.0000E+00     0.0000E+00     0.9427E+02     0.0000E+00     0.0000E+00     0.5682E+01     0.8948E+02     0.5809E-02     0.4665E+01     0.0000E+00     0.0000E+00     0.2710E+03     0.1344E+03     0.2710E+03     0.3025E-02     0.1498E+02     0.3974E+00     0.4122E+02     0.2739E+06
   365    12    31  2018     116       1  t_1_116              0.5190E-01     0.2165E-01     0.5188E-01     0.5620E-01     0.6727E+01     0.6727E+01     0.0000E+00     0.0000E+00     0.0000E+00     0.5645E+00     0.0000E+00     0.0000E+00     0.5571E+01     0.1067E+01     0.1176E-02     0.1332E-01     0.0000E+00     0.0000E+00     0.4524E+03     0.1887E+03     0.4522E+03     0.4989E-02     0.5796E+01     0.1071E+00     0.9097E+00     0.2728E+02
   365    12    31  2018     117       1  t_1_117              0.2931E-01     0.2928E-01     0.2931E-01     0.1433E+00     0.4191E-01     0.9786E+00     0.0000E+00     0.0000E+00     0.8606E-02     0.0000E+00     0.9453E+00     0.0000E+00     0.4793E+01     0.9086E+00     0.1000E-04     0.0000E+00     0.5474E+00     0.0000E+00     0.4108E+05     0.4104E+05     0.4108E+05     0.1607E-03     0.2271E+01     0.6641E-03     0.9086E+00     0.2160E+01
   365    12    31  2018     118       1  m_3_118              0.1389E+01     0.2052E-01     0.1389E+01     0.1389E+01     0.3298E+03     0.3298E+03     0.0000E+00     0.0000E+00     0.0000E+00     0.8693E+02     0.0000E+00     0.0000E+00     0.1240E+02     0.8841E+02     0.1378E-02     0.4588E+01     0.0000E+00     0.0000E+00     0.1979E+03     0.2924E+01     0.1979E+03     0.5398E-01     0.8374E+02     0.2470E+01     0.4362E+02     0.1659E+06
   365    12    31  2018     119       1  t_1_119              0.5298E-01     0.2209E-01     0.5297E-01     0.5298E-01     0.7170E+01     0.7170E+01     0.0000E+00     0.0000E+00     0.0000E+00     0.3216E+02     0.0000E+00     0.0000E+00     0.5327E+01     0.2945E+02     0.6148E-02     0.1501E+01     0.0000E+00     0.0000E+00     0.1401E+03     0.5842E+02     0.1401E+03     0.7861E-02     0.3558E+01     0.2057E+00     0.1486E+02     0.1917E+05
   365    12    31  2018     120       1  t_1_120              0.2805E-01     0.1481E-01     0.2794E-01     0.2805E-01     0.1929E+02     0.1780E+02     0.0000E+00     0.0000E+00     0.1845E+01     0.0000E+00     0.3563E+00     0.0000E+00     0.5861E+01     0.1032E+01     0.1000E-04     0.0000E+00     0.1828E-02     0.0000E+00     0.8543E+02     0.4509E+02     0.8508E+02     0.7366E-01     0.6920E+01     0.3062E+00     0.1032E+01     0.3261E+01
   365    12    31  2018     121       1  t_1_121              0.2215E-01     0.2029E-01     0.2214E-01     0.4509E-01     0.2713E+01     0.2713E+01     0.0000E+00     0.0000E+00     0.0000E+00     0.1571E+03     0.0000E+00     0.0000E+00     0.4448E+01     0.2840E+02     0.1920E-01     0.1455E+01     0.0000E+00     0.0000E+00     0.4797E+03     0.4394E+03     0.4795E+03     0.1726E-02     0.2324E+01     0.4312E-01     0.1257E+02     0.2568E+05
   365    12    31  2018     122       1  t_1_122              0.6570E-01     0.6946E-02     0.6569E-01     0.6570E-01     0.1671E+02     0.1671E+02     0.0000E+00     0.0000E+00     0.0000E+00     0.3726E+03     0.0000E+00     0.0000E+00     0.5594E+01     0.6196E+02     0.1924E-01     0.3220E+01     0.0000E+00     0.0000E+00     0.2304E+03     0.2436E+02     0.2304E+03     0.7215E-02     0.9352E+01     0.2665E+00     0.2848E+02     0.1959E+06
   365    12    31  2018     123       1  t_1_123              0.3010E-01     0.2311E-01     0.3007E-01     0.3010E-01     0.1018E+02     0.1018E+02     0.0000E+00     0.0000E+00     0.0000E+00     0.4499E+02     0.0000E+00     0.0000E+00     0.4736E+01     0.6302E+01     0.1193E-01     0.2913E+00     0.0000E+00     0.0000E+00     0.1737E+03     0.1334E+03     0.1736E+03     0.9953E-02     0.4782E+01     0.1619E+00     0.3173E+01     0.8626E+03
   365    12    31  2018     124       1  t_1_124              0.6351E-02     0.6281E-02     0.6350E-02     0.3010E-01     0.1023E+00     0.1066E+00     0.0000E+00     0.0000E+00     0.0000E+00     0.0000E+00     0.4356E-02     0.0000E+00     0.4690E+01     0.8816E+00     0.1000E-04     0.0000E+00     0.1232E-03     0.0000E+00     0.3648E+04     0.3608E+04     0.3647E+04     0.3461E-03     0.4890E+00     0.1623E-02     0.8816E+00     0.2009E+01
   365    12    31  2018     125       1  t_1_125              0.6037E-01     0.5258E-01     0.6036E-01     0.1382E+00     0.2208E+01     0.2208E+01     0.0000E+00     0.0000E+00     0.0000E+00     0.1260E+04     0.0000E+00     0.0000E+00     0.4066E+01     0.2042E+03     0.2126E-01     0.1070E+02     0.0000E+00     0.0000E+00     0.1609E+04     0.1401E+04     0.1609E+04     0.1130E-02     0.4831E+01     0.3504E-01     0.9481E+02     0.4334E+07
   365    12    31  2018     126       1  t_1_126              0.3546E-01     0.2062E-01     0.3544E-01     0.3546E-01     0.2161E+02     0.2161E+02     0.0000E+00     0.0000E+00     0.0000E+00     0.7714E+02     0.0000E+00     0.0000E+00     0.5317E+01     0.8917E+01     0.9245E-02     0.4314E+00     0.0000E+00     0.0000E+00     0.9639E+02     0.5606E+02     0.9635E+02     0.1530E-01     0.7944E+01     0.3442E+00     0.4376E+01     0.1617E+04
   365    12    31  2018     127       1  t_1_127              0.2786E-01     0.1681E-01     0.2784E-01     0.2786E-01     0.1829E+02     0.1829E+02     0.0000E+00     0.0000E+00     0.0000E+00     0.2268E+02     0.0000E+00     0.0000E+00     0.5286E+01     0.8049E+01     0.5223E-02     0.3772E+00     0.0000E+00     0.0000E+00     0.8852E+02     0.5341E+02     0.8846E+02     0.1173E-01     0.4771E+01     0.1998E+00     0.4127E+01     0.1030E+04
   365    12    31  2018     128       1  m_2_128              0.3187E+00     0.9331E-02     0.3187E+00     0.3187E+00     0.5823E+02     0.5823E+02     0.0000E+00     0.0000E+00     0.0000E+00     0.6409E+03     0.0000E+00     0.0000E+00     0.6912E+01     0.1646E+03     0.3787E-02     0.8604E+01     0.0000E+00     0.0000E+00     0.2344E+03     0.6864E+01     0.2344E+03     0.1794E-01     0.2555E+02     0.8331E+00     0.7549E+02     0.1073E+07
   365    12    31  2018     129       1  t_1_129              0.6713E-02     0.6609E-03     0.6670E-02     0.6713E-02     0.1361E+02     0.1361E+02     0.0000E+00     0.0000E+00     0.0000E+00     0.3430E+01     0.0000E+00     0.0000E+00     0.4759E+01     0.8976E+00     0.8877E-02     0.1222E-01     0.0000E+00     0.0000E+00     0.2870E+02     0.2825E+01     0.2852E+02     0.2794E-01     0.2166E+01     0.1479E+00     0.8107E+00     0.5285E+02
   365    12    31  2018     130       1  t_2_130              0.1375E+00     0.8260E-02     0.1375E+00     0.1375E+00     0.3194E+02     0.3194E+02     0.0000E+00     0.0000E+00     0.0000E+00     0.1063E+02     0.0000E+00     0.0000E+00     0.5788E+01     0.1471E+03     0.9592E-02     0.7697E+01     0.0000E+00     0.0000E+00     0.2346E+03     0.1410E+02     0.2346E+03     0.8383E-03     0.1581E+02     0.3704E+00     0.6715E+02     0.1254E+07
   365    12    31  2018     131       1  t_1_131              0.1202E-01     0.4507E-02     0.1194E-01     0.1202E-01     0.1689E+02     0.1689E+02     0.0000E+00     0.0000E+00     0.0000E+00     0.6412E+01     0.0000E+00     0.0000E+00     0.5355E+01     0.2912E+01     0.3746E-02     0.1142E+00     0.0000E+00     0.0000E+00     0.4140E+02     0.1553E+02     0.4113E+02     0.4654E-01     0.3022E+01     0.1833E+00     0.1725E+01     0.1533E+03
   365    12    31  2018     132       1  t_1_132              0.5568E-01     0.2756E-01     0.5567E-01     0.5568E-01     0.1687E+02     0.1687E+02     0.0000E+00     0.0000E+00     0.0000E+00     0.1129E+01     0.0000E+00     0.0000E+00     0.5234E+01     0.7255E+01     0.2710E-02     0.3383E+00     0.0000E+00     0.0000E+00     0.1906E+03     0.9437E+02     0.1906E+03     0.2100E-02     0.6782E+01     0.1848E+00     0.3709E+01     0.5951E+03
   365    12    31  2018     133       1  t_1_133              0.4673E-02     0.2917E-02     0.4661E-02     0.7440E-02     0.3948E+01     0.3948E+01     0.0000E+00     0.0000E+00     0.0000E+00     0.1621E+00     0.0000E+00     0.0000E+00     0.4688E+01     0.8144E+00     0.5897E-02     0.2799E-02     0.0000E+00     0.0000E+00     0.6885E+02     0.4298E+02     0.6868E+02     0.3705E-02     0.8871E+00     0.4298E-01     0.8075E+00     0.4203E+02
   365    12    31  2018     134       1  t_2_134              0.1625E+00     0.2333E-01     0.1625E+00     0.1625E+00     0.3569E+02     0.3569E+02     0.0000E+00     0.0000E+00     0.0000E+00     0.1668E+03     0.0000E+00     0.0000E+00     0.5904E+01     0.1940E+03     0.4469E-02     0.1016E+02     0.0000E+00     0.0000E+00     0.2498E+03     0.3587E+02     0.2498E+03     0.1792E-01     0.1856E+02     0.4113E+00     0.8918E+02     0.1776E+07
   365    12    31  2018     135       1  m_1_135              0.1261E-01     0.7941E-02     0.1260E-01     0.2632E-01     0.2573E+01     0.2573E+01     0.0000E+00     0.0000E+00     0.0000E+00     0.3163E+02     0.0000E+00     0.0000E+00     0.4020E+01     0.5622E+01     0.1218E-01     0.2579E+00     0.0000E+00     0.0000E+00     0.2850E+03     0.1795E+03     0.2848E+03     0.1957E-02     0.1436E+01     0.2799E-01     0.2912E+01     0.6442E+03
   365    12    31  2018     136       1  m_2_136              0.1874E+00     0.1387E-01     0.1874E+00     0.1874E+00     0.2162E+02     0.2162E+02     0.0000E+00     0.0000E+00     0.0000E+00     0.3701E+03     0.0000E+00     0.0000E+00     0.5873E+01     0.1381E+03     0.4606E-02     0.7214E+01     0.0000E+00     0.0000E+00     0.2570E+03     0.1902E+02     0.2570E+03     0.6264E-02     0.1011E+02     0.4330E+00     0.6327E+02     0.7407E+06
   365    12    31  2018     137       1  t_1_137              0.3681E-02     0.3523E-02     0.3681E-02     0.1543E-01     0.3553E+00     0.3553E+00     0.0000E+00     0.0000E+00     0.0000E+00     0.2313E-01     0.0000E+00     0.0000E+00     0.4007E+01     0.1402E+01     0.3500E-02     0.2740E-01     0.0000E+00     0.0000E+00     0.6028E+03     0.5769E+03     0.6027E+03     0.2058E-03     0.3703E+00     0.3881E-02     0.1112E+01     0.4890E+02
   365    12    31  2018     138       1  t_1_138              0.7354E-01     0.5694E-01     0.7354E-01     0.7354E-01     0.1498E+02     0.1498E+02     0.0000E+00     0.0000E+00     0.0000E+00     0.1175E-02     0.0000E+00     0.0000E+00     0.5961E+01     0.8597E+00     0.6316E-03     0.4261E-03     0.0000E+00     0.0000E+00     0.2515E+03     0.1947E+03     0.2515E+03     0.2343E-02     0.8223E+01     0.1846E+00     0.8587E+00     0.1930E+02
   365    12    31  2018     139       1  t_1_139              0.5057E-01     0.4493E-01     0.5051E-01     0.5057E-01     0.1269E+02     0.1269E+02     0.0000E+00     0.0000E+00     0.0000E+00     0.3024E+02     0.0000E+00     0.0000E+00     0.5019E+01     0.6164E+01     0.9502E-02     0.2785E+00     0.0000E+00     0.0000E+00     0.2319E+03     0.2060E+03     0.2316E+03     0.1335E-01     0.5636E+01     0.1383E+00     0.3298E+01     0.8350E+03
   365    12    31  2018     140       1  m_2_140              0.2579E+00     0.4106E-01     0.2579E+00     0.2579E+00     0.4334E+02     0.4334E+02     0.0000E+00     0.0000E+00     0.0000E+00     0.1010E+04     0.0000E+00     0.0000E+00     0.6516E+01     0.1838E+03     0.5641E-02     0.9621E+01     0.0000E+00     0.0000E+00     0.2337E+03     0.3721E+02     0.2337E+03     0.1877E-01     0.1865E+02     0.6706E+00     0.8396E+02     0.1728E+07
   365    12    31  2018     141       1  t_1_141              0.2779E-01     0.1995E-01     0.2778E-01     0.2779E-01     0.1611E+02     0.1611E+02     0.0000E+00     0.0000E+00     0.0000E+00     0.0000E+00     0.0000E+00     0.0000E+00     0.5554E+01     0.9171E+00     0.7505E-03     0.0000E+00     0.0000E+00     0.0000E+00     0.9960E+02     0.7151E+02     0.9956E+02     0.5956E-02     0.4073E+01     0.1765E+00     0.9171E+00     0.2194E+02
   365    12    31  2018     142       1  t_1_142              0.1655E-01     0.4609E-02     0.1655E-01     0.1655E-01     0.1670E+02     0.1485E+02     0.0000E+00     0.0000E+00     0.1862E+01     0.0000E+00     0.1032E-01     0.0000E+00     0.5887E+01     0.4808E+00     0.1000E-04     0.0000E+00     0.7439E-02     0.0000E+00     0.5701E+02     0.1588E+02     0.5701E+02     0.9892E-03     0.3357E+01     0.1833E+00     0.4808E+00     0.9085E+00
   365    12    31  2018     143       1  t_2_143              0.1087E+00     0.5457E-02     0.1087E+00     0.1087E+00     0.1141E+02     0.1141E+02     0.0000E+00     0.0000E+00     0.0000E+00     0.2400E+02     0.0000E+00     0.0000E+00     0.6676E+01     0.2619E+02     0.3056E-02     0.1333E+01     0.0000E+00     0.0000E+00     0.1404E+03     0.7047E+01     0.1404E+03     0.3982E-02     0.5182E+01     0.2231E+00     0.1258E+02     0.1087E+05
   365    12    31  2018     144       1  t_1_144              0.6022E-01     0.2460E-01     0.6013E-01     0.6022E-01     0.1853E+02     0.1853E+02     0.0000E+00     0.0000E+00     0.0000E+00     0.4519E-01     0.0000E+00     0.0000E+00     0.6963E+01     0.9520E+00     0.2228E-03     0.2233E-03     0.0000E+00     0.0000E+00     0.1443E+03     0.5894E+02     0.1441E+03     0.1318E+00     0.1009E+02     0.1451E+00     0.9514E+00     0.1588E+02
   365    12    31  2018     145       1  t_1_145              0.7185E-01     0.4865E-02     0.7177E-01     0.7612E-01     0.5661E+01     0.7882E+01     0.0000E+00     0.0000E+00     0.0000E+00     0.0000E+00     0.2221E+01     0.0000E+00     0.5780E+01     0.1098E+01     0.1335E-04     0.0000E+00     0.9371E-01     0.0000E+00     0.6092E+03     0.4125E+02     0.6085E+03     0.2868E-01     0.7608E+01     0.4108E-01     0.1098E+01     0.4129E+01
   365    12    31  2018     146       1  t_2_146              0.2603E+00     0.2263E-02     0.2602E+00     0.2603E+00     0.1477E+02     0.4415E+02     0.0000E+00     0.0000E+00     0.2049E+01     0.0000E+00     0.3143E+02     0.0000E+00     0.7762E+01     0.1060E+01     0.1000E-04     0.0000E+00     0.1517E+00     0.0000E+00     0.2525E+03     0.2196E+01     0.2525E+03     0.3927E-01     0.1323E+02     0.3051E+00     0.1060E+01     0.4491E+01
   365    12    31  2018     147       1  t_1_147              0.5683E-02     0.1257E-02     0.5682E-02     0.1054E-01     0.2396E+01     0.2396E+01     0.0000E+00     0.0000E+00     0.0000E+00     0.0000E+00     0.0000E+00     0.0000E+00     0.4897E+01     0.6858E+00     0.5950E-02     0.0000E+00     0.0000E+00     0.0000E+00     0.1056E+03     0.2336E+02     0.1056E+03     0.1203E-02     0.1154E+01     0.1879E-01     0.6858E+00     0.3344E+02
   365    12    31  2018     148       1  m_3_148              0.2177E+01     0.1671E-01     0.2177E+01     0.2177E+01     0.3875E+03     0.4917E+03     0.0000E+00     0.0000E+00     0.5988E+02     0.0000E+00     0.1641E+03     0.0000E+00     0.1423E+02     0.1322E+01     0.1000E-04     0.0000E+00     0.1972E+01     0.0000E+00     0.2181E+03     0.1674E+01     0.2181E+03     0.3809E+00     0.1409E+03     0.3870E+01     0.1322E+01     0.1185E+02
   365    12    31  2018     149       1  t_1_149              0.4307E-02     0.2181E-02     0.4303E-02     0.8270E-02     0.2308E+01     0.2308E+01     0.0000E+00     0.0000E+00     0.0000E+00     0.2328E+01     0.0000E+00     0.0000E+00     0.4038E+01     0.1136E+01     0.3457E-01     0.2600E-01     0.0000E+00     0.0000E+00     0.8469E+02     0.4289E+02     0.8461E+02     0.3756E-02     0.9971E+00     0.1777E-01     0.9444E+00     0.1168E+03
   365    12    31  2018     150       1  m_3_150              0.1828E+01     0.5216E-02     0.1828E+01     0.1828E+01     0.5003E+03     0.5003E+03     0.0000E+00     0.0000E+00     0.0000E+00     0.3189E+03     0.0000E+00     0.0000E+00     0.1303E+02     0.4986E+02     0.6264E-03     0.2558E+01     0.0000E+00     0.0000E+00     0.2105E+03     0.6007E+00     0.2105E+03     0.6225E+00     0.1232E+03     0.3482E+01     0.2422E+02     0.2837E+05
   365    12    31  2018     151       1  t_1_151              0.9167E-01     0.1906E-01     0.9167E-01     0.9167E-01     0.8576E+01     0.8576E+01     0.0000E+00     0.0000E+00     0.0000E+00     0.4866E-02     0.0000E+00     0.0000E+00     0.5935E+01     0.1083E+01     0.7031E-03     0.2172E-03     0.0000E+00     0.0000E+00     0.6638E+03     0.1381E+03     0.6638E+03     0.6443E-02     0.9596E+01     0.4809E-01     0.1082E+01     0.2999E+02
   365    12    31  2018     152       1  m_3_152              0.2124E+01     0.1255E-01     0.2124E+01     0.2124E+01     0.2814E+03     0.2517E+03     0.0000E+00     0.0000E+00     0.3838E+02     0.0000E+00     0.8694E+01     0.0000E+00     0.1419E+02     0.1319E+01     0.1000E-04     0.0000E+00     0.1956E+01     0.0000E+00     0.2172E+03     0.1283E+01     0.2172E+03     0.1554E-01     0.1341E+03     0.3800E+01     0.1319E+01     0.1178E+02
   365    12    31  2018     153       1  t_1_153              0.9852E-01     0.6469E-02     0.9848E-01     0.9852E-01     0.8936E+01     0.1283E+02     0.0000E+00     0.0000E+00     0.3159E+00     0.0000E+00     0.4212E+01     0.0000E+00     0.5959E+01     0.1159E+01     0.1000E-04     0.0000E+00     0.2165E+00     0.0000E+00     0.6692E+03     0.4395E+02     0.6690E+03     0.2675E-01     0.1028E+02     0.5113E-01     0.1159E+01     0.4031E+01
   365    12    31  2018     154       1  t_1_154              0.6580E-01     0.6207E-01     0.6579E-01     0.8621E-01     0.4053E+01     0.4385E+01     0.0000E+00     0.0000E+00     0.4233E+00     0.0000E+00     0.7556E+00     0.0000E+00     0.5800E+01     0.1066E+01     0.1000E-04     0.0000E+00     0.1872E+00     0.0000E+00     0.7369E+03     0.6951E+03     0.7367E+03     0.3726E-02     0.6762E+01     0.3126E-01     0.1066E+01     0.3407E+01
   365    12    31  2018     155       1  t_1_155              0.7326E-02     0.4324E-02     0.7315E-02     0.1122E-01     0.3260E+01     0.3260E+01     0.0000E+00     0.0000E+00     0.0000E+00     0.4165E+01     0.0000E+00     0.0000E+00     0.5089E+01     0.1652E+01     0.2295E-01     0.4823E-01     0.0000E+00     0.0000E+00     0.1020E+03     0.6019E+02     0.1018E+03     0.1153E-01     0.1502E+01     0.2505E-01     0.1263E+01     0.1983E+03
   365    12    31  2018     156       1  m_3_156              0.2516E+01     0.4829E-02     0.2516E+01     0.2516E+01     0.6318E+03     0.6224E+03     0.0000E+00     0.0000E+00     0.9480E+01     0.6541E+03     0.0000E+00     0.0000E+00     0.1436E+02     0.4874E+02     0.2465E-03     0.2494E+01     0.0000E+00     0.0000E+00     0.2197E+03     0.4218E+00     0.2197E+03     0.2150E+01     0.1867E+03     0.4383E+01     0.2396E+02     0.1764E+05
   365    12    31  2018     157       1  m_3_157              0.2407E+01     0.6764E-01     0.2407E+01     0.2407E+01     0.5588E+03     0.5874E+03     0.0000E+00     0.0000E+00     0.8898E+00     0.2920E+02     0.2956E+02     0.0000E+00     0.1430E+02     0.1711E+02     0.1390E-03     0.8300E+00     0.4060E+00     0.0000E+00     0.2298E+03     0.6459E+01     0.2298E+03     0.3083E+00     0.1654E+03     0.4042E+01     0.8612E+01     0.1477E+04
   365    12    31  2018     158       1  m_3_158              0.2798E+01     0.3326E-01     0.2798E+01     0.2798E+01     0.6699E+03     0.6699E+03     0.0000E+00     0.0000E+00     0.0000E+00     0.5029E+02     0.0000E+00     0.0000E+00     0.1482E+02     0.1939E+02     0.5207E-03     0.9528E+00     0.0000E+00     0.0000E+00     0.2220E+03     0.2639E+01     0.2220E+03     0.3538E+00     0.2182E+03     0.4783E+01     0.9552E+01     0.3664E+04
   365    12    31  2018     159       1  t_2_159              0.2503E+00     0.4277E-01     0.2503E+00     0.2503E+00     0.1018E+02     0.1018E+02     0.0000E+00     0.0000E+00     0.0000E+00     0.1559E+00     0.0000E+00     0.0000E+00     0.7357E+01     0.1077E+01     0.2607E-03     0.1441E-02     0.0000E+00     0.0000E+00     0.2695E+03     0.4605E+02     0.2695E+03     0.1005E-01     0.1109E+02     0.2695E+00     0.1070E+01     0.2208E+02
   365    12    31  2018     160       1  m_1_160              0.4155E-01     0.2800E-01     0.4154E-01     0.4155E-01     0.6261E+01     0.6261E+01     0.0000E+00     0.0000E+00     0.0000E+00     0.1472E+02     0.0000E+00     0.0000E+00     0.4907E+01     0.7706E+01     0.3479E-02     0.3660E+00     0.0000E+00     0.0000E+00     0.2970E+03     0.2001E+03     0.2969E+03     0.1286E-01     0.5078E+01     0.4881E-01     0.4068E+01     0.7833E+03
   365    12    31  2018     161       1  m_3_161              0.2324E+01     0.3853E-01     0.2324E+01     0.2324E+01     0.4933E+03     0.5515E+03     0.0000E+00     0.0000E+00     0.1852E+02     0.0000E+00     0.7675E+02     0.0000E+00     0.1431E+02     0.1326E+01     0.1438E-04     0.0000E+00     0.2892E+01     0.0000E+00     0.2253E+03     0.3736E+01     0.2253E+03     0.1273E+00     0.1564E+03     0.3986E+01     0.1326E+01     0.1437E+02
   365    12    31  2018     162       1  t_2_162              0.2710E+00     0.1112E-01     0.2710E+00     0.2710E+00     0.2369E+02     0.2369E+02     0.0000E+00     0.0000E+00     0.0000E+00     0.1192E+02     0.0000E+00     0.0000E+00     0.7625E+01     0.1140E+02     0.1353E-02     0.5465E+00     0.0000E+00     0.0000E+00     0.2484E+03     0.1019E+02     0.2484E+03     0.1427E-01     0.8839E+01     0.3163E+00     0.5869E+01     0.1389E+04
   365    12    31  2018     163       1  m_3_163              0.2667E+01     0.4325E-01     0.2667E+01     0.2667E+01     0.6668E+03     0.6618E+03     0.0000E+00     0.0000E+00     0.4960E+01     0.6082E+03     0.0000E+00     0.0000E+00     0.1472E+02     0.6454E+02     0.3433E-03     0.3326E+01     0.0000E+00     0.0000E+00     0.2146E+03     0.3482E+01     0.2146E+03     0.1430E+01     0.2110E+03     0.4723E+01     0.3154E+02     0.3974E+05
   365    12    31  2018     164       1  t_1_164              0.2204E-01     0.1920E-01     0.2202E-01     0.3507E-01     0.3083E+01     0.3083E+01     0.0000E+00     0.0000E+00     0.0000E+00     0.5803E+02     0.0000E+00     0.0000E+00     0.4753E+01     0.6091E+01     0.1101E-01     0.2838E+00     0.0000E+00     0.0000E+00     0.3245E+03     0.2827E+03     0.3242E+03     0.1086E-01     0.2564E+01     0.2369E-01     0.3299E+01     0.8787E+03
   365    12    31  2018     165       1  t_1_165              0.6743E-01     0.6386E-01     0.6741E-01     0.9127E-01     0.3877E+01     0.3877E+01     0.0000E+00     0.0000E+00     0.0000E+00     0.3562E+02     0.0000E+00     0.0000E+00     0.4583E+01     0.7018E+02     0.6486E-02     0.3651E+01     0.0000E+00     0.0000E+00     0.7894E+03     0.7476E+03     0.7892E+03     0.7633E-02     0.6252E+01     0.2985E-01     0.3337E+02     0.1609E+06
   365    12    31  2018     166       1  m_3_166              0.2111E+01     0.1204E-01     0.2111E+01     0.2111E+01     0.5245E+03     0.2813E+03     0.0000E+00     0.0000E+00     0.2675E+03     0.0000E+00     0.2431E+02     0.0000E+00     0.1419E+02     0.1319E+01     0.1000E-04     0.0000E+00     0.1987E+01     0.0000E+00     0.2159E+03     0.1231E+01     0.2159E+03     0.4322E-01     0.1330E+03     0.3799E+01     0.1319E+01     0.1178E+02
   365    12    31  2018     167       1  m_1_167              0.1163E-01     0.7718E-02     0.1162E-01     0.1472E-01     0.4242E+01     0.4242E+01     0.0000E+00     0.0000E+00     0.0000E+00     0.8899E+00     0.0000E+00     0.0000E+00     0.4899E+01     0.8675E+00     0.9937E-02     0.7064E-02     0.0000E+00     0.0000E+00     0.1244E+03     0.8258E+02     0.1243E+03     0.9959E-02     0.2073E+01     0.3265E-01     0.8317E+00     0.5995E+02
   365    12    31  2018     168       1  t_1_168              0.1609E-01     0.1021E-01     0.1608E-01     0.1609E-01     0.6382E+01     0.6382E+01     0.0000E+00     0.0000E+00     0.0000E+00     0.1157E+02     0.0000E+00     0.0000E+00     0.4645E+01     0.4029E+01     0.2175E-01     0.1713E+00     0.0000E+00     0.0000E+00     0.1144E+03     0.7261E+02     0.1143E+03     0.1297E-01     0.3011E+01     0.4915E-01     0.2435E+01     0.6289E+03
   365    12    31  2018     169       1  t_2_169              0.1867E+00     0.7668E-01     0.1867E+00     0.1867E+00     0.1279E+02     0.1279E+02     0.0000E+00     0.0000E+00     0.0000E+00     0.4946E+01     0.0000E+00     0.0000E+00     0.6853E+01     0.3091E+01     0.1483E-02     0.1122E+00     0.0000E+00     0.0000E+00     0.2318E+03     0.9521E+02     0.2318E+03     0.7570E-02     0.1147E+02     0.2339E+00     0.1972E+01     0.1505E+03
   365    12    31  2018     170       1  t_1_170              0.2792E-01     0.1268E-02     0.2791E-01     0.2792E-01     0.1024E+02     0.1024E+02     0.0000E+00     0.0000E+00     0.0000E+00     0.0000E+00     0.0000E+00     0.0000E+00     0.6121E+01     0.9351E+00     0.6917E-03     0.0000E+00     0.0000E+00     0.0000E+00     0.1197E+03     0.5439E+01     0.1197E+03     0.1105E-01     0.5050E+01     0.8128E-01     0.9351E+00     0.2393E+02
   365    12    31  2018     171       1  m_3_171              0.2202E+01     0.8982E-02     0.2202E+01     0.2202E+01     0.4986E+03     0.4782E+03     0.0000E+00     0.0000E+00     0.7306E+02     0.0000E+00     0.5273E+02     0.0000E+00     0.1429E+02     0.1326E+01     0.1000E-04     0.0000E+00     0.1999E+01     0.0000E+00     0.2174E+03     0.8867E+00     0.2174E+03     0.1249E+00     0.1448E+03     0.3922E+01     0.1326E+01     0.1196E+02
   365    12    31  2018     172       1  t_2_172              0.6721E-01     0.4495E-02     0.6721E-01     0.6721E-01     0.1095E+02     0.1095E+02     0.0000E+00     0.0000E+00     0.0000E+00     0.2467E+00     0.0000E+00     0.0000E+00     0.6555E+01     0.9364E+00     0.2333E-02     0.4097E-02     0.0000E+00     0.0000E+00     0.1251E+03     0.8368E+01     0.1251E+03     0.8469E-02     0.4303E+01     0.1635E+00     0.9262E+00     0.4628E+02
   365    12    31  2018     173       1  t_1_173              0.2579E-01     0.1466E-01     0.2576E-01     0.2579E-01     0.9604E+01     0.9604E+01     0.0000E+00     0.0000E+00     0.0000E+00     0.2774E+02     0.0000E+00     0.0000E+00     0.5595E+01     0.3834E+01     0.7399E-02     0.1608E+00     0.0000E+00     0.0000E+00     0.1217E+03     0.6919E+02     0.1216E+03     0.4500E-01     0.4619E+01     0.7387E-01     0.2337E+01     0.3929E+03
   365    12    31  2018     174       1  t_1_174              0.4537E-02     0.2279E-02     0.4536E-02     0.8390E-02     0.2452E+01     0.2452E+01     0.0000E+00     0.0000E+00     0.0000E+00     0.3990E+00     0.0000E+00     0.0000E+00     0.4080E+01     0.1406E+01     0.4708E-02     0.3681E-01     0.0000E+00     0.0000E+00     0.8397E+02     0.4218E+02     0.8396E+02     0.1115E-02     0.1031E+01     0.1892E-01     0.1071E+01     0.5462E+02
   365    12    31  2018     175       1  t_2_175              0.7716E-01     0.4053E-02     0.7714E-01     0.7716E-01     0.1732E+02     0.1732E+02     0.0000E+00     0.0000E+00     0.0000E+00     0.0000E+00     0.0000E+00     0.0000E+00     0.7080E+01     0.9972E+00     0.2734E-03     0.0000E+00     0.0000E+00     0.0000E+00     0.1138E+03     0.5975E+01     0.1137E+03     0.5504E-01     0.6869E+01     0.2127E+00     0.9972E+00     0.1934E+02
   365    12    31  2018     176       1  m_3_176              0.2272E+01     0.4755E-01     0.2272E+01     0.2272E+01     0.4817E+03     0.4885E+03     0.0000E+00     0.0000E+00     0.4318E+02     0.0000E+00     0.4990E+02     0.0000E+00     0.1431E+02     0.1326E+01     0.1000E-04     0.0000E+00     0.1945E+01     0.0000E+00     0.2226E+03     0.4659E+01     0.2226E+03     0.1230E+00     0.1511E+03     0.3949E+01     0.1326E+01     0.1198E+02
   365    12    31  2018     177       1  t_2_177              0.2083E+00     0.1863E-01     0.2082E+00     0.2083E+00     0.1595E+02     0.1595E+02     0.0000E+00     0.0000E+00     0.0000E+00     0.5775E+02     0.0000E+00     0.0000E+00     0.7018E+01     0.9501E+01     0.1420E-02     0.4496E+00     0.0000E+00     0.0000E+00     0.2378E+03     0.2127E+02     0.2378E+03     0.2751E-01     0.1399E+02     0.2584E+00     0.4974E+01     0.9519E+03
   365    12    31  2018     178       1  m_2_178              0.9153E-01     0.2391E-01     0.9152E-01     0.9153E-01     0.2654E+02     0.2654E+02     0.0000E+00     0.0000E+00     0.0000E+00     0.4212E+02     0.0000E+00     0.0000E+00     0.5718E+01     0.3680E+02     0.3710E-02     0.1895E+01     0.0000E+00     0.0000E+00     0.1542E+03     0.4027E+02     0.1542E+03     0.4262E-01     0.1458E+02     0.2073E+00     0.1724E+02     0.2470E+05
   365    12    31  2018     179       1  t_1_179              0.1351E-01     0.1008E-01     0.1350E-01     0.1882E-01     0.3726E+01     0.3726E+01     0.0000E+00     0.0000E+00     0.0000E+00     0.1777E+01     0.0000E+00     0.0000E+00     0.4152E+01     0.2903E+01     0.1583E-01     0.1186E+00     0.0000E+00     0.0000E+00     0.1645E+03     0.1227E+03     0.1644E+03     0.8233E-02     0.2037E+01     0.2869E-01     0.1875E+01     0.2939E+03
   365    12    31  2018     180       1  t_1_180              0.1415E-01     0.8703E-02     0.1414E-01     0.1415E-01     0.5911E+01     0.5911E+01     0.0000E+00     0.0000E+00     0.0000E+00     0.1953E+00     0.0000E+00     0.0000E+00     0.4393E+01     0.1010E+01     0.9413E-02     0.1620E-01     0.0000E+00     0.0000E+00     0.1086E+03     0.6682E+02     0.1085E+03     0.1479E-01     0.2708E+01     0.4553E-01     0.9211E+00     0.6275E+02
   365    12    31  2018     181       1  m_3_181              0.2145E+01     0.1767E-01     0.2145E+01     0.2145E+01     0.2552E+03     0.3818E+03     0.0000E+00     0.0000E+00     0.9038E+01     0.0000E+00     0.1356E+03     0.0000E+00     0.1427E+02     0.1319E+01     0.1000E-04     0.0000E+00     0.2002E+01     0.0000E+00     0.2176E+03     0.1793E+01     0.2176E+03     0.2723E+00     0.1367E+03     0.3827E+01     0.1319E+01     0.1185E+02
   365    12    31  2018     182       1  t_2_182              0.9754E-01     0.1993E-01     0.9752E-01     0.9754E-01     0.1760E+02     0.1963E+02     0.0000E+00     0.0000E+00     0.0000E+00     0.0000E+00     0.2027E+01     0.0000E+00     0.6940E+01     0.1001E+01     0.1000E-04     0.0000E+00     0.3442E-01     0.0000E+00     0.1414E+03     0.2890E+02     0.1414E+03     0.2442E-01     0.8417E+01     0.2165E+00     0.1001E+01     0.3649E+01
   365    12    31  2018     183       1  t_1_183              0.1859E-01     0.7139E-02     0.1857E-01     0.1859E-01     0.1244E+02     0.1244E+02     0.0000E+00     0.0000E+00     0.0000E+00     0.2109E+02     0.0000E+00     0.0000E+00     0.5315E+01     0.2149E+01     0.4333E-02     0.6854E-01     0.0000E+00     0.0000E+00     0.6785E+02     0.2605E+02     0.6778E+02     0.5204E-01     0.4865E+01     0.9575E-01     0.1494E+01     0.1218E+03
   365    12    31  2018     184       1  t_1_184              0.1208E-01     0.8638E-02     0.1208E-01     0.1678E-01     0.3742E+01     0.3742E+01     0.0000E+00     0.0000E+00     0.0000E+00     0.2618E-01     0.0000E+00     0.0000E+00     0.4897E+01     0.7154E+00     0.1017E-01     0.1078E-02     0.0000E+00     0.0000E+00     0.1466E+03     0.1048E+03     0.1465E+03     0.6285E-02     0.1883E+01     0.2884E-01     0.7128E+00     0.4666E+02
   365    12    31  2018     185       1  t_1_185              0.4584E-01     0.1667E-01     0.4573E-01     0.4584E-01     0.1325E+02     0.5832E+02     0.0000E+00     0.0000E+00     0.2559E+01     0.0000E+00     0.4763E+02     0.0000E+00     0.3412E+01     0.3457E+00     0.1000E-04     0.0000E+00     0.3398E+00     0.0000E+00     0.8556E+02     0.3111E+02     0.8537E+02     0.1552E+00     0.4639E+01     0.3230E-01     0.3457E+00     0.3040E+00
   365    12    31  2018     186       1  t_1_186              0.2392E+00     0.2251E+00     0.2391E+00     0.2392E+00     0.8388E+01     0.8388E+01     0.0000E+00     0.0000E+00     0.0000E+00     0.1451E+02     0.0000E+00     0.0000E+00     0.6672E+01     0.1195E+02     0.1175E-02     0.5801E+00     0.0000E+00     0.0000E+00     0.5040E+03     0.4742E+03     0.5038E+03     0.1847E-01     0.2464E+02     0.2547E+00     0.6038E+01     0.1251E+04
   365    12    31  2018     187       1  t_1_187              0.3623E+00     0.1182E+00     0.3623E+00     0.3623E+00     0.1128E+02     0.1128E+02     0.0000E+00     0.0000E+00     0.0000E+00     0.5166E+03     0.0000E+00     0.0000E+00     0.7803E+01     0.7681E+02     0.2595E-02     0.4010E+01     0.0000E+00     0.0000E+00     0.5658E+03     0.1847E+03     0.5658E+03     0.1311E-01     0.3677E+02     0.3435E+00     0.3597E+02     0.1329E+06
   365    12    31  2018     188       1  m_1_188              0.7403E+00     0.1259E-01     0.7402E+00     0.7403E+00     0.8219E+02     0.4445E+03     0.0000E+00     0.0000E+00     0.0000E+00     0.1302E+03     0.3623E+03     0.0000E+00     0.8252E+01     0.3064E+01     0.1325E-02     0.1000E+00     0.1236E+00     0.0000E+00     0.2035E+03     0.3462E+01     0.2035E+03     0.7566E+00     0.7326E+02     0.1955E+01     0.2177E+01     0.1959E+03
   365    12    31  2018     189       1  t_1_189              0.2774E-01     0.2738E-01     0.2771E-01     0.2774E-01     0.2093E+00     0.1241E+02     0.0000E+00     0.0000E+00     0.5751E-01     0.0000E+00     0.1226E+02     0.0000E+00     0.1915E+01     0.2437E+00     0.1000E-04     0.0000E+00     0.4378E+00     0.0000E+00     0.5702E+02     0.5629E+02     0.5695E+02     0.1465E-01     0.2673E+01     0.6298E-02     0.2437E+00     0.9551E-01
   365    12    31  2018     190       1  t_1_190              0.8074E-01     0.3498E-01     0.8073E-01     0.8074E-01     0.5823E+02     0.1905E+02     0.0000E+00     0.0000E+00     0.4287E+02     0.0000E+00     0.3691E+01     0.0000E+00     0.3433E+01     0.3470E+00     0.1000E-04     0.0000E+00     0.2421E+00     0.0000E+00     0.1504E+03     0.6516E+02     0.1504E+03     0.3913E-02     0.7976E+01     0.3287E-01     0.3470E+00     0.3078E+00
   365    12    31  2018     191       1  m_1_191              0.2783E+00     0.1974E+00     0.2783E+00     0.2783E+00     0.1914E+02     0.1914E+02     0.0000E+00     0.0000E+00     0.0000E+00     0.5389E+03     0.0000E+00     0.0000E+00     0.3532E+01     0.4241E+03     0.7776E-02     0.2229E+02     0.0000E+00     0.0000E+00     0.5134E+03     0.3641E+03     0.5134E+03     0.1752E-02     0.2547E+02     0.3567E-01     0.1985E+03     0.1826E+08
   365    12    31  2018     192       1  m_3_192              0.2307E+01     0.2847E-02     0.2307E+01     0.2307E+01     0.4696E+03     0.3442E+03     0.0000E+00     0.0000E+00     0.1316E+03     0.0000E+00     0.6202E+01     0.0000E+00     0.1342E+02     0.1259E+01     0.1000E-04     0.0000E+00     0.1728E+01     0.0000E+00     0.2028E+03     0.2502E+00     0.2028E+03     0.1323E-01     0.1273E+03     0.9482E+01     0.1259E+01     0.1030E+02
   365    12    31  2018     193       1  m_4_193              0.6181E+01     0.7258E-03     0.6181E+01     0.6181E+01     0.2780E+04     0.1249E+05     0.0000E+00     0.0000E+00     0.8742E+03     0.1785E+01     0.1059E+05     0.0000E+00     0.2031E+02     0.1440E+01     0.5715E-04     0.7406E-03     0.3874E+01     0.0000E+00     0.2158E+03     0.2533E-01     0.2158E+03     0.9079E+01     0.3794E+03     0.1712E+02     0.1439E+01     0.4654E+02
   365    12    31  2018     194       1  m_3_194              0.2579E+01     0.1880E+00     0.2579E+01     0.2579E+01     0.5700E+03     0.3145E+03     0.0000E+00     0.0000E+00     0.2641E+03     0.0000E+00     0.8576E+01     0.0000E+00     0.1345E+02     0.1259E+01     0.1000E-04     0.0000E+00     0.4921E+00     0.0000E+00     0.2265E+03     0.1651E+02     0.2265E+03     0.1118E-01     0.1431E+03     0.9495E+01     0.1259E+01     0.1033E+02
   365    12    31  2018     195       1  m_3_195              0.2391E+01     0.8308E-01     0.2391E+01     0.2391E+01     0.3445E+03     0.5700E+03     0.0000E+00     0.0000E+00     0.5221E+01     0.0000E+00     0.2307E+03     0.0000E+00     0.1346E+02     0.1261E+01     0.6369E-04     0.0000E+00     0.2469E+01     0.0000E+00     0.2099E+03     0.7295E+01     0.2099E+03     0.5967E-01     0.1320E+03     0.9494E+01     0.1261E+01     0.2616E+02
   365    12    31  2018     196       1  m_4_196              0.6422E+01     0.1084E+00     0.6421E+01     0.6422E+01     0.1320E+04     0.1765E+04     0.0000E+00     0.0000E+00     0.2715E+01     0.1140E+04     0.4484E+03     0.0000E+00     0.2041E+02     0.3732E+02     0.2927E-03     0.1890E+01     0.5439E+00     0.0000E+00     0.2113E+03     0.3565E+01     0.2112E+03     0.5839E+01     0.3962E+03     0.1955E+02     0.1841E+02     0.1304E+05
   365    12    31  2018     197       1  m_4_197              0.6242E+01     0.5807E-02     0.6242E+01     0.6242E+01     0.1380E+04     0.1255E+04     0.0000E+00     0.0000E+00     0.1325E+03     0.0000E+00     0.7833E+01     0.0000E+00     0.2032E+02     0.1427E+01     0.1000E-04     0.0000E+00     0.6463E+00     0.0000E+00     0.2176E+03     0.2024E+00     0.2176E+03     0.1292E-01     0.3827E+03     0.1717E+02     0.1427E+01     0.1921E+02
   365    12    31  2018     198       1  m_4_198              0.6234E+01     0.5171E-01     0.6234E+01     0.6234E+01     0.1250E+05     0.2438E+04     0.0000E+00     0.0000E+00     0.1023E+05     0.0000E+00     0.1745E+03     0.0000E+00     0.2030E+02     0.1427E+01     0.1000E-04     0.0000E+00     0.7042E+00     0.0000E+00     0.2174E+03     0.1803E+01     0.2174E+03     0.3254E+00     0.3823E+03     0.1717E+02     0.1427E+01     0.1919E+02
   365    12    31  2018     199       1  m_4_199              0.6236E+01     0.1874E-02     0.6236E+01     0.6236E+01     0.2438E+04     0.1380E+04     0.0000E+00     0.0000E+00     0.1099E+04     0.0000E+00     0.4015E+02     0.0000E+00     0.2032E+02     0.1427E+01     0.1000E-04     0.0000E+00     0.2389E+01     0.0000E+00     0.2174E+03     0.6534E-01     0.2174E+03     0.1004E+00     0.3824E+03     0.1717E+02     0.1427E+01     0.1921E+02
   365    12    31  2018     200       1  m_3_200              0.3595E+01     0.5268E-01     0.3595E+01     0.3595E+01     0.1119E+04     0.2588E+04     0.0000E+00     0.0000E+00     0.3904E+03     0.8310E+01     0.1860E+04     0.0000E+00     0.1657E+02     0.2392E+01     0.4993E-04     0.5352E-01     0.6888E+01     0.0000E+00     0.2200E+03     0.3223E+01     0.2200E+03     0.1578E+01     0.2947E+03     0.6875E+01     0.1848E+01     0.5486E+02
   365    12    31  2018     201       1  t_1_201              0.4238E-01     0.3576E-02     0.4238E-01     0.4238E-01     0.2059E+02     0.2065E+02     0.0000E+00     0.0000E+00     0.0000E+00     0.0000E+00     0.5384E-01     0.0000E+00     0.6174E+01     0.1043E+01     0.1000E-04     0.0000E+00     0.1439E-02     0.0000E+00     0.1038E+03     0.8754E+01     0.1037E+03     0.1501E-01     0.5027E+01     0.2408E+00     0.1043E+01     0.3490E+01
   365    12    31  2018     202       1  t_1_202              0.2926E-01     0.2103E-01     0.2926E-01     0.2926E-01     0.1284E+02     0.1284E+02     0.0000E+00     0.0000E+00     0.0000E+00     0.3412E+01     0.0000E+00     0.0000E+00     0.5134E+01     0.2142E+02     0.1137E-01     0.1087E+01     0.0000E+00     0.0000E+00     0.1151E+03     0.8271E+02     0.1151E+03     0.3003E-02     0.3476E+01     0.1500E+00     0.1046E+02     0.1272E+05
   365    12    31  2018     203       1  m_1_203              0.8009E-01     0.3100E-01     0.8006E-01     0.8009E-01     0.3110E+02     0.3110E+02     0.0000E+00     0.0000E+00     0.0000E+00     0.1357E+03     0.0000E+00     0.0000E+00     0.5706E+01     0.1604E+02     0.2167E-02     0.7895E+00     0.0000E+00     0.0000E+00     0.1300E+03     0.5032E+02     0.1300E+03     0.6636E-01     0.9081E+01     0.3624E+00     0.8010E+01     0.3072E+04
   365    12    31  2018     204       1  t_1_204              0.7678E-01     0.3527E-01     0.7678E-01     0.7678E-01     0.4370E+02     0.4370E+02     0.0000E+00     0.0000E+00     0.0000E+00     0.0000E+00     0.0000E+00     0.0000E+00     0.6387E+01     0.1084E+01     0.1279E-02     0.0000E+00     0.0000E+00     0.0000E+00     0.8858E+02     0.4069E+02     0.8858E+02     0.2104E-02     0.9538E+01     0.5113E+00     0.1084E+01     0.4354E+02
   365    12    31  2018     205       1  t_1_205              0.3571E-01     0.1602E-01     0.3571E-01     0.3571E-01     0.1578E+02     0.1578E+02     0.0000E+00     0.0000E+00     0.0000E+00     0.6972E+01     0.0000E+00     0.0000E+00     0.5587E+01     0.1539E+02     0.4177E-02     0.7695E+00     0.0000E+00     0.0000E+00     0.1142E+03     0.5121E+02     0.1142E+03     0.6563E-02     0.4126E+01     0.1844E+00     0.7602E+01     0.3764E+04
   365    12    31  2018     206       1  t_2_206              0.2607E+00     0.1660E-01     0.2607E+00     0.2607E+00     0.4344E+02     0.3595E+02     0.0000E+00     0.0000E+00     0.1060E+02     0.0000E+00     0.3106E+01     0.0000E+00     0.7454E+01     0.1052E+01     0.1000E-04     0.0000E+00     0.1805E+00     0.0000E+00     0.1637E+03     0.1042E+02     0.1637E+03     0.3395E-02     0.1428E+02     0.8547E+00     0.1052E+01     0.4256E+01
   365    12    31  2018     207       1  t_1_207              0.9368E-01     0.8670E-01     0.9364E-01     0.9368E-01     0.1089E+02     0.1089E+02     0.0000E+00     0.0000E+00     0.0000E+00     0.9361E+02     0.0000E+00     0.0000E+00     0.5283E+01     0.1110E+03     0.5636E-02     0.5799E+01     0.0000E+00     0.0000E+00     0.4343E+03     0.4019E+03     0.4341E+03     0.1669E-01     0.8891E+01     0.1269E+00     0.5341E+02     0.5143E+06
   365    12    31  2018     208       1  t_1_208              0.5921E-01     0.4238E-01     0.5917E-01     0.5921E-01     0.2623E+02     0.2623E+02     0.0000E+00     0.0000E+00     0.0000E+00     0.3141E+03     0.0000E+00     0.0000E+00     0.5727E+01     0.3142E+02     0.3801E-02     0.1602E+01     0.0000E+00     0.0000E+00     0.1140E+03     0.8159E+02     0.1139E+03     0.3301E-01     0.6775E+01     0.3061E+00     0.1521E+02     0.1832E+05
   365    12    31  2018     209       1  t_2_209              0.1789E+00     0.5889E-02     0.1788E+00     0.1789E+00     0.7685E+02     0.7685E+02     0.0000E+00     0.0000E+00     0.0000E+00     0.2262E+00     0.0000E+00     0.0000E+00     0.7207E+01     0.1089E+01     0.5288E-03     0.1641E-02     0.0000E+00     0.0000E+00     0.1171E+03     0.3854E+01     0.1170E+03     0.1100E+00     0.2015E+02     0.8993E+00     0.1085E+01     0.3155E+02
   365    12    31  2018     210       1  t_1_210              0.2189E-01     0.1346E-01     0.2186E-01     0.2189E-01     0.1314E+02     0.1314E+02     0.0000E+00     0.0000E+00     0.0000E+00     0.1547E+01     0.0000E+00     0.0000E+00     0.5309E+01     0.2731E+01     0.3985E-02     0.1018E+00     0.0000E+00     0.0000E+00     0.8413E+02     0.5175E+02     0.8405E+02     0.1957E-01     0.2698E+01     0.1532E+00     0.1778E+01     0.1647E+03
   365    12    31  2018     211       1  t_1_211              0.8394E-01     0.2253E-01     0.8392E-01     0.8394E-01     0.2961E+02     0.2961E+02     0.0000E+00     0.0000E+00     0.0000E+00     0.0000E+00     0.0000E+00     0.0000E+00     0.6438E+01     0.1054E+01     0.5216E-03     0.0000E+00     0.0000E+00     0.0000E+00     0.1426E+03     0.3829E+02     0.1426E+03     0.2196E-01     0.9105E+01     0.3466E+00     0.1054E+01     0.2673E+02
   365    12    31  2018     212       1  t_1_212              0.1875E-01     0.9570E-02     0.1874E-01     0.1875E-01     0.1431E+02     0.1431E+02     0.0000E+00     0.0000E+00     0.0000E+00     0.5373E-02     0.0000E+00     0.0000E+00     0.5630E+01     0.9494E+00     0.1550E-02     0.1774E-02     0.0000E+00     0.0000E+00     0.6617E+02     0.3378E+02     0.6616E+02     0.4375E-02     0.2510E+01     0.1672E+00     0.9450E+00     0.3361E+02
   365    12    31  2018     213       1  m_2_213              0.6385E+00     0.3827E-01     0.6383E+00     0.6385E+00     0.2947E+03     0.2947E+03     0.0000E+00     0.0000E+00     0.0000E+00     0.1464E+03     0.0000E+00     0.0000E+00     0.9187E+01     0.5085E+01     0.7364E-03     0.2070E+00     0.0000E+00     0.0000E+00     0.1787E+03     0.1072E+02     0.1787E+03     0.6272E+00     0.5228E+02     0.2019E+01     0.2965E+01     0.2991E+03
   365    12    31  2018     214       1  m_2_214              0.3699E+00     0.2546E-01     0.3699E+00     0.3699E+00     0.7266E+02     0.2318E+03     0.0000E+00     0.0000E+00     0.0000E+00     0.8905E+00     0.1591E+03     0.0000E+00     0.7637E+01     0.1188E+01     0.1660E-03     0.4197E-02     0.3080E+00     0.0000E+00     0.1592E+03     0.1096E+02     0.1592E+03     0.1755E+00     0.2621E+02     0.1284E+01     0.1162E+01     0.2103E+02
   365    12    31  2018     215       1  t_1_215              0.8785E-01     0.3765E-01     0.8780E-01     0.8785E-01     0.4548E+02     0.4548E+02     0.0000E+00     0.0000E+00     0.0000E+00     0.9908E+02     0.0000E+00     0.0000E+00     0.6395E+01     0.1480E+02     0.2062E-02     0.7319E+00     0.0000E+00     0.0000E+00     0.9752E+02     0.4179E+02     0.9746E+02     0.5961E-01     0.1036E+02     0.5309E+00     0.7259E+01     0.2588E+04
   365    12    31  2018     216       1  t_1_216              0.2205E+00     0.1412E+00     0.2205E+00     0.2205E+00     0.4760E+02     0.4760E+02     0.0000E+00     0.0000E+00     0.0000E+00     0.0000E+00     0.0000E+00     0.0000E+00     0.7132E+01     0.1154E+01     0.5287E-03     0.0000E+00     0.0000E+00     0.0000E+00     0.2336E+03     0.1496E+03     0.2335E+03     0.3641E-01     0.2086E+02     0.5565E+00     0.1154E+01     0.3466E+02
   365    12    31  2018     217       1  t_2_217              0.2442E+00     0.6536E-01     0.2441E+00     0.2442E+00     0.3589E+02     0.4339E+02     0.0000E+00     0.0000E+00     0.0000E+00     0.0000E+00     0.7497E+01     0.0000E+00     0.7481E+01     0.1062E+01     0.9664E-04     0.0000E+00     0.2282E-01     0.0000E+00     0.1534E+03     0.4106E+02     0.1533E+03     0.4753E-01     0.1279E+02     0.8545E+00     0.1062E+01     0.1350E+02
   365    12    31  2018     218       1  t_1_218              0.2379E+00     0.4638E-02     0.2379E+00     0.2379E+00     0.6028E+02     0.6028E+02     0.0000E+00     0.0000E+00     0.0000E+00     0.1872E+03     0.0000E+00     0.0000E+00     0.6653E+01     0.2411E+03     0.3782E-02     0.1263E+02     0.0000E+00     0.0000E+00     0.1892E+03     0.3689E+01     0.1892E+03     0.2961E-01     0.2981E+02     0.6728E+00     0.1194E+03     0.3299E+07
   365    12    31  2018     219       1  t_1_219              0.2697E-01     0.2186E-01     0.2695E-01     0.2697E-01     0.7682E+01     0.7682E+01     0.0000E+00     0.0000E+00     0.0000E+00     0.1384E+01     0.0000E+00     0.0000E+00     0.4935E+01     0.3516E+01     0.7339E-02     0.1442E+00     0.0000E+00     0.0000E+00     0.1824E+03     0.1479E+03     0.1823E+03     0.7422E-02     0.3589E+01     0.7894E-01     0.2085E+01     0.2906E+03
   365    12    31  2018     220       1  m_2_220              0.6319E+00     0.9635E-01     0.6318E+00     0.6319E+00     0.1432E+03     0.1432E+03     0.0000E+00     0.0000E+00     0.0000E+00     0.3840E+03     0.0000E+00     0.0000E+00     0.8577E+01     0.2346E+02     0.5856E-03     0.1177E+01     0.0000E+00     0.0000E+00     0.2286E+03     0.3486E+02     0.2286E+03     0.2117E+00     0.5148E+02     0.1433E+01     0.1199E+02     0.4533E+04
   365    12    31  2018     221       1  m_3_221              0.1391E+01     0.2691E-01     0.1391E+01     0.1391E+01     0.4493E+03     0.4493E+03     0.0000E+00     0.0000E+00     0.0000E+00     0.5499E+02     0.0000E+00     0.0000E+00     0.1182E+02     0.2529E+02     0.9486E-03     0.1266E+01     0.0000E+00     0.0000E+00     0.2192E+03     0.4241E+01     0.2192E+03     0.4773E-01     0.1154E+03     0.3584E+01     0.1263E+02     0.7765E+04
   365    12    31  2018     222       1  t_1_222              0.2253E+00     0.1899E+00     0.2253E+00     0.2253E+00     0.5339E+02     0.4836E+02     0.0000E+00     0.0000E+00     0.7666E+01     0.0000E+00     0.2641E+01     0.0000E+00     0.7040E+01     0.9648E+00     0.1000E-04     0.0000E+00     0.5737E+00     0.0000E+00     0.2194E+03     0.1848E+03     0.2193E+03     0.1554E-01     0.2718E+02     0.5500E+00     0.9648E+00     0.3480E+01
   365    12    31  2018     223       1  t_1_223              0.1254E+00     0.8105E-01     0.1253E+00     0.1254E+00     0.3379E+02     0.3379E+02     0.0000E+00     0.0000E+00     0.0000E+00     0.2041E+00     0.0000E+00     0.0000E+00     0.6356E+01     0.1063E+01     0.1247E-02     0.1254E-02     0.0000E+00     0.0000E+00     0.1926E+03     0.1245E+03     0.1924E+03     0.5841E-01     0.1549E+02     0.3476E+00     0.1060E+01     0.4117E+02
   365    12    31  2018     224       1  t_1_224              0.4060E+00     0.5443E-01     0.4057E+00     0.4060E+00     0.1027E+03     0.1027E+03     0.0000E+00     0.0000E+00     0.0000E+00     0.1398E+04     0.0000E+00     0.0000E+00     0.8434E+01     0.4013E+02     0.3541E-03     0.2055E+01     0.0000E+00     0.0000E+00     0.2049E+03     0.2746E+02     0.2047E+03     0.4132E+00     0.2517E+02     0.1016E+01     0.2049E+02     0.1185E+05
   365    12    31  2018     225       1  t_1_225              0.3373E+00     0.9258E-01     0.3372E+00     0.3373E+00     0.7061E+02     0.1567E+03     0.0000E+00     0.0000E+00     0.6078E+01     0.0000E+00     0.9218E+02     0.0000E+00     0.7273E+01     0.9851E+00     0.1557E-04     0.0000E+00     0.3088E+00     0.0000E+00     0.2315E+03     0.6352E+02     0.2313E+03     0.2106E+00     0.3934E+02     0.7787E+00     0.9851E+00     0.4644E+01
   365    12    31  2018     226       1  m_1_226              0.2698E+00     0.2390E+00     0.2694E+00     0.2698E+00     0.4385E+02     0.4385E+02     0.0000E+00     0.0000E+00     0.0000E+00     0.1857E+04     0.0000E+00     0.0000E+00     0.7917E+01     0.5083E+02     0.1278E-02     0.2617E+01     0.0000E+00     0.0000E+00     0.1890E+03     0.1675E+03     0.1887E+03     0.2226E+00     0.2700E+02     0.4557E+00     0.2505E+02     0.3603E+05
   365    12    31  2018     227       1  m_2_227              0.3807E-01     0.1125E-01     0.3806E-01     0.3807E-01     0.5527E+02     0.5527E+02     0.0000E+00     0.0000E+00     0.0000E+00     0.1245E+01     0.0000E+00     0.0000E+00     0.5920E+01     0.3979E+01     0.2696E-02     0.1625E+00     0.0000E+00     0.0000E+00     0.7425E+02     0.2195E+02     0.7424E+02     0.2210E-01     0.7818E+01     0.3505E+00     0.2346E+01     0.2507E+03
   365    12    31  2018     228       1  m_3_228              0.2856E+00     0.6667E-03     0.2856E+00     0.2856E+00     0.4410E+02     0.7343E+02     0.0000E+00     0.0000E+00     0.1152E+01     0.0000E+00     0.3048E+02     0.0000E+00     0.9097E+01     0.1126E+01     0.1000E-04     0.0000E+00     0.4981E+00     0.0000E+00     0.1990E+03     0.4646E+00     0.1990E+03     0.2334E-01     0.1248E+02     0.7637E+00     0.1126E+01     0.5807E+01
   365    12    31  2018     229       1  t_1_229              0.4217E-01     0.3253E-01     0.4217E-01     0.4217E-01     0.1628E+02     0.1628E+02     0.0000E+00     0.0000E+00     0.0000E+00     0.0000E+00     0.0000E+00     0.0000E+00     0.5250E+01     0.8215E+00     0.8274E-03     0.0000E+00     0.0000E+00     0.0000E+00     0.2785E+03     0.2149E+03     0.2785E+03     0.7945E-02     0.5504E+01     0.1033E+00     0.8215E+00     0.1810E+02
   365    12    31  2018     230       1  t_1_230              0.9444E-02     0.4299E-02     0.9431E-02     0.9444E-02     0.1571E+02     0.1571E+02     0.0000E+00     0.0000E+00     0.0000E+00     0.2576E+00     0.0000E+00     0.0000E+00     0.4790E+01     0.8902E+00     0.1045E-01     0.1091E-01     0.0000E+00     0.0000E+00     0.6492E+02     0.2956E+02     0.6483E+02     0.2967E-01     0.2074E+01     0.9931E-01     0.8247E+00     0.5941E+02
   365    12    31  2018     231       1  t_1_231              0.7477E-01     0.7299E-01     0.7471E-01     0.7477E-01     0.5439E+01     0.5439E+01     0.0000E+00     0.0000E+00     0.0000E+00     0.0000E+00     0.0000E+00     0.0000E+00     0.5945E+01     0.8979E+00     0.1578E-03     0.0000E+00     0.0000E+00     0.0000E+00     0.2810E+03     0.2743E+03     0.2808E+03     0.2047E-01     0.7672E+01     0.3430E-01     0.8979E+00     0.1038E+02
   365    12    31  2018     232       1  t_2_232              0.1509E+00     0.5041E-02     0.1509E+00     0.1509E+00     0.1920E+02     0.1920E+02     0.0000E+00     0.0000E+00     0.0000E+00     0.0000E+00     0.0000E+00     0.0000E+00     0.6478E+01     0.9249E+00     0.7797E-03     0.0000E+00     0.0000E+00     0.0000E+00     0.2615E+03     0.8738E+01     0.2615E+03     0.5172E-02     0.7035E+01     0.2281E+00     0.9249E+00     0.2637E+02
   365    12    31  2018     233       1  m_1_233              0.1058E-01     0.6299E-02     0.1057E-01     0.1098E-01     0.1307E+02     0.1307E+02     0.0000E+00     0.0000E+00     0.0000E+00     0.1151E-01     0.0000E+00     0.0000E+00     0.5245E+01     0.8416E+00     0.6123E-02     0.9221E-03     0.0000E+00     0.0000E+00     0.8742E+02     0.5206E+02     0.8734E+02     0.1407E-01     0.1968E+01     0.8268E-01     0.8393E+00     0.5100E+02
   365    12    31  2018     234       1  t_1_234              0.9714E-02     0.2403E-02     0.9704E-02     0.9714E-02     0.2232E+02     0.2232E+02     0.0000E+00     0.0000E+00     0.0000E+00     0.4144E+01     0.0000E+00     0.0000E+00     0.4835E+01     0.1116E+01     0.1099E-01     0.1991E-01     0.0000E+00     0.0000E+00     0.4699E+02     0.1163E+02     0.4695E+02     0.2523E-01     0.2560E+01     0.1413E+00     0.9525E+00     0.7883E+02
   365    12    31  2018     235       1  t_2_235              0.1478E+00     0.1381E-01     0.1477E+00     0.1478E+00     0.5051E+02     0.5673E+02     0.0000E+00     0.0000E+00     0.0000E+00     0.0000E+00     0.6221E+01     0.0000E+00     0.6479E+01     0.9217E+00     0.9394E-04     0.0000E+00     0.7584E-01     0.0000E+00     0.2609E+03     0.2437E+02     0.2607E+03     0.2469E+00     0.1716E+02     0.2387E+00     0.9217E+00     0.9102E+01
   365    12    31  2018     236       1  m_2_236              0.9799E-01     0.5866E-01     0.9798E-01     0.9799E-01     0.5913E+02     0.5913E+02     0.0000E+00     0.0000E+00     0.0000E+00     0.0000E+00     0.0000E+00     0.0000E+00     0.6180E+01     0.9185E+00     0.1187E-02     0.0000E+00     0.0000E+00     0.0000E+00     0.1786E+03     0.1069E+03     0.1786E+03     0.3860E-01     0.1344E+02     0.3750E+00     0.9185E+00     0.3071E+02
   365    12    31  2018     237       1  t_2_237              0.1300E+00     0.1186E-01     0.1300E+00     0.1300E+00     0.2566E+02     0.3847E+02     0.0000E+00     0.0000E+00     0.1812E+01     0.0000E+00     0.1463E+02     0.0000E+00     0.6236E+01     0.8994E+00     0.1000E-04     0.0000E+00     0.1292E+00     0.0000E+00     0.2862E+03     0.2610E+02     0.2861E+03     0.7196E-01     0.1462E+02     0.1627E+00     0.8994E+00     0.2745E+01
   365    12    31  2018     238       1  m_3_238              0.2868E+00     0.7649E-03     0.2868E+00     0.2868E+00     0.1086E+03     0.1086E+03     0.0000E+00     0.0000E+00     0.0000E+00     0.1766E+02     0.0000E+00     0.0000E+00     0.8978E+01     0.2759E+01     0.4606E-03     0.8729E-01     0.0000E+00     0.0000E+00     0.2069E+03     0.5518E+00     0.2069E+03     0.1818E+00     0.2583E+02     0.7806E+00     0.1881E+01     0.9710E+02
   365    12    31  2018     239       1  m_2_239              0.9903E-01     0.8616E-03     0.9903E-01     0.9903E-01     0.5967E+02     0.5967E+02     0.0000E+00     0.0000E+00     0.0000E+00     0.0000E+00     0.0000E+00     0.0000E+00     0.6395E+01     0.9531E+00     0.1272E-02     0.0000E+00     0.0000E+00     0.0000E+00     0.1787E+03     0.1555E+01     0.1787E+03     0.1241E-01     0.1357E+02     0.3786E+00     0.9531E+00     0.3498E+02
   365    12    31  2018     240       1  m_3_240              0.2826E+00     0.5942E-02     0.2826E+00     0.2826E+00     0.9598E+02     0.9819E+02     0.0000E+00     0.0000E+00     0.8014E+01     0.0000E+00     0.1023E+02     0.0000E+00     0.8898E+01     0.1158E+01     0.1000E-04     0.0000E+00     0.1526E+00     0.0000E+00     0.2192E+03     0.4608E+01     0.2191E+03     0.5934E-01     0.2462E+02     0.7151E+00     0.1158E+01     0.5956E+01
   365    12    31  2018     241       1  t_2_241              0.1725E+00     0.2119E-01     0.1725E+00     0.1725E+00     0.2065E+02     0.2065E+02     0.0000E+00     0.0000E+00     0.0000E+00     0.1083E+00     0.0000E+00     0.0000E+00     0.6510E+01     0.9737E+00     0.1116E-02     0.3775E-02     0.0000E+00     0.0000E+00     0.2923E+03     0.3590E+02     0.2923E+03     0.4331E-02     0.8893E+01     0.2372E+00     0.9367E+00     0.3240E+02
   365    12    31  2018     242       1  t_1_242              0.1957E+00     0.8102E-01     0.1957E+00     0.1957E+00     0.5879E+02     0.5879E+02     0.0000E+00     0.0000E+00     0.0000E+00     0.2284E+01     0.0000E+00     0.0000E+00     0.5789E+01     0.1413E+01     0.1274E-02     0.1975E-01     0.0000E+00     0.0000E+00     0.7024E+03     0.2908E+03     0.7023E+03     0.9065E-01     0.1701E+02     0.3169E+00     0.1189E+01     0.4667E+02
   365    12    31  2018     243       1  m_4_243              0.8245E+00     0.5997E-02     0.8243E+00     0.8245E+00     0.4514E+03     0.4514E+03     0.0000E+00     0.0000E+00     0.0000E+00     0.9342E+00     0.0000E+00     0.0000E+00     0.1450E+02     0.1336E+01     0.5427E-03     0.7670E-03     0.0000E+00     0.0000E+00     0.7361E+02     0.5354E+00     0.7359E+02     0.1911E+01     0.6804E+02     0.3023E+01     0.1327E+01     0.8955E+02
   365    12    31  2018     244       1  m_3_244              0.1442E+01     0.3697E-01     0.1442E+01     0.1442E+01     0.5185E+03     0.5185E+03     0.0000E+00     0.0000E+00     0.0000E+00     0.3658E+04     0.0000E+00     0.0000E+00     0.1168E+02     0.1038E+03     0.9921E-03     0.5394E+01     0.0000E+00     0.0000E+00     0.2160E+03     0.5540E+01     0.2160E+03     0.7638E+00     0.1211E+03     0.3956E+01     0.5098E+02     0.2044E+06
   365    12    31  2018     245       1  m_4_245              0.6065E+00     0.7596E-02     0.6064E+00     0.6065E+00     0.3095E+03     0.3095E+03     0.0000E+00     0.0000E+00     0.0000E+00     0.4325E+00     0.0000E+00     0.0000E+00     0.1461E+02     0.1392E+01     0.2898E-03     0.2303E-02     0.0000E+00     0.0000E+00     0.5760E+02     0.7214E+00     0.5759E+02     0.2724E+00     0.4726E+02     0.2259E+01     0.1369E+01     0.6944E+02
   365    12    31  2018     246       1  t_3_246              0.9020E-02     0.5671E-02     0.8983E-02     0.9020E-02     0.1695E+02     0.1695E+02     0.0000E+00     0.0000E+00     0.0000E+00     0.0000E+00     0.0000E+00     0.0000E+00     0.8985E+01     0.1071E+01     0.1498E-02     0.0000E+00     0.0000E+00     0.0000E+00     0.5952E+01     0.3742E+01     0.5928E+01     0.8412E-01     0.1035E+01     0.9031E-01     0.1071E+01     0.6461E+02
   365    12    31  2018     247       1  m_3_247              0.3124E+00     0.6070E-02     0.3121E+00     0.3124E+00     0.2306E+03     0.2306E+03     0.0000E+00     0.0000E+00     0.0000E+00     0.3751E+03     0.0000E+00     0.0000E+00     0.1352E+02     0.7469E+01     0.3829E-03     0.3272E+00     0.0000E+00     0.0000E+00     0.3477E+02     0.6755E+00     0.3473E+02     0.1702E+01     0.3386E+02     0.1462E+01     0.4179E+01     0.5567E+03
   365    12    31  2018     248       1  t_1_248              0.1083E+00     0.1031E+00     0.1083E+00     0.1096E+00     0.2637E+02     0.2637E+02     0.0000E+00     0.0000E+00     0.0000E+00     0.4010E+01     0.0000E+00     0.0000E+00     0.5479E+01     0.2636E+01     0.1614E-02     0.8757E-01     0.0000E+00     0.0000E+00     0.8671E+03     0.8254E+03     0.8670E+03     0.1818E-01     0.8619E+01     0.1422E+00     0.1655E+01     0.9438E+02
   365    12    31  2018     249       1  t_1_249              0.1227E-01     0.8650E-02     0.1222E-01     0.1227E-01     0.1356E+02     0.1356E+02     0.0000E+00     0.0000E+00     0.0000E+00     0.4362E+00     0.0000E+00     0.0000E+00     0.5155E+01     0.7679E+00     0.1050E-01     0.1089E-02     0.0000E+00     0.0000E+00     0.8779E+02     0.6191E+02     0.8745E+02     0.5898E-01     0.1685E+01     0.1237E+00     0.7652E+00     0.5619E+02
   365    12    31  2018     250       1  t_1_250              0.1061E-01     0.2139E-02     0.1057E-01     0.1061E-01     0.3175E+02     0.3175E+02     0.0000E+00     0.0000E+00     0.0000E+00     0.4168E+01     0.0000E+00     0.0000E+00     0.5222E+01     0.9134E+00     0.8526E-02     0.9078E-02     0.0000E+00     0.0000E+00     0.3243E+02     0.6539E+01     0.3229E+02     0.1108E+00     0.2079E+01     0.2919E+00     0.8694E+00     0.6374E+02
   365    12    31  2018     251       1  m_4_251              0.2448E+01     0.5287E-02     0.2448E+01     0.2448E+01     0.8045E+03     0.8789E+03     0.0000E+00     0.0000E+00     0.1182E+03     0.0000E+00     0.1926E+03     0.0000E+00     0.1506E+02     0.1371E+01     0.1000E-04     0.0000E+00     0.5366E+00     0.0000E+00     0.1990E+03     0.4298E+00     0.1990E+03     0.8439E+00     0.2106E+03     0.8049E+01     0.1371E+01     0.1332E+02
   365    12    31  2018     252       1  m_1_252              0.1111E+00     0.4237E-02     0.1111E+00     0.1111E+00     0.2162E+02     0.2162E+02     0.0000E+00     0.0000E+00     0.0000E+00     0.0000E+00     0.0000E+00     0.0000E+00     0.6663E+01     0.9288E+00     0.7788E-03     0.0000E+00     0.0000E+00     0.0000E+00     0.1710E+03     0.6518E+01     0.1710E+03     0.3618E-02     0.4723E+01     0.5137E+00     0.9288E+00     0.2729E+02
   365    12    31  2018     253       1  t_2_253              0.1184E+00     0.4863E-01     0.1184E+00     0.1184E+00     0.8021E+02     0.8172E+02     0.0000E+00     0.0000E+00     0.0000E+00     0.0000E+00     0.1508E+01     0.0000E+00     0.6624E+01     0.9456E+00     0.1293E-03     0.0000E+00     0.9360E-02     0.0000E+00     0.1423E+03     0.5843E+02     0.1423E+03     0.1048E+00     0.1437E+02     0.7431E+00     0.9456E+00     0.1139E+02
   365    12    31  2018     254       1  m_4_254              0.2690E+01     0.1089E-01     0.2689E+01     0.2690E+01     0.4418E+03     0.5328E+03     0.0000E+00     0.0000E+00     0.6862E+02     0.0000E+00     0.1596E+03     0.0000E+00     0.1639E+02     0.1378E+01     0.1000E-04     0.0000E+00     0.2384E+01     0.0000E+00     0.1984E+03     0.8031E+00     0.1984E+03     0.2082E+00     0.1039E+03     0.8473E+01     0.1378E+01     0.1463E+02
   365    12    31  2018     255       1  m_1_255              0.1265E+00     0.1488E-01     0.1265E+00     0.1265E+00     0.2353E+02     0.2353E+02     0.0000E+00     0.0000E+00     0.0000E+00     0.1248E+02     0.0000E+00     0.0000E+00     0.6317E+01     0.4652E+01     0.2352E-02     0.1993E+00     0.0000E+00     0.0000E+00     0.1889E+03     0.2221E+02     0.1889E+03     0.1056E-01     0.6359E+01     0.5312E+00     0.2751E+01     0.3399E+03
   365    12    31  2018     256       1  m_4_256              0.2716E+01     0.2657E-01     0.2716E+01     0.2716E+01     0.5334E+03     0.5334E+03     0.0000E+00     0.0000E+00     0.0000E+00     0.4776E+03     0.0000E+00     0.0000E+00     0.1603E+02     0.1352E+03     0.2000E-02     0.7045E+01     0.0000E+00     0.0000E+00     0.2003E+03     0.1959E+01     0.2003E+03     0.3668E-01     0.1066E+03     0.8478E+01     0.6596E+02     0.5788E+06
   365    12    31  2018     257       1  t_1_257              0.1794E-01     0.1109E-01     0.1785E-01     0.1794E-01     0.1578E+02     0.1585E+02     0.0000E+00     0.0000E+00     0.0000E+00     0.0000E+00     0.6612E-01     0.0000E+00     0.5660E+01     0.8433E+00     0.1156E-04     0.0000E+00     0.2881E-03     0.0000E+00     0.1095E+03     0.6774E+02     0.1090E+03     0.1371E+00     0.2203E+01     0.1431E+00     0.8433E+00     0.2407E+01
   365    12    31  2018     258       1  t_1_258              0.6469E-02     0.4110E-02     0.6469E-02     0.1260E-01     0.4828E+01     0.4828E+01     0.0000E+00     0.0000E+00     0.0000E+00     0.0000E+00     0.0000E+00     0.0000E+00     0.5283E+01     0.9881E+00     0.1000E-04     0.0000E+00     0.0000E+00     0.0000E+00     0.1301E+03     0.8266E+02     0.1301E+03     0.2223E-02     0.7750E+00     0.4467E-01     0.9881E+00     0.2737E+01
   365    12    31  2018     259       1  t_2_259              0.6711E-01     0.2616E-01     0.6708E-01     0.6711E-01     0.7013E+02     0.7013E+02     0.0000E+00     0.0000E+00     0.0000E+00     0.0000E+00     0.0000E+00     0.0000E+00     0.6019E+01     0.8744E+00     0.3284E-03     0.0000E+00     0.0000E+00     0.0000E+00     0.9234E+02     0.3599E+02     0.9230E+02     0.8741E-01     0.8756E+01     0.6494E+00     0.8744E+00     0.1449E+02
   365    12    31  2018     260       1  m_4_260              0.2428E+01     0.1745E-01     0.2428E+01     0.2428E+01     0.1147E+04     0.7849E+03     0.0000E+00     0.0000E+00     0.5301E+03     0.0000E+00     0.1677E+03     0.0000E+00     0.1481E+02     0.1359E+01     0.1000E-04     0.0000E+00     0.5470E+00     0.0000E+00     0.2007E+03     0.1442E+01     0.2007E+03     0.6908E+00     0.2079E+03     0.7869E+01     0.1359E+01     0.1291E+02
   365    12    31  2018     261       1  t_1_261              0.2929E-01     0.2007E-01     0.2927E-01     0.2929E-01     0.3458E+02     0.3458E+02     0.0000E+00     0.0000E+00     0.0000E+00     0.5711E-01     0.0000E+00     0.0000E+00     0.5509E+01     0.8399E+00     0.2023E-02     0.4341E-02     0.0000E+00     0.0000E+00     0.8220E+02     0.5631E+02     0.8213E+02     0.3992E-01     0.3920E+01     0.3197E+00     0.8180E+00     0.2947E+02
   365    12    31  2018     262       1  t_1_262              0.8459E-02     0.5044E-03     0.8454E-02     0.8459E-02     0.2557E+02     0.2557E+02     0.0000E+00     0.0000E+00     0.0000E+00     0.0000E+00     0.0000E+00     0.0000E+00     0.5456E+01     0.8243E+00     0.1873E-02     0.0000E+00     0.0000E+00     0.0000E+00     0.3194E+02     0.1904E+01     0.3192E+02     0.1744E-01     0.1653E+01     0.2369E+00     0.8243E+00     0.2844E+02
   365    12    31  2018     263       1  m_4_263              0.2728E+01     0.1538E-02     0.2728E+01     0.2728E+01     0.5488E+03     0.6763E+03     0.0000E+00     0.0000E+00     0.6735E+02     0.0000E+00     0.1948E+03     0.0000E+00     0.1660E+02     0.1374E+01     0.1000E-04     0.0000E+00     0.6418E+00     0.0000E+00     0.1984E+03     0.1118E+00     0.1984E+03     0.2226E+00     0.1079E+03     0.8641E+01     0.1374E+01     0.1475E+02
   365    12    31  2018     264       1  m_1_264              0.1428E+00     0.1225E-01     0.1428E+00     0.1428E+00     0.3396E+02     0.3550E+02     0.0000E+00     0.0000E+00     0.0000E+00     0.0000E+00     0.1541E+01     0.0000E+00     0.6791E+01     0.9073E+00     0.1132E-03     0.0000E+00     0.3594E-02     0.0000E+00     0.1588E+03     0.1363E+02     0.1588E+03     0.9309E-01     0.6476E+01     0.7136E+00     0.9073E+00     0.1019E+02
   365    12    31  2018     265       1  m_1_265              0.2084E-01     0.4582E-02     0.2082E-01     0.2084E-01     0.6094E+02     0.5672E+02     0.0000E+00     0.0000E+00     0.4316E+01     0.0000E+00     0.9867E-01     0.0000E+00     0.6937E+01     0.8971E+00     0.1000E-04     0.0000E+00     0.1481E-02     0.0000E+00     0.3319E+02     0.7297E+01     0.3315E+02     0.8672E-01     0.4030E+01     0.5640E+00     0.8971E+00     0.3035E+01
   365    12    31  2018     266       1  t_1_266              0.5295E-02     0.2623E-02     0.5276E-02     0.6223E-02     0.1001E+02     0.1001E+02     0.0000E+00     0.0000E+00     0.0000E+00     0.1194E+00     0.0000E+00     0.0000E+00     0.4980E+01     0.7464E+00     0.1413E-01     0.6002E-03     0.0000E+00     0.0000E+00     0.5131E+02     0.2542E+02     0.5113E+02     0.2179E-01     0.8198E+00     0.9193E-01     0.7449E+00     0.6021E+02
   365    12    31  2018     267       1  m_4_267              0.2792E+01     0.5475E-01     0.2792E+01     0.2792E+01     0.7042E+03     0.6681E+03     0.0000E+00     0.0000E+00     0.8984E+02     0.0000E+00     0.5378E+02     0.0000E+00     0.1657E+02     0.1374E+01     0.1000E-04     0.0000E+00     0.6447E+00     0.0000E+00     0.1988E+03     0.3900E+01     0.1988E+03     0.6902E-01     0.1145E+03     0.8899E+01     0.1374E+01     0.1471E+02
   365    12    31  2018     268       1  m_4_268              0.2656E+01     0.1276E-01     0.2656E+01     0.2656E+01     0.8827E+03     0.1015E+04     0.0000E+00     0.0000E+00     0.3089E+02     0.0000E+00     0.1629E+03     0.0000E+00     0.1644E+02     0.1373E+01     0.1000E-04     0.0000E+00     0.5536E+00     0.0000E+00     0.1967E+03     0.9447E+00     0.1966E+03     0.7319E+00     0.2240E+03     0.9034E+01     0.1373E+01     0.1458E+02
   365    12    31  2018     269       1  m_4_269              0.2623E+01     0.3141E-01     0.2623E+01     0.2623E+01     0.9189E+03     0.8580E+03     0.0000E+00     0.0000E+00     0.9396E+02     0.0000E+00     0.3305E+02     0.0000E+00     0.1641E+02     0.1368E+01     0.1000E-04     0.0000E+00     0.5504E+00     0.0000E+00     0.1980E+03     0.2371E+01     0.1980E+03     0.1439E+00     0.2201E+03     0.8804E+01     0.1368E+01     0.1446E+02
   365    12    31  2018     270       1  m_4_270              0.2689E+01     0.0000E+00     0.2689E+01     0.0000E+00     0.5329E+03     0.5329E+03     0.0000E+00     0.0000E+00     0.0000E+00     0.0000E+00     0.0000E+00     0.0000E+00     0.2277E+02     0.1090E+01     0.1000E-04     0.0000E+00     0.0000E+00     0.0000E+00     0.0000E+00     0.0000E+00     0.0000E+00     0.0000E+00     0.0000E+00     0.0000E+00     0.0000E+00     0.0000E+00
   365    12    31  2018     271       1  t_1_271              0.7582E-02     0.1116E-02     0.7564E-02     0.7582E-02     0.2424E+02     0.2424E+02     0.0000E+00     0.0000E+00     0.0000E+00     0.1156E+01     0.0000E+00     0.0000E+00     0.4863E+01     0.9642E+00     0.4054E-02     0.9768E-02     0.0000E+00     0.0000E+00     0.3036E+02     0.4468E+01     0.3029E+02     0.5005E-01     0.1522E+01     0.2236E+00     0.9053E+00     0.4393E+02
   365    12    31  2018     272       1  m_1_272              0.1087E+00     0.8746E-01     0.1086E+00     0.1087E+00     0.5824E+02     0.5940E+02     0.0000E+00     0.0000E+00     0.6625E+00     0.0000E+00     0.1822E+01     0.0000E+00     0.6832E+01     0.9034E+00     0.1000E-04     0.0000E+00     0.5434E-01     0.0000E+00     0.1686E+03     0.1357E+03     0.1685E+03     0.1227E+00     0.1131E+02     0.5778E+00     0.9034E+00     0.3025E+01
   365    12    31  2018     273       1  t_1_273              0.7844E-02     0.3381E-03     0.7841E-02     0.9301E-02     0.6522E+01     0.6522E+01     0.0000E+00     0.0000E+00     0.0000E+00     0.1322E-01     0.0000E+00     0.0000E+00     0.5106E+01     0.8622E+00     0.2019E-02     0.3496E-03     0.0000E+00     0.0000E+00     0.7690E+02     0.3314E+01     0.7687E+02     0.5245E-02     0.5731E+00     0.8214E-01     0.8614E+00     0.2981E+02
   365    12    31  2018     274       1  t_1_274              0.1392E-01     0.7054E-03     0.1391E-01     0.1392E-01     0.1701E+02     0.1701E+02     0.0000E+00     0.0000E+00     0.0000E+00     0.0000E+00     0.0000E+00     0.0000E+00     0.6195E+01     0.9334E+00     0.9055E-03     0.0000E+00     0.0000E+00     0.0000E+00     0.7815E+02     0.3961E+01     0.7812E+02     0.1775E-01     0.1969E+01     0.1579E+00     0.9334E+00     0.2762E+02
   365    12    31  2018     275       1  m_4_275              0.2291E+01     0.1543E-01     0.2291E+01     0.2291E+01     0.9886E+03     0.1061E+04     0.0000E+00     0.0000E+00     0.2181E+03     0.1653E+00     0.2905E+03     0.0000E+00     0.1467E+02     0.1389E+01     0.6069E-04     0.1739E-02     0.2037E+01     0.0000E+00     0.2042E+03     0.1376E+01     0.2042E+03     0.2312E+00     0.1915E+03     0.7082E+01     0.1375E+01     0.3216E+02
   365    12    31  2018     276       1  t_1_276              0.2319E-02     0.1074E-02     0.2318E-02     0.4606E-02     0.4669E+01     0.4669E+01     0.0000E+00     0.0000E+00     0.0000E+00     0.0000E+00     0.0000E+00     0.0000E+00     0.5294E+01     0.9730E+00     0.1000E-04     0.0000E+00     0.0000E+00     0.0000E+00     0.4820E+02     0.2231E+02     0.4817E+02     0.4986E-02     0.3596E+00     0.4324E-01     0.9730E+00     0.2672E+01
   365    12    31  2018     277       1  m_2_277              0.1392E+00     0.1867E-01     0.1392E+00     0.1392E+00     0.2218E+02     0.2218E+02     0.0000E+00     0.0000E+00     0.0000E+00     0.0000E+00     0.0000E+00     0.0000E+00     0.7726E+01     0.1076E+01     0.6283E-03     0.0000E+00     0.0000E+00     0.0000E+00     0.1306E+03     0.1751E+02     0.1306E+03     0.8500E-02     0.6489E+01     0.7637E+00     0.1076E+01     0.3630E+02
   365    12    31  2018     278       1  t_1_278              0.1161E-01     0.9295E-03     0.1161E-01     0.1161E-01     0.1592E+02     0.1592E+02     0.0000E+00     0.0000E+00     0.0000E+00     0.8748E-01     0.0000E+00     0.0000E+00     0.5542E+01     0.1265E+01     0.2341E-02     0.1615E-01     0.0000E+00     0.0000E+00     0.4407E+02     0.3528E+01     0.4404E+02     0.8281E-02     0.1801E+01     0.2467E+00     0.1082E+01     0.5140E+02
   365    12    31  2018     279       1  t_1_279              0.7625E-02     0.4093E-03     0.7568E-02     0.7625E-02     0.1075E+02     0.1075E+02     0.0000E+00     0.0000E+00     0.0000E+00     0.0000E+00     0.0000E+00     0.0000E+00     0.5666E+01     0.9976E+00     0.1000E-04     0.0000E+00     0.0000E+00     0.0000E+00     0.4284E+02     0.2300E+01     0.4253E+02     0.6506E-01     0.1144E+01     0.1647E+00     0.9976E+00     0.2977E+01
   365    12    31  2018     280       1  t_1_280              0.1935E-01     0.1620E-02     0.1935E-01     0.2869E-01     0.1991E+01     0.1991E+01     0.0000E+00     0.0000E+00     0.0000E+00     0.1799E+01     0.0000E+00     0.0000E+00     0.4996E+01     0.1313E+01     0.4736E-02     0.2774E-01     0.0000E+00     0.0000E+00     0.2573E+03     0.2154E+02     0.2572E+03     0.2106E-02     0.8437E+00     0.6337E-01     0.1079E+01     0.6671E+02
   365    12    31  2018     281       1  t_1_281              0.2224E-01     0.1624E-02     0.2223E-01     0.2552E-01     0.3878E+01     0.3878E+01     0.0000E+00     0.0000E+00     0.0000E+00     0.0000E+00     0.0000E+00     0.0000E+00     0.5790E+01     0.1105E+01     0.6881E-03     0.0000E+00     0.0000E+00     0.0000E+00     0.2089E+03     0.1525E+02     0.2088E+03     0.5489E-02     0.1221E+01     0.9236E-01     0.1105E+01     0.3000E+02
   365    12    31  2018     282       1  t_1_282              0.2787E-01     0.1883E-01     0.2779E-01     0.2787E-01     0.1269E+02     0.1273E+02     0.0000E+00     0.0000E+00     0.0000E+00     0.0000E+00     0.4772E-01     0.0000E+00     0.5507E+01     0.1011E+01     0.1000E-04     0.0000E+00     0.2510E-02     0.0000E+00     0.1301E+03     0.8794E+02     0.1298E+03     0.3867E-01     0.3177E+01     0.1976E+00     0.1011E+01     0.2961E+01
   365    12    31  2018     283       1  m_2_283              0.2659E+00     0.1753E-01     0.2658E+00     0.2659E+00     0.4892E+02     0.5847E+02     0.0000E+00     0.0000E+00     0.1278E+01     0.0000E+00     0.1082E+02     0.0000E+00     0.8231E+01     0.1145E+01     0.1000E-04     0.0000E+00     0.5687E+00     0.0000E+00     0.1499E+03     0.9884E+01     0.1498E+03     0.1590E-01     0.8771E+01     0.1215E+01     0.1145E+01     0.5417E+01
   365    12    31  2018     284       1  t_1_284              0.2862E-01     0.2828E-02     0.2850E-01     0.2862E-01     0.3704E+02     0.3773E+02     0.0000E+00     0.0000E+00     0.0000E+00     0.0000E+00     0.6917E+00     0.0000E+00     0.7259E+01     0.1058E+01     0.1000E-04     0.0000E+00     0.3017E-02     0.0000E+00     0.4666E+02     0.4610E+01     0.4646E+02     0.1980E+00     0.4217E+01     0.5707E+00     0.1058E+01     0.4191E+01
   365    12    31  2018     285       1  m_2_285              0.1852E+00     0.4114E-01     0.1852E+00     0.1852E+00     0.2939E+02     0.2939E+02     0.0000E+00     0.0000E+00     0.0000E+00     0.0000E+00     0.0000E+00     0.0000E+00     0.7957E+01     0.1064E+01     0.5936E-03     0.0000E+00     0.0000E+00     0.0000E+00     0.1562E+03     0.3471E+02     0.1562E+03     0.1492E-01     0.1071E+02     0.8750E+00     0.1064E+01     0.3564E+02
   365    12    31  2018     286       1  m_2_286              0.2434E+00     0.1673E-01     0.2432E+00     0.2434E+00     0.6200E+02     0.1126E+03     0.0000E+00     0.0000E+00     0.2280E+01     0.0000E+00     0.5285E+02     0.0000E+00     0.8247E+01     0.1151E+01     0.1000E-04     0.0000E+00     0.1232E+00     0.0000E+00     0.1377E+03     0.9467E+01     0.1377E+03     0.2131E+00     0.1634E+02     0.1411E+01     0.1151E+01     0.5469E+01
   365    12    31  2018     287       1  t_1_287              0.1759E-01     0.1530E-01     0.1757E-01     0.3163E-01     0.3411E+01     0.3411E+01     0.0000E+00     0.0000E+00     0.0000E+00     0.0000E+00     0.0000E+00     0.0000E+00     0.5265E+01     0.9577E+00     0.3448E-04     0.0000E+00     0.0000E+00     0.0000E+00     0.3115E+03     0.2710E+03     0.3113E+03     0.3561E-02     0.1468E+01     0.5274E-01     0.9577E+00     0.4803E+01
   365    12    31  2018     288       1  m_1_288              0.5151E-01     0.3430E-02     0.5145E-01     0.5151E-01     0.1394E+02     0.1415E+02     0.0000E+00     0.0000E+00     0.0000E+00     0.0000E+00     0.2144E+00     0.0000E+00     0.5844E+01     0.1217E+01     0.1000E-04     0.0000E+00     0.5332E-02     0.0000E+00     0.1357E+03     0.9036E+01     0.1355E+03     0.3780E-01     0.3304E+01     0.3095E+00     0.1217E+01     0.4302E+01
   365    12    31  2018     289       1  t_1_289              0.5819E-01     0.2966E-01     0.5818E-01     0.5819E-01     0.3728E+02     0.3738E+02     0.0000E+00     0.0000E+00     0.0000E+00     0.0000E+00     0.9853E-01     0.0000E+00     0.7259E+01     0.1057E+01     0.1000E-04     0.0000E+00     0.1519E-01     0.0000E+00     0.9475E+02     0.4830E+02     0.9474E+02     0.1989E-01     0.6144E+01     0.5712E+00     0.1057E+01     0.4185E+01
   365    12    31  2018     290       1  m_2_290              0.1199E+00     0.9895E-02     0.1199E+00     0.1199E+00     0.2116E+02     0.2116E+02     0.0000E+00     0.0000E+00     0.0000E+00     0.1334E+01     0.0000E+00     0.0000E+00     0.7454E+01     0.2191E+01     0.1411E-02     0.6101E-01     0.0000E+00     0.0000E+00     0.1142E+03     0.9423E+01     0.1142E+03     0.1377E-01     0.4382E+01     0.7487E+00     0.1565E+01     0.1025E+03
   365    12    31  2018     291       1  t_1_291              0.4697E-01     0.1441E-01     0.4693E-01     0.4697E-01     0.1214E+02     0.1222E+02     0.0000E+00     0.0000E+00     0.0000E+00     0.0000E+00     0.8463E-01     0.0000E+00     0.5945E+01     0.1227E+01     0.1000E-04     0.0000E+00     0.6809E-03     0.0000E+00     0.1338E+03     0.4102E+02     0.1336E+03     0.1929E-01     0.2867E+01     0.2833E+00     0.1227E+01     0.4433E+01
   365    12    31  2018     292       1  m_2_292              0.2733E+00     0.7052E-02     0.2733E+00     0.2733E+00     0.5864E+02     0.6728E+02     0.0000E+00     0.0000E+00     0.9808E+00     0.0000E+00     0.9626E+01     0.0000E+00     0.8201E+01     0.1145E+01     0.1000E-04     0.0000E+00     0.1830E+00     0.0000E+00     0.1528E+03     0.3942E+01     0.1528E+03     0.8856E-02     0.9525E+01     0.1225E+01     0.1145E+01     0.5394E+01
   365    12    31  2018     293       1  m_2_293              0.5026E+00     0.6948E-02     0.5026E+00     0.5026E+00     0.5148E+02     0.5148E+02     0.0000E+00     0.0000E+00     0.0000E+00     0.1240E+02     0.0000E+00     0.0000E+00     0.9156E+01     0.3295E+01     0.4448E-03     0.1094E+00     0.0000E+00     0.0000E+00     0.1490E+03     0.2060E+01     0.1490E+03     0.2370E-01     0.2441E+02     0.2269E+01     0.2325E+01     0.1410E+03
   365    12    31  2018     294       1  m_2_294              0.3437E+00     0.6534E-01     0.3436E+00     0.3437E+00     0.6930E+02     0.6930E+02     0.0000E+00     0.0000E+00     0.0000E+00     0.1307E+02     0.0000E+00     0.0000E+00     0.8245E+01     0.6076E+01     0.3536E-03     0.2573E+00     0.0000E+00     0.0000E+00     0.1731E+03     0.3290E+02     0.1730E+03     0.8747E-01     0.1603E+02     0.1362E+01     0.3697E+01     0.2806E+03
   365    12    31  2018     295       1  m_2_295              0.4907E+00     0.1864E-01     0.4906E+00     0.4907E+00     0.4935E+02     0.4935E+02     0.0000E+00     0.0000E+00     0.0000E+00     0.5088E+00     0.0000E+00     0.0000E+00     0.8576E+01     0.1352E+01     0.6240E-03     0.8904E-02     0.0000E+00     0.0000E+00     0.1543E+03     0.5861E+01     0.1543E+03     0.5561E-01     0.2309E+02     0.2134E+01     0.1290E+01     0.5455E+02
   365    12    31  2018     296       1  t_1_296              0.1644E-01     0.8680E-03     0.1628E-01     0.1644E-01     0.6147E+01     0.8411E+01     0.0000E+00     0.0000E+00     0.0000E+00     0.0000E+00     0.2264E+01     0.0000E+00     0.6103E+01     0.9969E+00     0.1000E-04     0.0000E+00     0.7013E-02     0.0000E+00     0.2723E+02     0.1438E+01     0.2696E+02     0.8105E-01     0.1854E+01     0.4148E+00     0.9969E+00     0.3197E+01
   365    12    31  2018     297       1  t_1_297              0.1271E+00     0.5141E-01     0.1271E+00     0.1271E+00     0.1148E+02     0.1217E+02     0.0000E+00     0.0000E+00     0.4034E+00     0.0000E+00     0.1091E+01     0.0000E+00     0.6738E+01     0.1110E+01     0.1000E-04     0.0000E+00     0.1496E+00     0.0000E+00     0.1344E+03     0.5434E+02     0.1343E+03     0.6596E-02     0.1043E+02     0.6526E+00     0.1110E+01     0.4224E+01
   365    12    31  2018     298       1  t_1_298              0.7578E-01     0.3462E-01     0.7567E-01     0.7578E-01     0.1153E+02     0.1153E+02     0.0000E+00     0.0000E+00     0.0000E+00     0.4465E+00     0.0000E+00     0.0000E+00     0.6778E+01     0.1168E+01     0.3821E-03     0.2438E-02     0.0000E+00     0.0000E+00     0.8018E+02     0.3663E+02     0.8007E+02     0.3226E-01     0.6488E+01     0.6520E+00     0.1148E+01     0.2779E+02
   365    12    31  2018     299       1  t_1_299              0.3392E-01     0.1611E-01     0.3389E-01     0.3392E-01     0.8649E+01     0.8649E+01     0.0000E+00     0.0000E+00     0.0000E+00     0.6196E+02     0.0000E+00     0.0000E+00     0.5898E+01     0.6960E+01     0.3478E-02     0.3166E+00     0.0000E+00     0.0000E+00     0.5114E+02     0.2428E+02     0.5109E+02     0.1102E-01     0.3110E+01     0.4561E+00     0.3729E+01     0.7512E+03
   365    12    31  2018     300       1  m_2_300              0.7550E+00     0.1285E-01     0.7550E+00     0.7550E+00     0.2159E+03     0.2159E+03     0.0000E+00     0.0000E+00     0.0000E+00     0.3150E+00     0.0000E+00     0.0000E+00     0.1094E+02     0.1349E+01     0.9409E-03     0.7871E-02     0.0000E+00     0.0000E+00     0.1431E+03     0.2436E+01     0.1431E+03     0.1756E-01     0.2104E+02     0.2801E+01     0.1285E+01     0.8452E+02
   365    12    31  2018     301       1  m_2_301              0.7047E+00     0.1957E-01     0.7047E+00     0.7047E+00     0.5190E+03     0.4378E+03     0.0000E+00     0.0000E+00     0.1067E+03     0.0000E+00     0.2552E+02     0.0000E+00     0.1058E+02     0.1271E+01     0.1000E-04     0.0000E+00     0.3339E+00     0.0000E+00     0.1520E+03     0.4222E+01     0.1520E+03     0.4021E-01     0.2578E+02     0.2652E+01     0.1271E+01     0.8264E+01
   365    12    31  2018     302       1  m_2_302              0.5159E+00     0.1108E-01     0.5159E+00     0.5159E+00     0.2433E+02     0.5149E+02     0.0000E+00     0.0000E+00     0.2278E+01     0.0000E+00     0.2943E+02     0.0000E+00     0.9153E+01     0.1248E+01     0.1000E-04     0.0000E+00     0.2716E+00     0.0000E+00     0.1527E+03     0.3279E+01     0.1526E+03     0.9552E-02     0.1543E+02     0.2130E+01     0.1248E+01     0.6948E+01
   365    12    31  2018     303       1  m_2_303              0.5448E+00     0.7361E-02     0.5446E+00     0.5448E+00     0.7167E+02     0.3845E+03     0.0000E+00     0.0000E+00     0.4746E+01     0.0000E+00     0.3176E+03     0.0000E+00     0.9437E+01     0.1267E+01     0.1000E-04     0.0000E+00     0.2884E+00     0.0000E+00     0.1340E+03     0.1810E+01     0.1339E+03     0.6144E+00     0.2093E+02     0.2583E+01     0.1267E+01     0.7344E+01
   365    12    31  2018     304       1  m_2_304              0.7889E+00     0.1932E-01     0.7889E+00     0.7889E+00     0.1004E+03     0.1124E+03     0.0000E+00     0.0000E+00     0.1231E+02     0.0000E+00     0.2427E+02     0.0000E+00     0.1102E+02     0.1314E+01     0.1000E-04     0.0000E+00     0.3465E+00     0.0000E+00     0.1494E+03     0.3660E+01     0.1494E+03     0.9603E-02     0.1661E+02     0.2553E+01     0.1314E+01     0.9099E+01
   365    12    31  2018     305       1  m_2_305              0.8058E+00     0.1497E-01     0.8057E+00     0.8058E+00     0.1142E+03     0.1833E+03     0.0000E+00     0.0000E+00     0.3409E+01     0.0000E+00     0.7252E+02     0.0000E+00     0.1107E+02     0.1314E+01     0.1152E-04     0.0000E+00     0.4040E+00     0.0000E+00     0.1509E+03     0.2803E+01     0.1508E+03     0.4000E-01     0.1829E+02     0.2594E+01     0.1314E+01     0.9821E+01
   365    12    31  2018     306       1  m_2_306              0.6645E+00     0.1060E+00     0.6645E+00     0.6645E+00     0.1675E+03     0.1407E+03     0.0000E+00     0.0000E+00     0.3246E+02     0.0000E+00     0.5741E+01     0.0000E+00     0.9423E+01     0.1265E+01     0.1000E-04     0.0000E+00     0.3477E+00     0.0000E+00     0.1634E+03     0.2607E+02     0.1634E+03     0.3042E-02     0.1976E+02     0.2279E+01     0.1265E+01     0.7311E+01
   365    12    31  2018     307       1  m_2_307              0.6856E+00     0.3410E-02     0.6850E+00     0.6856E+00     0.1574E+03     0.5188E+03     0.0000E+00     0.0000E+00     0.3119E-01     0.0000E+00     0.3615E+03     0.0000E+00     0.1057E+02     0.1272E+01     0.2916E-04     0.0000E+00     0.4391E+00     0.0000E+00     0.1480E+03     0.7359E+00     0.1478E+03     0.4799E+00     0.2399E+02     0.2650E+01     0.1272E+01     0.1412E+02
   365    12    31  2018     308       1  m_2_308              0.8054E+00     0.8121E-02     0.8053E+00     0.8054E+00     0.9247E+02     0.9247E+02     0.0000E+00     0.0000E+00     0.0000E+00     0.0000E+00     0.0000E+00     0.0000E+00     0.1110E+02     0.1306E+01     0.1961E-03     0.0000E+00     0.0000E+00     0.0000E+00     0.1501E+03     0.1513E+01     0.1501E+03     0.2950E-01     0.1630E+02     0.2540E+01     0.1306E+01     0.4015E+02
   365    12    31  2018     309       1  m_2_309              0.1037E+01     0.2062E-02     0.1037E+01     0.1037E+01     0.1301E+03     0.1301E+03     0.0000E+00     0.0000E+00     0.0000E+00     0.4422E+03     0.0000E+00     0.0000E+00     0.1099E+02     0.1209E+03     0.1708E-02     0.6302E+01     0.0000E+00     0.0000E+00     0.1441E+03     0.2864E+00     0.1441E+03     0.8379E-01     0.2244E+02     0.4621E+01     0.6511E+02     0.4430E+06
   365    12    31  2018     310       1  t_1_310              0.4163E-01     0.2753E-01     0.4162E-01     0.4163E-01     0.9562E+01     0.9562E+01     0.0000E+00     0.0000E+00     0.0000E+00     0.3360E+01     0.0000E+00     0.0000E+00     0.5810E+01     0.3160E+01     0.1013E-02     0.1064E+00     0.0000E+00     0.0000E+00     0.1592E+03     0.1053E+03     0.1592E+03     0.9401E-02     0.4852E+01     0.4090E+00     0.2260E+01     0.1338E+03
   365    12    31  2018     311       1  m_1_311              0.1685E-01     0.9456E-03     0.1685E-01     0.1685E-01     0.2140E+01     0.2140E+01     0.0000E+00     0.0000E+00     0.0000E+00     0.0000E+00     0.0000E+00     0.0000E+00     0.5315E+01     0.1037E+01     0.2222E-02     0.0000E+00     0.0000E+00     0.0000E+00     0.8187E+02     0.4594E+01     0.8187E+02     0.7736E-03     0.6111E+00     0.2430E+00     0.1037E+01     0.4453E+02
   365    12    31  2018     312       1  t_2_312              0.3303E-02     0.1380E-03     0.3276E-02     0.3303E-02     0.2069E+01     0.2069E+01     0.0000E+00     0.0000E+00     0.0000E+00     0.0000E+00     0.0000E+00     0.0000E+00     0.1104E+02     0.1205E+01     0.1120E-02     0.0000E+00     0.0000E+00     0.0000E+00     0.5023E+00     0.2099E-01     0.4982E+00     0.2643E-01     0.2426E+00     0.8582E-01     0.1205E+01     0.8353E+02
   365    12    31  2018     313       1  m_2_313              0.1017E+01     0.2515E-03     0.1017E+01     0.1017E+01     0.2293E+03     0.2506E+03     0.0000E+00     0.0000E+00     0.1116E+03     0.0000E+00     0.1329E+03     0.0000E+00     0.1127E+02     0.1348E+01     0.1000E-04     0.0000E+00     0.4247E+00     0.0000E+00     0.1464E+03     0.3622E-01     0.1464E+03     0.1008E+00     0.2956E+02     0.4542E+01     0.1348E+01     0.9713E+01
   365    12    31  2018     314       1  m_1_314              0.1248E+00     0.1201E-02     0.1248E+00     0.1248E+00     0.5596E+01     0.1201E+02     0.0000E+00     0.0000E+00     0.0000E+00     0.0000E+00     0.6418E+01     0.0000E+00     0.6414E+01     0.1196E+01     0.1000E-04     0.0000E+00     0.3696E-01     0.0000E+00     0.1826E+03     0.1757E+01     0.1825E+03     0.8602E-02     0.4381E+01     0.5985E+00     0.1196E+01     0.4566E+01
   365    12    31  2018     315       1  m_1_315              0.1559E-01     0.1471E-02     0.1558E-01     0.1559E-01     0.3415E+01     0.3415E+01     0.0000E+00     0.0000E+00     0.0000E+00     0.0000E+00     0.0000E+00     0.0000E+00     0.5729E+01     0.1129E+01     0.1000E-04     0.0000E+00     0.0000E+00     0.0000E+00     0.8065E+02     0.7612E+01     0.8063E+02     0.2993E-02     0.8320E+00     0.2551E+00     0.1129E+01     0.3712E+01
   365    12    31  2018     316       1  m_2_316              0.8072E+00     0.1897E-04     0.8071E+00     0.8072E+00     0.9399E+02     0.1403E+03     0.0000E+00     0.0000E+00     0.0000E+00     0.0000E+00     0.4629E+02     0.0000E+00     0.1114E+02     0.1309E+01     0.7835E-04     0.0000E+00     0.2201E+00     0.0000E+00     0.1494E+03     0.3509E-02     0.1494E+03     0.3319E-01     0.1647E+02     0.2601E+01     0.1309E+01     0.2560E+02
   365    12    31  2018     317       1  m_1_317              0.5543E-01     0.6135E-02     0.5541E-01     0.5543E-01     0.1147E+02     0.1210E+02     0.0000E+00     0.0000E+00     0.0000E+00     0.0000E+00     0.6235E+00     0.0000E+00     0.6586E+01     0.1315E+01     0.1000E-04     0.0000E+00     0.3720E-02     0.0000E+00     0.8832E+02     0.9775E+01     0.8828E+02     0.2796E-01     0.2634E+01     0.7647E+00     0.1315E+01     0.5509E+01
   365    12    31  2018     318       1  m_1_318              0.1224E+00     0.9760E-03     0.1224E+00     0.1224E+00     0.2689E+01     0.4638E+01     0.0000E+00     0.0000E+00     0.0000E+00     0.0000E+00     0.1949E+01     0.0000E+00     0.6397E+01     0.1208E+01     0.1000E-04     0.0000E+00     0.3430E-01     0.0000E+00     0.1859E+03     0.1482E+01     0.1859E+03     0.1140E-02     0.4122E+01     0.5589E+00     0.1208E+01     0.4635E+01
   365    12    31  2018     319       1  m_1_319              0.8933E-02     0.1382E-03     0.8919E-02     0.8933E-02     0.6907E+01     0.6907E+01     0.0000E+00     0.0000E+00     0.0000E+00     0.1279E+01     0.0000E+00     0.0000E+00     0.5190E+01     0.2470E+01     0.4012E-02     0.7649E-01     0.0000E+00     0.0000E+00     0.4858E+02     0.7514E+00     0.4850E+02     0.2504E-01     0.6423E+00     0.2881E+00     0.1669E+01     0.1397E+03
   365    12    31  2018     320       1  t_1_320              0.1314E-01     0.1631E-02     0.1311E-01     0.1314E-01     0.9042E+01     0.9042E+01     0.0000E+00     0.0000E+00     0.0000E+00     0.6724E+01     0.0000E+00     0.0000E+00     0.5423E+01     0.5993E+01     0.2093E-02     0.2677E+00     0.0000E+00     0.0000E+00     0.5461E+02     0.6777E+01     0.5446E+02     0.4470E-01     0.1013E+01     0.3768E+00     0.3211E+01     0.3948E+03
   365    12    31  2018     321       1  t_1_321              0.5973E-01     0.7727E-02     0.5971E-01     0.5973E-01     0.1383E+02     0.1683E+02     0.0000E+00     0.0000E+00     0.0000E+00     0.0000E+00     0.3006E+01     0.0000E+00     0.6020E+01     0.1120E+01     0.1000E-04     0.0000E+00     0.1988E-01     0.0000E+00     0.1742E+03     0.2254E+02     0.1742E+03     0.3778E-01     0.6705E+01     0.5337E+00     0.1120E+01     0.3844E+01
   365    12    31  2018     322       1  t_1_322              0.4788E-01     0.3185E-02     0.4782E-01     0.4788E-01     0.1193E+02     0.1352E+02     0.0000E+00     0.0000E+00     0.0000E+00     0.0000E+00     0.1589E+01     0.0000E+00     0.6041E+01     0.1159E+01     0.1000E-04     0.0000E+00     0.4119E-01     0.0000E+00     0.1470E+03     0.9777E+01     0.1468E+03     0.6932E-01     0.5405E+01     0.5077E+00     0.1159E+01     0.4086E+01
   365    12    31  2018     323       1  m_2_323              0.9965E+00     0.5481E-03     0.9965E+00     0.9965E+00     0.1725E+03     0.2133E+03     0.0000E+00     0.0000E+00     0.0000E+00     0.1017E+01     0.4076E+02     0.0000E+00     0.1109E+02     0.1447E+01     0.1955E-03     0.5696E-02     0.1145E+00     0.0000E+00     0.1528E+03     0.8406E-01     0.1528E+03     0.6119E-01     0.2799E+02     0.3874E+01     0.1401E+01     0.4509E+02
   365    12    31  2018     324       1  m_1_324              0.3111E-01     0.1065E-01     0.3111E-01     0.3111E-01     0.4614E+01     0.4624E+01     0.0000E+00     0.0000E+00     0.0000E+00     0.0000E+00     0.9807E-02     0.0000E+00     0.5789E+01     0.1085E+01     0.1000E-04     0.0000E+00     0.3781E-03     0.0000E+00     0.1142E+03     0.3909E+02     0.1142E+03     0.2585E-02     0.2092E+01     0.3473E+00     0.1085E+01     0.3503E+01
   365    12    31  2018     325       1  m_1_325              0.1186E+00     0.6535E-01     0.1186E+00     0.1186E+00     0.3948E+01     0.4330E+01     0.0000E+00     0.0000E+00     0.0000E+00     0.0000E+00     0.3812E+00     0.0000E+00     0.6576E+01     0.1259E+01     0.1000E-04     0.0000E+00     0.3319E-01     0.0000E+00     0.1887E+03     0.1040E+03     0.1887E+03     0.1953E-03     0.7819E+01     0.5574E+00     0.1259E+01     0.5103E+01
   365    12    31  2018     326       1  t_2_326              0.7269E-03     0.5195E-03     0.7217E-03     0.7269E-03     0.1629E+00     0.1629E+00     0.0000E+00     0.0000E+00     0.0000E+00     0.0000E+00     0.0000E+00     0.0000E+00     0.1109E+02     0.1342E+01     0.1000E-04     0.0000E+00     0.0000E+00     0.0000E+00     0.1114E+00     0.7961E-01     0.1106E+00     0.2928E-02     0.6587E-01     0.6712E-02     0.1342E+01     0.9481E+01
   365    12    31  2018     327       1  m_1_327              0.2037E-01     0.4410E-03     0.2036E-01     0.2037E-01     0.4558E+01     0.4558E+01     0.0000E+00     0.0000E+00     0.0000E+00     0.0000E+00     0.0000E+00     0.0000E+00     0.5801E+01     0.1090E+01     0.1000E-04     0.0000E+00     0.0000E+00     0.0000E+00     0.7540E+02     0.1632E+01     0.7536E+02     0.1098E-01     0.8801E+00     0.3439E+00     0.1090E+01     0.3539E+01
   365    12    31  2018     328       1  m_2_328              0.1023E+01     0.6248E-03     0.1023E+01     0.1023E+01     0.2550E+03     0.2550E+03     0.0000E+00     0.0000E+00     0.0000E+00     0.1240E+03     0.0000E+00     0.0000E+00     0.1118E+02     0.5626E+01     0.9935E-03     0.2319E+00     0.0000E+00     0.0000E+00     0.1449E+03     0.8851E-01     0.1449E+03     0.1767E+00     0.3012E+02     0.4723E+01     0.3728E+01     0.5957E+03
   365    12    31  2018     329       1  m_1_329              0.3209E-01     0.5241E-04     0.3208E-01     0.3209E-01     0.3104E+01     0.3104E+01     0.0000E+00     0.0000E+00     0.0000E+00     0.0000E+00     0.0000E+00     0.0000E+00     0.6009E+01     0.1100E+01     0.7677E-03     0.0000E+00     0.0000E+00     0.0000E+00     0.1052E+03     0.1719E+00     0.1052E+03     0.3654E-02     0.1065E+01     0.3451E+00     0.1100E+01     0.3258E+02
   365    12    31  2018     330       1  m_1_330              0.1126E-01     0.2227E-02     0.1126E-01     0.1126E-01     0.6841E+01     0.6841E+01     0.0000E+00     0.0000E+00     0.0000E+00     0.0000E+00     0.0000E+00     0.0000E+00     0.5732E+01     0.1146E+01     0.1000E-04     0.0000E+00     0.0000E+00     0.0000E+00     0.6045E+02     0.1196E+02     0.6044E+02     0.4673E-02     0.8716E+00     0.2918E+00     0.1146E+01     0.3813E+01
   365    12    31  2018     331       1  m_1_331              0.3641E-01     0.4534E-03     0.3638E-01     0.3641E-01     0.6147E+01     0.6147E+01     0.0000E+00     0.0000E+00     0.0000E+00     0.0000E+00     0.0000E+00     0.0000E+00     0.6019E+01     0.1330E+01     0.4991E-03     0.0000E+00     0.0000E+00     0.0000E+00     0.9435E+02     0.1175E+01     0.9428E+02     0.1951E-01     0.1414E+01     0.4718E+00     0.1330E+01     0.3637E+02
   365    12    31  2018     332       1  m_1_332              0.1384E-01     0.2737E-02     0.1383E-01     0.1384E-01     0.3190E+01     0.3190E+01     0.0000E+00     0.0000E+00     0.0000E+00     0.0000E+00     0.0000E+00     0.0000E+00     0.5738E+01     0.1145E+01     0.1000E-04     0.0000E+00     0.0000E+00     0.0000E+00     0.7386E+02     0.1461E+02     0.7384E+02     0.2432E-02     0.6118E+00     0.2458E+00     0.1145E+01     0.3808E+01
   365    12    31  2018     333       1  m_1_333              0.1231E+00     0.3306E-02     0.1231E+00     0.1231E+00     0.5339E+01     0.5339E+01     0.0000E+00     0.0000E+00     0.0000E+00     0.0000E+00     0.0000E+00     0.0000E+00     0.6437E+01     0.1215E+01     0.2188E-03     0.0000E+00     0.0000E+00     0.0000E+00     0.1880E+03     0.5047E+01     0.1879E+03     0.4362E-02     0.8238E+01     0.5994E+00     0.1215E+01     0.2202E+02
   365    12    31  2018     334       1  t_1_334              0.5172E-01     0.3371E-02     0.5172E-01     0.5172E-01     0.1362E+02     0.1362E+02     0.0000E+00     0.0000E+00     0.0000E+00     0.3829E+01     0.0000E+00     0.0000E+00     0.5620E+01     0.1320E+02     0.1768E-02     0.6371E+00     0.0000E+00     0.0000E+00     0.1535E+03     0.1000E+02     0.1535E+03     0.6963E-02     0.5752E+01     0.5252E+00     0.7604E+01     0.2183E+04
   365    12    31  2018     335       1  m_1_335              0.4644E-01     0.2323E-02     0.4644E-01     0.4644E-01     0.9229E+01     0.9229E+01     0.0000E+00     0.0000E+00     0.0000E+00     0.0000E+00     0.0000E+00     0.0000E+00     0.5598E+01     0.1051E+01     0.5933E-02     0.0000E+00     0.0000E+00     0.0000E+00     0.8177E+02     0.4090E+01     0.8177E+02     0.1045E-02     0.1625E+01     0.6713E+00     0.1051E+01     0.7835E+02
   365    12    31  2018     336       1  m_1_336              0.2729E-01     0.1581E-01     0.2729E-01     0.2828E-01     0.9446E+00     0.1021E+01     0.0000E+00     0.0000E+00     0.0000E+00     0.0000E+00     0.7648E-01     0.0000E+00     0.5332E+01     0.1010E+01     0.1000E-04     0.0000E+00     0.2326E-02     0.0000E+00     0.2250E+03     0.1304E+03     0.2250E+03     0.8920E-03     0.2035E+01     0.1540E+00     0.1010E+01     0.2866E+01
   365    12    31  2018     337       1  t_1_337              0.1103E+00     0.4695E-03     0.1103E+00     0.1103E+00     0.7587E+01     0.1389E+02     0.0000E+00     0.0000E+00     0.0000E+00     0.0000E+00     0.6299E+01     0.0000E+00     0.6947E+01     0.9703E+00     0.3616E-04     0.0000E+00     0.3731E-01     0.0000E+00     0.1409E+03     0.5994E+00     0.1409E+03     0.1262E-01     0.4766E+01     0.1185E+01     0.9703E+00     0.6595E+01
   365    12    31  2018     338       1  t_1_338              0.7056E-01     0.4842E-01     0.7056E-01     0.7056E-01     0.8441E+00     0.8441E+00     0.0000E+00     0.0000E+00     0.0000E+00     0.1569E+03     0.0000E+00     0.0000E+00     0.5380E+01     0.8846E+02     0.8753E-02     0.4604E+01     0.0000E+00     0.0000E+00     0.5227E+03     0.3587E+03     0.5227E+03     0.4996E-03     0.4775E+01     0.1572E+00     0.4615E+02     0.4030E+06
   365    12    31  2018     339       1  m_3_339              0.1409E+01     0.4999E-02     0.1409E+01     0.1409E+01     0.5062E+03     0.5018E+03     0.0000E+00     0.0000E+00     0.7887E+02     0.0000E+00     0.7452E+02     0.0000E+00     0.1426E+02     0.1359E+01     0.1000E-04     0.0000E+00     0.4867E+00     0.0000E+00     0.1478E+03     0.5245E+00     0.1478E+03     0.6710E-01     0.2982E+02     0.7333E+01     0.1359E+01     0.1244E+02
   365    12    31  2018     340       1  t_1_340              0.2130E-01     0.6613E-02     0.2130E-01     0.2763E-01     0.1212E+01     0.1212E+01     0.0000E+00     0.0000E+00     0.0000E+00     0.2324E+00     0.0000E+00     0.0000E+00     0.5602E+01     0.1151E+01     0.1486E-02     0.4715E-02     0.0000E+00     0.0000E+00     0.2353E+03     0.7303E+02     0.2352E+03     0.1414E-02     0.1645E+01     0.1504E+00     0.1108E+01     0.4294E+02
   365    12    31  2018     341       1  t_1_341              0.2106E-01     0.7296E-03     0.2105E-01     0.2266E-01     0.5736E+00     0.5736E+00     0.0000E+00     0.0000E+00     0.0000E+00     0.3355E+00     0.0000E+00     0.0000E+00     0.5676E+01     0.1613E+01     0.1841E-02     0.3241E-01     0.0000E+00     0.0000E+00     0.1821E+03     0.6308E+01     0.1820E+03     0.1038E-02     0.6962E+00     0.1252E+00     0.1315E+01     0.6563E+02
   365    12    31  2018     342       1  t_1_342              0.1938E-01     0.1713E-02     0.1936E-01     0.1938E-01     0.4202E+01     0.4202E+01     0.0000E+00     0.0000E+00     0.0000E+00     0.8103E-01     0.0000E+00     0.0000E+00     0.5677E+01     0.1044E+01     0.2311E-02     0.4798E-03     0.0000E+00     0.0000E+00     0.6188E+02     0.5467E+01     0.6180E+02     0.1144E-01     0.1889E+01     0.5203E+00     0.1042E+01     0.4881E+02
   365    12    31  2018     343       1  m_3_343              0.1385E+01     0.1644E-02     0.1385E+01     0.1385E+01     0.4210E+03     0.1023E+04     0.0000E+00     0.0000E+00     0.2005E+02     0.0000E+00     0.6217E+03     0.0000E+00     0.1438E+02     0.1360E+01     0.2138E-04     0.0000E+00     0.6904E+00     0.0000E+00     0.1463E+03     0.1737E+00     0.1463E+03     0.6997E+00     0.4320E+02     0.8027E+01     0.1360E+01     0.1836E+02
   365    12    31  2018     344       1  m_3_344              0.1415E+01     0.6042E-02     0.1415E+01     0.1415E+01     0.5019E+03     0.4908E+03     0.0000E+00     0.0000E+00     0.1921E+02     0.0000E+00     0.8159E+01     0.0000E+00     0.1426E+02     0.1359E+01     0.1000E-04     0.0000E+00     0.4829E+00     0.0000E+00     0.1484E+03     0.6339E+00     0.1484E+03     0.7367E-02     0.3029E+02     0.7334E+01     0.1359E+01     0.1244E+02
   365    12    31  2018     345       1  m_3_345              0.1387E+01     0.4170E-05     0.1387E+01     0.1387E+01     0.1023E+04     0.1023E+04     0.0000E+00     0.0000E+00     0.0000E+00     0.0000E+00     0.0000E+00     0.0000E+00     0.1414E+02     0.1281E+01     0.6340E-03     0.0000E+00     0.0000E+00     0.0000E+00     0.1460E+03     0.4391E-03     0.1460E+03     0.1090E+00     0.4340E+02     0.8076E+01     0.1281E+01     0.8900E+02
   365    12    31  2018     346       1  m_2_346              0.1086E+00     0.2662E-02     0.1086E+00     0.1086E+00     0.1658E+02     0.1658E+02     0.0000E+00     0.0000E+00     0.0000E+00     0.0000E+00     0.0000E+00     0.0000E+00     0.6197E+01     0.1366E+01     0.1478E-03     0.0000E+00     0.0000E+00     0.0000E+00     0.1675E+03     0.4109E+01     0.1675E+03     0.5290E-02     0.5523E+01     0.8972E+00     0.1366E+01     0.2130E+02
   365    12    31  2018     347       1  t_1_347              0.7443E-01     0.2893E-02     0.7442E-01     0.7443E-01     0.1080E+01     0.1080E+01     0.0000E+00     0.0000E+00     0.0000E+00     0.4451E+01     0.0000E+00     0.0000E+00     0.5946E+01     0.3420E+01     0.1145E-02     0.1228E+00     0.0000E+00     0.0000E+00     0.4887E+03     0.1899E+02     0.4887E+03     0.1188E-02     0.5097E+01     0.1859E+00     0.2391E+01     0.1626E+03
   365    12    31  2018     348       1  m_2_348              0.1063E+01     0.6399E-02     0.1063E+01     0.1063E+01     0.1348E+03     0.1823E+03     0.0000E+00     0.0000E+00     0.0000E+00     0.1599E+00     0.4750E+02     0.0000E+00     0.1130E+02     0.1348E+01     0.1559E-03     0.1495E-02     0.2360E+00     0.0000E+00     0.1411E+03     0.8496E+00     0.1411E+03     0.3504E-01     0.2484E+02     0.5175E+01     0.1333E+01     0.3775E+02
   365    12    31  2018     349       1  t_1_349              0.1900E-01     0.8925E-05     0.1900E-01     0.2434E-01     0.2538E+00     0.2538E+00     0.0000E+00     0.0000E+00     0.0000E+00     0.9801E+01     0.0000E+00     0.0000E+00     0.5312E+01     0.1096E+02     0.4871E-02     0.5282E+00     0.0000E+00     0.0000E+00     0.2064E+03     0.9694E-01     0.2064E+03     0.1011E-03     0.4992E+00     0.8601E-01     0.6583E+01     0.2413E+04
   365    12    31  2018     350       1  m_1_350              0.3259E-01     0.2667E-02     0.3258E-01     0.3259E-01     0.1649E+01     0.1649E+01     0.0000E+00     0.0000E+00     0.0000E+00     0.0000E+00     0.0000E+00     0.0000E+00     0.5232E+01     0.1054E+01     0.8069E-03     0.0000E+00     0.0000E+00     0.0000E+00     0.1940E+03     0.1588E+02     0.1940E+03     0.2197E-02     0.2509E+01     0.2315E+00     0.1054E+01     0.2719E+02
   365    12    31  2018     351       1  m_2_351              0.9689E-01     0.2174E-01     0.9687E-01     0.9689E-01     0.2805E+01     0.7827E+01     0.0000E+00     0.0000E+00     0.0000E+00     0.0000E+00     0.5022E+01     0.0000E+00     0.5919E+01     0.1293E+01     0.1000E-04     0.0000E+00     0.3533E-01     0.0000E+00     0.1888E+03     0.4236E+02     0.1887E+03     0.4272E-02     0.4425E+01     0.6737E+00     0.1293E+01     0.4826E+01
   365    12    31  2018     352       1  m_2_352              0.1119E+00     0.1918E-03     0.1119E+00     0.1119E+00     0.2055E+02     0.2710E+02     0.0000E+00     0.0000E+00     0.0000E+00     0.0000E+00     0.6551E+01     0.0000E+00     0.6169E+01     0.1410E+01     0.1000E-04     0.0000E+00     0.4362E-01     0.0000E+00     0.1658E+03     0.2841E+00     0.1658E+03     0.1060E-01     0.5817E+01     0.9422E+00     0.1410E+01     0.5828E+01
   365    12    31  2018     353       1  m_2_353              0.1149E+01     0.6265E-02     0.1149E+01     0.1149E+01     0.1849E+03     0.3768E+03     0.0000E+00     0.0000E+00     0.7085E+02     0.0000E+00     0.2628E+03     0.0000E+00     0.1143E+02     0.1330E+01     0.1000E-04     0.0000E+00     0.4488E+00     0.0000E+00     0.1476E+03     0.8044E+00     0.1475E+03     0.2177E+00     0.3106E+02     0.5534E+01     0.1330E+01     0.9633E+01
   365    12    31  2018     354       1  m_1_354              0.7383E-02     0.3124E-04     0.7363E-02     0.1028E-01     0.3628E+00     0.3628E+00     0.0000E+00     0.0000E+00     0.0000E+00     0.0000E+00     0.0000E+00     0.0000E+00     0.5378E+01     0.1012E+01     0.1000E-04     0.0000E+00     0.0000E+00     0.0000E+00     0.8983E+02     0.3800E+00     0.8958E+02     0.9596E-03     0.1998E+00     0.8909E-01     0.1012E+01     0.2902E+01
   365    12    31  2018     355       1  m_2_355              0.1049E+00     0.1463E-02     0.1048E+00     0.1049E+00     0.9401E+01     0.1630E+02     0.0000E+00     0.0000E+00     0.0000E+00     0.0000E+00     0.6895E+01     0.0000E+00     0.6148E+01     0.1363E+01     0.1000E-04     0.0000E+00     0.1327E+00     0.0000E+00     0.1667E+03     0.2325E+01     0.1666E+03     0.1546E-01     0.5204E+01     0.8663E+00     0.1363E+01     0.5478E+01
   365    12    31  2018     356       1  t_1_356              0.3410E-01     0.1930E-02     0.3407E-01     0.3410E-01     0.7650E+01     0.7650E+01     0.0000E+00     0.0000E+00     0.0000E+00     0.2752E+02     0.0000E+00     0.0000E+00     0.5953E+01     0.1809E+02     0.2045E-02     0.8985E+00     0.0000E+00     0.0000E+00     0.5979E+02     0.3384E+01     0.5975E+02     0.1764E-01     0.3352E+01     0.9473E+00     0.8468E+01     0.3549E+04
   365    12    31  2018     357       1  m_1_357              0.9275E-02     0.1912E-02     0.9274E-02     0.1291E-01     0.3741E+00     0.4200E+00     0.0000E+00     0.0000E+00     0.0000E+00     0.0000E+00     0.4586E-01     0.0000E+00     0.3775E+01     0.3675E+00     0.1000E-04     0.0000E+00     0.2818E-01     0.0000E+00     0.1128E+03     0.2326E+02     0.1128E+03     0.3775E-04     0.3341E+00     0.8909E-01     0.3675E+00     0.3724E+00
   365    12    31  2018     358       1  t_1_358              0.9533E-01     0.6105E-01     0.9532E-01     0.9533E-01     0.7653E+01     0.8315E+01     0.0000E+00     0.0000E+00     0.1276E+00     0.0000E+00     0.7899E+00     0.0000E+00     0.6550E+01     0.1013E+01     0.1000E-04     0.0000E+00     0.3542E-01     0.0000E+00     0.1661E+03     0.1063E+03     0.1661E+03     0.3040E-02     0.7338E+01     0.9535E+00     0.1013E+01     0.3517E+01
   365    12    31  2018     359       1  t_1_359              0.9820E-01     0.4319E-02     0.9820E-01     0.9820E-01     0.4189E+01     0.4806E+01     0.0000E+00     0.0000E+00     0.0000E+00     0.0000E+00     0.6170E+00     0.0000E+00     0.6509E+01     0.1024E+01     0.1000E-04     0.0000E+00     0.9966E-01     0.0000E+00     0.1704E+03     0.7492E+01     0.1704E+03     0.1615E-02     0.3535E+01     0.8412E+00     0.1024E+01     0.3560E+01
   365    12    31  2018     360       1  m_2_360              0.1112E+00     0.1658E-02     0.1112E+00     0.1112E+00     0.1683E+02     0.2040E+02     0.0000E+00     0.0000E+00     0.0000E+00     0.0000E+00     0.3572E+01     0.0000E+00     0.6173E+01     0.1402E+01     0.1000E-04     0.0000E+00     0.1400E+00     0.0000E+00     0.1671E+03     0.2492E+01     0.1671E+03     0.8502E-02     0.5737E+01     0.9259E+00     0.1402E+01     0.5775E+01
   365    12    31  2018     361       1  t_1_361              0.1117E-01     0.9586E-02     0.1117E-01     0.2959E-01     0.3778E+00     0.3778E+00     0.0000E+00     0.0000E+00     0.0000E+00     0.6340E+01     0.0000E+00     0.0000E+00     0.4532E+01     0.2367E+02     0.5369E-02     0.1194E+01     0.0000E+00     0.0000E+00     0.3967E+03     0.3403E+03     0.3966E+03     0.2287E-03     0.7707E+00     0.4679E-01     0.1252E+02     0.1164E+05
   365    12    31  2018     362       1  m_1_362              0.4189E-01     0.9734E-02     0.4189E-01     0.4189E-01     0.8278E+00     0.8278E+00     0.0000E+00     0.0000E+00     0.0000E+00     0.3743E+01     0.0000E+00     0.0000E+00     0.4796E+01     0.1145E+02     0.3986E-02     0.5551E+00     0.0000E+00     0.0000E+00     0.2462E+03     0.5722E+02     0.2462E+03     0.5822E-04     0.1824E+01     0.2076E+00     0.6227E+01     0.2034E+04
   365    12    31  2018     363       1  t_1_363              0.3247E-01     0.1306E-01     0.3247E-01     0.3247E-01     0.4171E+01     0.4171E+01     0.0000E+00     0.0000E+00     0.0000E+00     0.0000E+00     0.0000E+00     0.0000E+00     0.6053E+01     0.1153E+01     0.4580E-03     0.0000E+00     0.0000E+00     0.0000E+00     0.1034E+03     0.4159E+02     0.1034E+03     0.7077E-03     0.2665E+01     0.5216E+00     0.1153E+01     0.2748E+02
   365    12    31  2018     364       1  m_1_364              0.7651E-02     0.3309E-02     0.7647E-02     0.1116E-01     0.1032E+01     0.1032E+01     0.0000E+00     0.0000E+00     0.0000E+00     0.0000E+00     0.0000E+00     0.0000E+00     0.5278E+01     0.1024E+01     0.7134E-03     0.0000E+00     0.0000E+00     0.0000E+00     0.9940E+02     0.4299E+02     0.9935E+02     0.1225E-02     0.6282E+00     0.1279E+00     0.1024E+01     0.2455E+02
   365    12    31  2018     365       1  m_2_365              0.1890E+00     0.3853E-03     0.1890E+00     0.1890E+00     0.1937E+02     0.1937E+02     0.0000E+00     0.0000E+00     0.0000E+00     0.0000E+00     0.0000E+00     0.0000E+00     0.8443E+01     0.1251E+01     0.1005E-03     0.0000E+00     0.0000E+00     0.0000E+00     0.1209E+03     0.2465E+00     0.1209E+03     0.1636E-01     0.5483E+01     0.1080E+01     0.1251E+01     0.2043E+02
   365    12    31  2018     366       1  t_1_366              0.1957E-02     0.1164E-05     0.1949E-02     0.3963E-02     0.4632E+01     0.4632E+01     0.0000E+00     0.0000E+00     0.0000E+00     0.0000E+00     0.0000E+00     0.0000E+00     0.5384E+01     0.1064E+01     0.1000E-04     0.0000E+00     0.0000E+00     0.0000E+00     0.4202E+02     0.2499E-01     0.4184E+02     0.2364E-01     0.1634E+00     0.7445E-01     0.1064E+01     0.3159E+01
   365    12    31  2018     367       1  m_2_367              0.2118E+00     0.4609E-02     0.2118E+00     0.2118E+00     0.1293E+02     0.1496E+02     0.0000E+00     0.0000E+00     0.0000E+00     0.0000E+00     0.2037E+01     0.0000E+00     0.8541E+01     0.1251E+01     0.1000E-04     0.0000E+00     0.2331E-01     0.0000E+00     0.1244E+03     0.2706E+01     0.1244E+03     0.8968E-02     0.5140E+01     0.1191E+01     0.1251E+01     0.6517E+01
   365    12    31  2018     368       1  m_1_368              0.7031E-02     0.4633E-02     0.7010E-02     0.1253E-01     0.5540E+01     0.5540E+01     0.0000E+00     0.0000E+00     0.0000E+00     0.0000E+00     0.0000E+00     0.0000E+00     0.5423E+01     0.1083E+01     0.1000E-04     0.0000E+00     0.0000E+00     0.0000E+00     0.1228E+03     0.8088E+02     0.1224E+03     0.1887E-01     0.7313E+00     0.9110E-01     0.1083E+01     0.3279E+01
   365    12    31  2018     369       1  t_1_369              0.4079E-01     0.1281E-02     0.4037E-01     0.4079E-01     0.8778E+02     0.1160E+03     0.0000E+00     0.0000E+00     0.0000E+00     0.0000E+00     0.2826E+02     0.0000E+00     0.6630E+01     0.1128E+01     0.1000E-04     0.0000E+00     0.2751E-01     0.0000E+00     0.4593E+02     0.1442E+01     0.4545E+02     0.2191E+01     0.3297E+01     0.1400E+01     0.1128E+01     0.4273E+01
   365    12    31  2018     370       1  m_2_370              0.1938E+00     0.4558E-02     0.1938E+00     0.1938E+00     0.1995E+02     0.1995E+02     0.0000E+00     0.0000E+00     0.0000E+00     0.0000E+00     0.0000E+00     0.0000E+00     0.8396E+01     0.1197E+01     0.7285E-03     0.0000E+00     0.0000E+00     0.0000E+00     0.1236E+03     0.2907E+01     0.1236E+03     0.2835E-02     0.6018E+01     0.1088E+01     0.1197E+01     0.5081E+02
   365    12    31  2018     371       1  t_1_371              0.4613E-01     0.2881E-02     0.4603E-01     0.4613E-01     0.1166E+03     0.1408E+03     0.0000E+00     0.0000E+00     0.0000E+00     0.0000E+00     0.2413E+02     0.0000E+00     0.7190E+01     0.1194E+01     0.1000E-04     0.0000E+00     0.4739E-01     0.0000E+00     0.4821E+02     0.3011E+01     0.4811E+02     0.6178E+00     0.3794E+01     0.1504E+01     0.1194E+01     0.5086E+01
   365    12    31  2018     372       1  m_2_372              0.1501E+00     0.1119E-01     0.1501E+00     0.1501E+00     0.2735E+02     0.2735E+02     0.0000E+00     0.0000E+00     0.0000E+00     0.6152E+03     0.0000E+00     0.0000E+00     0.7837E+01     0.3134E+02     0.3543E-02     0.1591E+01     0.0000E+00     0.0000E+00     0.1072E+03     0.7993E+01     0.1072E+03     0.5232E-01     0.7164E+01     0.9562E+00     0.1978E+02     0.2782E+05
   365    12    31  2018     373       1  m_2_373              0.2170E+00     0.1643E-05     0.2170E+00     0.2170E+00     0.2733E+02     0.2733E+02     0.0000E+00     0.0000E+00     0.0000E+00     0.0000E+00     0.0000E+00     0.0000E+00     0.8566E+01     0.1196E+01     0.1036E-02     0.0000E+00     0.0000E+00     0.0000E+00     0.1188E+03     0.8989E-03     0.1188E+03     0.2616E-01     0.5643E+01     0.1392E+01     0.1196E+01     0.6172E+02
   365    12    31  2018     374       1  m_2_374              0.1358E+00     0.4825E-02     0.1358E+00     0.1358E+00     0.1987E+02     0.1987E+02     0.0000E+00     0.0000E+00     0.0000E+00     0.0000E+00     0.0000E+00     0.0000E+00     0.8108E+01     0.1249E+01     0.7042E-04     0.0000E+00     0.0000E+00     0.0000E+00     0.1025E+03     0.3643E+01     0.1025E+03     0.4260E-02     0.5681E+01     0.8361E+00     0.1249E+01     0.1638E+02
   365    12    31  2018     375       1  m_2_375              0.1292E+00     0.1970E-01     0.1292E+00     0.1292E+00     0.1578E+02     0.1578E+02     0.0000E+00     0.0000E+00     0.0000E+00     0.0000E+00     0.0000E+00     0.0000E+00     0.7853E+01     0.1171E+01     0.1286E-02     0.0000E+00     0.0000E+00     0.0000E+00     0.1007E+03     0.1536E+02     0.1007E+03     0.1352E-01     0.5039E+01     0.7690E+00     0.1171E+01     0.6086E+02
   365    12    31  2018     376       1  m_2_376              0.1839E+00     0.7886E-05     0.1839E+00     0.1839E+00     0.2483E+02     0.3277E+02     0.0000E+00     0.0000E+00     0.0000E+00     0.0000E+00     0.7944E+01     0.0000E+00     0.8328E+01     0.1224E+01     0.1000E-04     0.0000E+00     0.1932E+00     0.0000E+00     0.1239E+03     0.5314E-02     0.1239E+03     0.4956E-01     0.7580E+01     0.1036E+01     0.1224E+01     0.6124E+01
   365    12    31  2018     377       1  m_2_377              0.2603E+00     0.1216E-02     0.2603E+00     0.2603E+00     0.3384E+02     0.3620E+02     0.0000E+00     0.0000E+00     0.0000E+00     0.0000E+00     0.2354E+01     0.0000E+00     0.8673E+01     0.1276E+01     0.1000E-04     0.0000E+00     0.1281E+00     0.0000E+00     0.1281E+03     0.5983E+00     0.1281E+03     0.2530E-01     0.7737E+01     0.1649E+01     0.1276E+01     0.6840E+01
   365    12    31  2018     378       1  m_2_378              0.1025E+00     0.1235E-02     0.1025E+00     0.1025E+00     0.5035E+02     0.5149E+02     0.0000E+00     0.0000E+00     0.2860E+00     0.0000E+00     0.1431E+01     0.0000E+00     0.8014E+01     0.1231E+01     0.1000E-04     0.0000E+00     0.5028E-01     0.0000E+00     0.8398E+02     0.1012E+01     0.8398E+02     0.1249E-01     0.5146E+01     0.7837E+00     0.1231E+01     0.5954E+01
   365    12    31  2018     379       1  t_1_379              0.7077E-02     0.2269E-02     0.7023E-02     0.7675E-02     0.1139E+02     0.1139E+02     0.0000E+00     0.0000E+00     0.0000E+00     0.0000E+00     0.0000E+00     0.0000E+00     0.5345E+01     0.1132E+01     0.1000E-04     0.0000E+00     0.0000E+00     0.0000E+00     0.6181E+02     0.1982E+02     0.6134E+02     0.1061E+00     0.6036E+00     0.1821E+00     0.1132E+01     0.3487E+01
   365    12    31  2018     380       1  t_1_380              0.9247E-02     0.9154E-03     0.9182E-02     0.9247E-02     0.1973E+02     0.1973E+02     0.0000E+00     0.0000E+00     0.0000E+00     0.0000E+00     0.0000E+00     0.0000E+00     0.5829E+01     0.9834E+00     0.1293E-04     0.0000E+00     0.0000E+00     0.0000E+00     0.4660E+02     0.4614E+01     0.4628E+02     0.2314E+00     0.7685E+00     0.3157E+00     0.9834E+00     0.3396E+01
   365    12    31  2018     381       1  m_2_381              0.1012E+00     0.5527E-03     0.1012E+00     0.1012E+00     0.5034E+02     0.5034E+02     0.0000E+00     0.0000E+00     0.0000E+00     0.4773E+02     0.0000E+00     0.0000E+00     0.7587E+01     0.2559E+02     0.4747E-02     0.1293E+01     0.0000E+00     0.0000E+00     0.8299E+02     0.4531E+00     0.8299E+02     0.1588E-01     0.5027E+01     0.7826E+00     0.1630E+02     0.1966E+05
   365    12    31  2018     382       1  m_2_382              0.2045E+00     0.8019E-02     0.2045E+00     0.2045E+00     0.1507E+02     0.1507E+02     0.0000E+00     0.0000E+00     0.0000E+00     0.0000E+00     0.0000E+00     0.0000E+00     0.8407E+01     0.1206E+01     0.8094E-03     0.0000E+00     0.0000E+00     0.0000E+00     0.1265E+03     0.4960E+01     0.1265E+03     0.4242E-02     0.5517E+01     0.1112E+01     0.1206E+01     0.5431E+02
   365    12    31  2018     383       1  m_2_383              0.1829E+00     0.3257E-01     0.1829E+00     0.1829E+00     0.1906E+02     0.2245E+02     0.0000E+00     0.0000E+00     0.0000E+00     0.0000E+00     0.3393E+01     0.0000E+00     0.8371E+01     0.1221E+01     0.1000E-04     0.0000E+00     0.5225E-01     0.0000E+00     0.1252E+03     0.2230E+02     0.1252E+03     0.1179E-01     0.7467E+01     0.9976E+00     0.1221E+01     0.6136E+01
   365    12    31  2018     384       1  m_2_384              0.9833E-01     0.2289E-01     0.9832E-01     0.9833E-01     0.4482E+02     0.4482E+02     0.0000E+00     0.0000E+00     0.0000E+00     0.1909E+02     0.0000E+00     0.0000E+00     0.7525E+01     0.6352E+02     0.4499E-02     0.3285E+01     0.0000E+00     0.0000E+00     0.8450E+02     0.1967E+02     0.8449E+02     0.1308E-01     0.4764E+01     0.6922E+00     0.3989E+02     0.1630E+06
   365    12    31  2018     385       1  m_2_385              0.1978E+00     0.3627E-02     0.1978E+00     0.1978E+00     0.2089E+02     0.2235E+02     0.0000E+00     0.0000E+00     0.0000E+00     0.0000E+00     0.1457E+01     0.0000E+00     0.8432E+01     0.1249E+01     0.1000E-04     0.0000E+00     0.1583E+00     0.0000E+00     0.1254E+03     0.2299E+01     0.1254E+03     0.7117E-02     0.6335E+01     0.1103E+01     0.1249E+01     0.6414E+01
   365    12    31  2018     386       1  m_2_386              0.2092E+00     0.2115E-02     0.2092E+00     0.2092E+00     0.2121E+02     0.2121E+02     0.0000E+00     0.0000E+00     0.0000E+00     0.0000E+00     0.0000E+00     0.0000E+00     0.8551E+01     0.1225E+01     0.4152E-03     0.0000E+00     0.0000E+00     0.0000E+00     0.1246E+03     0.1261E+01     0.1246E+03     0.7520E-02     0.5917E+01     0.1211E+01     0.1225E+01     0.4060E+02
   365    12    31  2018     387       1  m_2_387              0.1100E+00     0.7276E-02     0.1100E+00     0.1100E+00     0.2658E+02     0.2812E+02     0.0000E+00     0.0000E+00     0.0000E+00     0.0000E+00     0.1544E+01     0.0000E+00     0.8031E+01     0.1240E+01     0.1000E-04     0.0000E+00     0.4654E-01     0.0000E+00     0.8733E+02     0.5776E+01     0.8733E+02     0.8732E-02     0.4081E+01     0.7858E+00     0.1240E+01     0.6048E+01
   365    12    31  2018     388       1  m_2_388              0.2585E+00     0.3676E-01     0.2584E+00     0.2585E+00     0.3232E+02     0.3232E+02     0.0000E+00     0.0000E+00     0.0000E+00     0.0000E+00     0.0000E+00     0.0000E+00     0.8672E+01     0.1279E+01     0.1692E-03     0.0000E+00     0.0000E+00     0.0000E+00     0.1281E+03     0.1822E+02     0.1281E+03     0.3256E-01     0.7558E+01     0.1625E+01     0.1279E+01     0.2824E+02
   365    12    31  2018     389       1  t_1_389              0.2939E-01     0.1487E-02     0.2939E-01     0.2939E-01     0.4570E+01     0.4570E+01     0.0000E+00     0.0000E+00     0.0000E+00     0.0000E+00     0.0000E+00     0.0000E+00     0.5893E+01     0.8984E+00     0.1690E-02     0.0000E+00     0.0000E+00     0.0000E+00     0.5605E+02     0.2835E+01     0.5603E+02     0.2083E-02     0.4473E+00     0.6162E+00     0.8984E+00     0.3369E+02
   365    12    31  2018     390       1  m_3_390              0.1972E+01     0.1169E-01     0.1972E+01     0.1972E+01     0.4770E+03     0.1757E+04     0.0000E+00     0.0000E+00     0.3806E+00     0.0000E+00     0.1281E+04     0.0000E+00     0.1662E+02     0.1382E+01     0.3288E-04     0.0000E+00     0.3024E+01     0.0000E+00     0.1429E+03     0.8467E+00     0.1429E+03     0.2619E+01     0.4973E+02     0.1166E+02     0.1382E+01     0.2702E+02
   365    12    31  2018     391       1  t_1_391              0.4272E-01     0.7820E-02     0.4270E-01     0.4272E-01     0.7665E+01     0.7665E+01     0.0000E+00     0.0000E+00     0.0000E+00     0.0000E+00     0.0000E+00     0.0000E+00     0.6682E+01     0.1094E+01     0.7072E-03     0.0000E+00     0.0000E+00     0.0000E+00     0.6803E+02     0.1245E+02     0.6800E+02     0.1067E-01     0.1364E+01     0.7746E+00     0.1094E+01     0.3434E+02
   365    12    31  2018     392       1  m_3_392              0.1932E+01     0.7151E-01     0.1932E+01     0.1932E+01     0.4574E+03     0.4610E+03     0.0000E+00     0.0000E+00     0.1443E+02     0.0000E+00     0.1801E+02     0.0000E+00     0.1653E+02     0.1371E+01     0.1000E-04     0.0000E+00     0.1901E+01     0.0000E+00     0.1456E+03     0.5387E+01     0.1456E+03     0.2762E-01     0.4720E+02     0.1085E+02     0.1371E+01     0.1462E+02
   365    12    31  2018     393       1  m_3_393              0.1764E+01     0.2112E-01     0.1764E+01     0.1764E+01     0.4436E+03     0.4092E+03     0.0000E+00     0.0000E+00     0.4104E+02     0.0000E+00     0.6616E+01     0.0000E+00     0.1483E+02     0.1382E+01     0.1000E-04     0.0000E+00     0.1956E+01     0.0000E+00     0.1453E+03     0.1740E+01     0.1453E+03     0.8147E-02     0.3855E+02     0.9437E+01     0.1382E+01     0.1330E+02
   365    12    31  2018     394       1  m_3_394              0.1482E+01     0.9864E-02     0.1482E+01     0.1482E+01     0.2622E+03     0.4072E+03     0.0000E+00     0.0000E+00     0.7893E+01     0.0000E+00     0.1529E+03     0.0000E+00     0.1435E+02     0.1366E+01     0.1000E-04     0.0000E+00     0.1852E+01     0.0000E+00     0.1467E+03     0.9762E+00     0.1467E+03     0.1851E+00     0.2918E+02     0.7787E+01     0.1366E+01     0.1263E+02
   365    12    31  2018     395       1  m_3_395              0.1791E+01     0.2075E-03     0.1791E+01     0.1791E+01     0.4237E+03     0.4540E+03     0.0000E+00     0.0000E+00     0.8014E+01     0.0000E+00     0.3832E+02     0.0000E+00     0.1534E+02     0.1403E+01     0.1000E-04     0.0000E+00     0.2066E+01     0.0000E+00     0.1420E+03     0.1645E-01     0.1420E+03     0.5133E-01     0.3947E+02     0.1017E+02     0.1403E+01     0.1410E+02
   365    12    31  2018     396       1  t_1_396              0.2825E-01     0.6946E-03     0.2823E-01     0.2825E-01     0.1558E+02     0.1706E+02     0.0000E+00     0.0000E+00     0.0000E+00     0.0000E+00     0.1482E+01     0.0000E+00     0.6320E+01     0.9878E+00     0.1000E-04     0.0000E+00     0.1866E-01     0.0000E+00     0.5463E+02     0.1343E+01     0.5460E+02     0.5802E-01     0.8062E+00     0.7935E+00     0.9878E+00     0.3257E+01
   365    12    31  2018     397       1  m_3_397              0.1766E+01     0.1284E-02     0.1766E+01     0.1766E+01     0.4098E+03     0.4098E+03     0.0000E+00     0.0000E+00     0.0000E+00     0.7184E+00     0.0000E+00     0.0000E+00     0.1477E+02     0.1588E+01     0.5184E-03     0.1445E-01     0.0000E+00     0.0000E+00     0.1453E+03     0.1056E+00     0.1453E+03     0.1618E+00     0.3876E+02     0.9469E+01     0.1446E+01     0.1031E+03
   365    12    31  2018     398       1  t_1_398              0.6278E-01     0.1846E-01     0.6274E-01     0.6278E-01     0.8503E+01     0.8503E+01     0.0000E+00     0.0000E+00     0.0000E+00     0.0000E+00     0.0000E+00     0.0000E+00     0.6617E+01     0.1136E+01     0.6022E-03     0.0000E+00     0.0000E+00     0.0000E+00     0.9537E+02     0.2805E+02     0.9531E+02     0.2193E-01     0.2751E+01     0.8206E+00     0.1136E+01     0.3348E+02
   365    12    31  2018     399       1  t_1_399              0.7428E-01     0.4623E-01     0.7417E-01     0.7428E-01     0.1586E+02     0.1586E+02     0.0000E+00     0.0000E+00     0.0000E+00     0.0000E+00     0.0000E+00     0.0000E+00     0.5748E+01     0.1289E+01     0.1637E-02     0.0000E+00     0.0000E+00     0.0000E+00     0.1411E+03     0.8781E+02     0.1409E+03     0.1429E+00     0.4045E+01     0.8065E+00     0.1289E+01     0.5975E+02
   365    12    31  2018     400       1  t_1_400              0.7026E-01     0.8858E-02     0.7026E-01     0.7026E-01     0.3218E+01     0.3300E+01     0.0000E+00     0.0000E+00     0.0000E+00     0.0000E+00     0.8189E-01     0.0000E+00     0.6608E+01     0.1118E+01     0.1000E-04     0.0000E+00     0.5297E-01     0.0000E+00     0.1067E+03     0.1345E+02     0.1067E+03     0.1787E-03     0.1839E+01     0.6771E+00     0.1118E+01     0.4195E+01
   365    12    31  2018     401       1  t_1_401              0.5072E-01     0.5058E-02     0.5072E-01     0.5072E-01     0.2290E+02     0.2290E+02     0.0000E+00     0.0000E+00     0.0000E+00     0.1430E+02     0.0000E+00     0.0000E+00     0.5490E+01     0.4401E+01     0.3197E-02     0.1908E+00     0.0000E+00     0.0000E+00     0.1430E+03     0.1426E+02     0.1430E+03     0.1418E-01     0.2142E+01     0.8128E+00     0.2487E+01     0.3026E+03
   365    12    31  2018     402       1  t_2_402              0.1382E+00     0.5760E-02     0.1382E+00     0.1382E+00     0.3519E+02     0.3656E+02     0.0000E+00     0.0000E+00     0.0000E+00     0.0000E+00     0.1363E+01     0.0000E+00     0.7486E+01     0.1029E+01     0.1000E-04     0.0000E+00     0.7073E-01     0.0000E+00     0.1217E+03     0.5073E+01     0.1217E+03     0.7534E-02     0.4088E+01     0.2234E+01     0.1029E+01     0.4122E+01
   365    12    31  2018     403       1  m_2_403              0.3725E+00     0.1825E-01     0.3725E+00     0.3725E+00     0.1121E+03     0.1262E+03     0.0000E+00     0.0000E+00     0.3144E+00     0.0000E+00     0.1446E+02     0.0000E+00     0.9197E+01     0.1259E+01     0.1000E-04     0.0000E+00     0.4911E+00     0.0000E+00     0.1682E+03     0.8241E+01     0.1682E+03     0.4547E-01     0.7727E+01     0.3437E+01     0.1259E+01     0.7087E+01
   365    12    31  2018     404       1  t_1_404              0.4466E-01     0.2094E-02     0.4465E-01     0.4466E-01     0.2105E+02     0.2211E+02     0.0000E+00     0.0000E+00     0.0000E+00     0.0000E+00     0.1061E+01     0.0000E+00     0.5943E+01     0.8470E+00     0.1000E-04     0.0000E+00     0.1652E-01     0.0000E+00     0.1307E+03     0.6127E+01     0.1307E+03     0.3616E-01     0.1697E+01     0.7834E+00     0.8470E+00     0.2366E+01
   365    12    31  2018     405       1  m_2_405              0.4339E+00     0.1404E-02     0.4339E+00     0.4339E+00     0.1431E+03     0.1431E+03     0.0000E+00     0.0000E+00     0.0000E+00     0.0000E+00     0.0000E+00     0.0000E+00     0.9152E+01     0.1203E+01     0.5465E-03     0.0000E+00     0.0000E+00     0.0000E+00     0.1609E+03     0.5208E+00     0.1609E+03     0.1073E+00     0.9284E+01     0.4417E+01     0.1203E+01     0.4828E+02
   365    12    31  2018     406       1  t_1_406              0.1641E-01     0.8595E-02     0.1640E-01     0.1983E-01     0.6134E+01     0.6134E+01     0.0000E+00     0.0000E+00     0.0000E+00     0.0000E+00     0.0000E+00     0.0000E+00     0.5437E+01     0.9361E+00     0.1000E-04     0.0000E+00     0.0000E+00     0.0000E+00     0.1649E+03     0.8637E+02     0.1648E+03     0.1079E-01     0.8481E+00     0.2280E+00     0.9361E+00     0.2568E+01
   365    12    31  2018     407       1  t_2_407              0.1950E+00     0.1034E-01     0.1950E+00     0.1950E+00     0.1297E+02     0.1490E+02     0.0000E+00     0.0000E+00     0.0000E+00     0.0000E+00     0.1923E+01     0.0000E+00     0.7502E+01     0.1030E+01     0.1000E-04     0.0000E+00     0.1432E+00     0.0000E+00     0.1695E+03     0.8994E+01     0.1695E+03     0.8972E-03     0.4132E+01     0.1626E+01     0.1030E+01     0.4138E+01
   365    12    31  2018     408       1  m_1_408              0.2832E-01     0.6349E-02     0.2831E-01     0.2832E-01     0.9704E+01     0.9704E+01     0.0000E+00     0.0000E+00     0.0000E+00     0.0000E+00     0.0000E+00     0.0000E+00     0.5527E+01     0.1221E+01     0.1000E-04     0.0000E+00     0.0000E+00     0.0000E+00     0.1799E+03     0.4034E+02     0.1799E+03     0.5583E-02     0.1232E+01     0.3606E+00     0.1221E+01     0.4102E+01
   365    12    31  2018     409       1  t_1_409              0.4107E-01     0.1908E-01     0.4100E-01     0.4107E-01     0.1726E+02     0.1726E+02     0.0000E+00     0.0000E+00     0.0000E+00     0.1931E+01     0.0000E+00     0.0000E+00     0.5432E+01     0.1006E+01     0.4511E-02     0.6074E-02     0.0000E+00     0.0000E+00     0.1467E+03     0.6815E+02     0.1464E+03     0.6559E-01     0.1924E+01     0.6413E+00     0.9594E+00     0.5688E+02
   365    12    31  2018     410       1  t_1_410              0.7942E-01     0.8045E-02     0.7942E-01     0.7942E-01     0.1828E+02     0.2059E+02     0.0000E+00     0.0000E+00     0.0000E+00     0.0000E+00     0.2304E+01     0.0000E+00     0.6843E+01     0.1059E+01     0.1000E-04     0.0000E+00     0.3583E-01     0.0000E+00     0.1048E+03     0.1062E+02     0.1048E+03     0.1745E-01     0.1830E+01     0.1465E+01     0.1059E+01     0.3961E+01
   365    12    31  2018     411       1  m_2_411              0.5470E+00     0.4425E-01     0.5469E+00     0.5470E+00     0.1822E+03     0.1822E+03     0.0000E+00     0.0000E+00     0.0000E+00     0.0000E+00     0.0000E+00     0.0000E+00     0.9701E+01     0.1221E+01     0.7628E-03     0.0000E+00     0.0000E+00     0.0000E+00     0.1642E+03     0.1328E+02     0.1642E+03     0.8687E-01     0.1487E+02     0.5871E+01     0.1221E+01     0.6197E+02
   365    12    31  2018     412       1  t_1_412              0.2619E-01     0.5267E-02     0.2617E-01     0.2619E-01     0.1642E+02     0.1642E+02     0.0000E+00     0.0000E+00     0.0000E+00     0.5303E+02     0.0000E+00     0.0000E+00     0.5493E+01     0.5276E+01     0.4599E-02     0.2349E+00     0.0000E+00     0.0000E+00     0.9830E+02     0.1977E+02     0.9821E+02     0.4294E-01     0.9068E+00     0.6106E+00     0.2823E+01     0.4681E+03
   365    12    31  2018     413       1  t_1_413              0.7220E-01     0.1313E-01     0.7211E-01     0.7220E-01     0.4636E+02     0.4636E+02     0.0000E+00     0.0000E+00     0.0000E+00     0.1626E+02     0.0000E+00     0.0000E+00     0.6222E+01     0.5034E+01     0.1776E-02     0.2114E+00     0.0000E+00     0.0000E+00     0.9599E+02     0.1746E+02     0.9588E+02     0.2501E+00     0.2417E+01     0.1723E+01     0.2847E+01     0.3141E+03
   365    12    31  2018     414       1  m_2_414              0.7215E+00     0.3243E-01     0.7215E+00     0.7215E+00     0.3168E+03     0.4390E+03     0.0000E+00     0.0000E+00     0.0000E+00     0.3939E+00     0.1223E+03     0.0000E+00     0.1023E+02     0.1325E+01     0.2521E-03     0.6896E-03     0.1039E+00     0.0000E+00     0.1563E+03     0.7026E+01     0.1563E+03     0.3697E+00     0.2091E+02     0.8635E+01     0.1319E+01     0.4271E+02
   365    12    31  2018     415       1  t_1_415              0.4353E-01     0.9356E-02     0.4351E-01     0.4353E-01     0.1280E+02     0.1318E+02     0.0000E+00     0.0000E+00     0.0000E+00     0.0000E+00     0.3880E+00     0.0000E+00     0.6231E+01     0.9014E+00     0.1000E-04     0.0000E+00     0.5461E-02     0.0000E+00     0.1164E+03     0.2502E+02     0.1163E+03     0.2149E-01     0.1255E+01     0.7602E+00     0.9014E+00     0.2753E+01
   365    12    31  2018     416       1  t_2_416              0.1324E+00     0.9173E-02     0.1324E+00     0.1324E+00     0.3399E+02     0.3517E+02     0.0000E+00     0.0000E+00     0.0000E+00     0.0000E+00     0.1181E+01     0.0000E+00     0.7482E+01     0.1032E+01     0.1000E-04     0.0000E+00     0.6734E-01     0.0000E+00     0.1166E+03     0.8080E+01     0.1166E+03     0.6904E-02     0.3633E+01     0.2233E+01     0.1032E+01     0.4141E+01
   365    12    31  2018     417       1  t_2_417              0.1873E+00     0.5087E-01     0.1872E+00     0.1873E+00     0.1461E+02     0.2593E+02     0.0000E+00     0.0000E+00     0.0000E+00     0.0000E+00     0.1132E+02     0.0000E+00     0.7494E+01     0.1027E+01     0.1000E-04     0.0000E+00     0.1015E+00     0.0000E+00     0.1630E+03     0.4425E+02     0.1629E+03     0.1181E-01     0.5018E+01     0.1796E+01     0.1027E+01     0.4110E+01
   365    12    31  2018     418       1  m_2_418              0.3305E+00     0.4636E-02     0.3304E+00     0.3305E+00     0.6031E+02     0.1720E+03     0.0000E+00     0.0000E+00     0.4863E+01     0.0000E+00     0.1166E+03     0.0000E+00     0.8159E+01     0.1132E+01     0.1000E-04     0.0000E+00     0.1650E+00     0.0000E+00     0.1544E+03     0.2166E+01     0.1544E+03     0.4101E+00     0.7069E+01     0.3700E+01     0.1132E+01     0.5264E+01
   365    12    31  2018     419       1  t_1_419              0.2695E-01     0.1045E-01     0.2695E-01     0.3224E-01     0.6186E+01     0.6186E+01     0.0000E+00     0.0000E+00     0.0000E+00     0.0000E+00     0.0000E+00     0.0000E+00     0.5428E+01     0.9803E+00     0.1000E-04     0.0000E+00     0.0000E+00     0.0000E+00     0.2673E+03     0.1037E+03     0.2673E+03     0.7313E-02     0.1420E+01     0.2310E+00     0.9803E+00     0.2772E+01
   365    12    31  2018     420       1  t_2_420              0.2090E+00     0.1360E-01     0.2090E+00     0.2090E+00     0.1523E+02     0.1523E+02     0.0000E+00     0.0000E+00     0.0000E+00     0.2978E+02     0.0000E+00     0.0000E+00     0.7169E+01     0.4513E+02     0.3626E-02     0.2322E+01     0.0000E+00     0.0000E+00     0.1809E+03     0.1177E+02     0.1809E+03     0.6883E-03     0.4877E+01     0.1638E+01     0.2203E+02     0.4714E+05
   365    12    31  2018     421       1  m_2_421              0.3415E+00     0.9326E-02     0.3415E+00     0.3415E+00     0.1735E+03     0.1919E+03     0.0000E+00     0.0000E+00     0.7865E+01     0.0000E+00     0.2628E+02     0.0000E+00     0.8349E+01     0.1192E+01     0.1000E-04     0.0000E+00     0.1661E+00     0.0000E+00     0.1579E+03     0.4313E+01     0.1579E+03     0.6242E-01     0.7623E+01     0.3750E+01     0.1192E+01     0.5878E+01
   365    12    31  2018     422       1  t_2_422              0.2728E+00     0.4369E-01     0.2727E+00     0.2728E+00     0.3099E+02     0.3099E+02     0.0000E+00     0.0000E+00     0.0000E+00     0.0000E+00     0.0000E+00     0.0000E+00     0.7533E+01     0.1102E+01     0.1934E-03     0.0000E+00     0.0000E+00     0.0000E+00     0.1933E+03     0.3096E+02     0.1933E+03     0.8308E-01     0.7741E+01     0.2223E+01     0.1102E+01     0.2047E+02
   365    12    31  2018     423       1  t_1_423              0.4161E-01     0.1574E-01     0.4160E-01     0.4161E-01     0.2030E+02     0.2030E+02     0.0000E+00     0.0000E+00     0.0000E+00     0.3926E+01     0.0000E+00     0.0000E+00     0.5453E+01     0.5398E+01     0.2946E-02     0.2433E+00     0.0000E+00     0.0000E+00     0.1263E+03     0.4778E+02     0.1263E+03     0.2255E-01     0.1510E+01     0.7551E+00     0.2911E+01     0.3978E+03
   365    12    31  2018     424       1  m_2_424              0.6139E+00     0.8572E-02     0.6138E+00     0.6139E+00     0.2093E+03     0.2762E+03     0.0000E+00     0.0000E+00     0.0000E+00     0.0000E+00     0.6690E+02     0.0000E+00     0.9982E+01     0.1300E+01     0.1689E-03     0.0000E+00     0.3510E+00     0.0000E+00     0.1576E+03     0.2201E+01     0.1576E+03     0.4418E+00     0.1681E+02     0.7023E+01     0.1300E+01     0.3330E+02
   365    12    31  2018     425       1  m_2_425              0.3529E+00     0.2055E-01     0.3528E+00     0.3529E+00     0.9323E+02     0.1109E+03     0.0000E+00     0.0000E+00     0.0000E+00     0.0000E+00     0.1771E+02     0.0000E+00     0.9101E+01     0.1251E+01     0.1000E-04     0.0000E+00     0.1297E+00     0.0000E+00     0.1607E+03     0.9356E+01     0.1606E+03     0.3700E-01     0.6294E+01     0.3395E+01     0.1251E+01     0.6936E+01
   365    12    31  2018     426       1  t_1_426              0.2196E-01     0.9637E-02     0.2193E-01     0.2196E-01     0.9671E+01     0.9671E+01     0.0000E+00     0.0000E+00     0.0000E+00     0.0000E+00     0.0000E+00     0.0000E+00     0.5520E+01     0.1220E+01     0.1000E-04     0.0000E+00     0.0000E+00     0.0000E+00     0.1399E+03     0.6142E+02     0.1398E+03     0.5430E-01     0.7716E+00     0.3595E+00     0.1220E+01     0.4088E+01
   365    12    31  2018     427       1  m_2_427              0.1132E+01     0.1342E+00     0.1132E+01     0.1132E+01     0.5334E+03     0.1453E+04     0.0000E+00     0.0000E+00     0.2802E+03     0.0000E+00     0.1200E+04     0.0000E+00     0.1059E+02     0.1353E+01     0.1000E-04     0.0000E+00     0.6340E+00     0.0000E+00     0.1832E+03     0.2171E+02     0.1832E+03     0.2260E+01     0.4068E+02     0.1063E+02     0.1353E+01     0.9191E+01
   365    12    31  2018     428       1  m_2_428              0.9598E+00     0.9684E-01     0.9598E+00     0.9598E+00     0.5132E+03     0.5132E+03     0.0000E+00     0.0000E+00     0.0000E+00     0.8410E+02     0.0000E+00     0.0000E+00     0.1027E+02     0.1130E+02     0.1497E-02     0.5264E+00     0.0000E+00     0.0000E+00     0.1641E+03     0.1656E+02     0.1641E+03     0.1518E+00     0.3088E+02     0.1021E+02     0.5979E+01     0.1859E+04
   365    12    31  2018     429       1  m_2_429              0.2352E+00     0.4283E-02     0.2351E+00     0.2352E+00     0.2405E+01     0.2405E+01     0.0000E+00     0.0000E+00     0.0000E+00     0.0000E+00     0.0000E+00     0.0000E+00     0.6960E+01     0.1240E+01     0.7231E-03     0.0000E+00     0.0000E+00     0.0000E+00     0.1845E+03     0.3360E+01     0.1845E+03     0.2128E-02     0.5769E+01     0.1742E+01     0.1240E+01     0.4471E+02
   365    12    31  2018     430       1  m_2_430              0.4177E+00     0.5104E-01     0.4177E+00     0.4177E+00     0.6425E+02     0.6425E+02     0.0000E+00     0.0000E+00     0.0000E+00     0.2199E+01     0.0000E+00     0.0000E+00     0.8212E+01     0.1678E+01     0.4887E-03     0.2323E-01     0.0000E+00     0.0000E+00     0.2236E+03     0.2732E+02     0.2236E+03     0.6850E-01     0.1230E+02     0.2553E+01     0.1384E+01     0.5236E+02
   365    12    31  2018     431       1  t_1_431              0.5002E-01     0.1302E-02     0.5001E-01     0.5002E-01     0.1558E+01     0.1558E+01     0.0000E+00     0.0000E+00     0.0000E+00     0.0000E+00     0.0000E+00     0.0000E+00     0.5913E+01     0.1406E+01     0.2176E-03     0.0000E+00     0.0000E+00     0.0000E+00     0.1357E+03     0.3533E+01     0.1357E+03     0.1165E-02     0.7549E+00     0.5036E+00     0.1406E+01     0.2599E+02
   365    12    31  2018     432       1  m_2_432              0.2146E+00     0.8252E-02     0.2146E+00     0.2146E+00     0.2260E+01     0.2260E+01     0.0000E+00     0.0000E+00     0.0000E+00     0.0000E+00     0.0000E+00     0.0000E+00     0.6788E+01     0.1220E+01     0.8064E-03     0.0000E+00     0.0000E+00     0.0000E+00     0.1886E+03     0.7252E+01     0.1886E+03     0.3913E-02     0.5308E+01     0.1555E+01     0.1220E+01     0.4479E+02
   365    12    31  2018     433       1  t_1_433              0.4607E-01     0.4781E-02     0.4605E-01     0.4607E-01     0.3072E+00     0.1544E+01     0.0000E+00     0.0000E+00     0.0000E+00     0.0000E+00     0.1237E+01     0.0000E+00     0.6056E+01     0.1442E+01     0.1000E-04     0.0000E+00     0.9026E-02     0.0000E+00     0.1331E+03     0.1381E+02     0.1330E+03     0.1367E-02     0.6456E+00     0.4732E+00     0.1442E+01     0.5953E+01
   365    12    31  2018     434       1  m_1_434              0.1143E+00     0.6466E-01     0.1142E+00     0.1143E+00     0.3693E+00     0.3693E+00     0.0000E+00     0.0000E+00     0.0000E+00     0.0000E+00     0.0000E+00     0.0000E+00     0.5971E+01     0.1313E+01     0.1105E-02     0.0000E+00     0.0000E+00     0.0000E+00     0.2747E+03     0.1554E+03     0.2745E+03     0.1267E-02     0.3690E+01     0.5688E+00     0.1313E+01     0.5258E+02
   365    12    31  2018     435       1  m_2_435              0.3172E+00     0.6080E-01     0.3172E+00     0.3172E+00     0.2591E+01     0.6388E+02     0.0000E+00     0.0000E+00     0.4438E+00     0.0000E+00     0.6174E+02     0.0000E+00     0.7030E+01     0.1179E+01     0.3144E-04     0.0000E+00     0.3489E+00     0.0000E+00     0.2183E+03     0.4183E+02     0.2183E+03     0.1081E-01     0.8700E+01     0.1986E+01     0.1179E+01     0.8640E+01
   365    12    31  2018     436       1  m_3_436              0.3264E+01     0.5341E-02     0.3264E+01     0.3264E+01     0.1054E+04     0.1322E+04     0.0000E+00     0.0000E+00     0.8480E+02     0.0000E+00     0.3530E+03     0.0000E+00     0.1708E+02     0.1405E+01     0.1000E-04     0.0000E+00     0.9040E+00     0.0000E+00     0.1559E+03     0.2551E+00     0.1559E+03     0.3541E+00     0.5911E+02     0.2115E+02     0.1405E+01     0.1576E+02
   365    12    31  2018     437       1  m_3_437              0.3140E+01     0.2794E-02     0.3140E+01     0.3140E+01     0.2465E+04     0.2465E+04     0.0000E+00     0.0000E+00     0.0000E+00     0.1335E+03     0.0000E+00     0.0000E+00     0.1710E+02     0.2027E+02     0.2082E-03     0.9922E+00     0.0000E+00     0.0000E+00     0.1551E+03     0.1380E+00     0.1551E+03     0.2560E+01     0.7289E+02     0.2142E+02     0.1078E+02     0.3160E+04
   365    12    31  2018     438       1  t_1_438              0.1333E+00     0.3494E-03     0.1333E+00     0.1333E+00     0.1610E+02     0.1610E+02     0.0000E+00     0.0000E+00     0.0000E+00     0.9354E+02     0.0000E+00     0.0000E+00     0.6621E+01     0.6740E+02     0.3675E-02     0.3480E+01     0.0000E+00     0.0000E+00     0.1740E+03     0.4561E+00     0.1740E+03     0.1891E-01     0.2599E+01     0.1340E+01     0.3201E+02     0.1197E+06
   365    12    31  2018     439       1  t_1_439              0.1262E+00     0.2721E-02     0.1261E+00     0.1262E+00     0.2163E+02     0.3315E+02     0.0000E+00     0.0000E+00     0.0000E+00     0.0000E+00     0.1151E+02     0.0000E+00     0.6901E+01     0.1425E+01     0.1000E-04     0.0000E+00     0.1438E+00     0.0000E+00     0.1897E+03     0.4089E+01     0.1895E+03     0.1612E+00     0.5087E+01     0.1325E+01     0.1425E+01     0.6602E+01
   365    12    31  2018     440       1  m_2_440              0.5501E+00     0.2027E-02     0.5501E+00     0.5501E+00     0.4877E+02     0.4877E+02     0.0000E+00     0.0000E+00     0.0000E+00     0.3005E+02     0.0000E+00     0.0000E+00     0.8536E+01     0.1543E+03     0.2387E-02     0.8048E+01     0.0000E+00     0.0000E+00     0.2077E+03     0.7653E+00     0.2077E+03     0.2307E-02     0.9136E+01     0.3757E+01     0.7360E+02     0.8314E+06
   365    12    31  2018     441       1  m_3_441              0.3935E+01     0.3735E-02     0.3935E+01     0.3935E+01     0.1619E+04     0.1885E+04     0.0000E+00     0.0000E+00     0.1327E+03     0.0000E+00     0.3987E+03     0.0000E+00     0.1968E+02     0.1410E+01     0.1000E-04     0.0000E+00     0.9238E+00     0.0000E+00     0.1632E+03     0.1549E+00     0.1632E+03     0.5564E+00     0.7442E+02     0.2596E+02     0.1410E+01     0.1824E+02
   365    12    31  2018     442       1  m_3_442              0.3247E+01     0.1625E-01     0.3247E+01     0.3247E+01     0.8411E+03     0.1049E+04     0.0000E+00     0.0000E+00     0.1020E+03     0.0000E+00     0.3103E+03     0.0000E+00     0.1711E+02     0.1408E+01     0.1000E-04     0.0000E+00     0.8464E+00     0.0000E+00     0.1561E+03     0.7816E+00     0.1561E+03     0.2637E+00     0.5832E+02     0.2088E+02     0.1408E+01     0.1582E+02
   365    12    31  2018     443       1  m_3_443              0.3280E+01     0.7125E-02     0.3280E+01     0.3280E+01     0.1418E+04     0.1436E+04     0.0000E+00     0.0000E+00     0.5537E+02     0.0000E+00     0.7417E+02     0.0000E+00     0.1710E+02     0.1404E+01     0.1000E-04     0.0000E+00     0.8481E+00     0.0000E+00     0.1562E+03     0.3394E+00     0.1562E+03     0.8865E-01     0.6000E+02     0.2127E+02     0.1404E+01     0.1574E+02
   365    12    31  2018     444       1  m_3_444              0.3176E+01     0.1547E-02     0.3176E+01     0.3176E+01     0.2479E+04     0.3164E+04     0.0000E+00     0.0000E+00     0.4407E+03     0.1798E-02     0.1126E+04     0.0000E+00     0.1708E+02     0.1410E+01     0.2831E-04     0.3788E-05     0.1797E+01     0.0000E+00     0.1538E+03     0.7493E-01     0.1538E+03     0.9909E+00     0.7402E+02     0.2223E+02     0.1410E+01     0.2666E+02
   365    12    31  2018     445       1  m_2_445              0.6397E+00     0.4577E-02     0.6396E+00     0.6397E+00     0.6003E+02     0.1689E+03     0.0000E+00     0.0000E+00     0.1797E+02     0.0000E+00     0.1268E+03     0.0000E+00     0.9214E+01     0.1265E+01     0.1000E-04     0.0000E+00     0.3227E+00     0.0000E+00     0.2137E+03     0.1529E+01     0.2137E+03     0.1141E+00     0.1367E+02     0.4443E+01     0.1265E+01     0.7152E+01
   365    12    31  2018     446       1  m_2_446              0.6078E+00     0.5551E-01     0.6078E+00     0.6078E+00     0.4959E+02     0.4959E+02     0.0000E+00     0.0000E+00     0.0000E+00     0.4990E+00     0.0000E+00     0.0000E+00     0.8920E+01     0.1562E+01     0.6504E-03     0.1542E-01     0.0000E+00     0.0000E+00     0.2273E+03     0.2076E+02     0.2273E+03     0.4452E-02     0.1262E+02     0.3806E+01     0.1360E+01     0.6338E+02
   365    12    31  2018     447       1  t_1_447              0.1092E+00     0.5712E-02     0.1092E+00     0.1092E+00     0.1623E+02     0.1623E+02     0.0000E+00     0.0000E+00     0.0000E+00     0.0000E+00     0.0000E+00     0.0000E+00     0.6775E+01     0.1105E+01     0.4853E-03     0.0000E+00     0.0000E+00     0.0000E+00     0.2191E+03     0.1146E+02     0.2191E+03     0.2748E-01     0.4542E+01     0.9928E+00     0.1105E+01     0.2933E+02
   365    12    31  2018     448       1  m_3_448              0.3272E+01     0.3401E-02     0.3272E+01     0.3272E+01     0.1324E+04     0.1417E+04     0.0000E+00     0.0000E+00     0.9010E+02     0.0000E+00     0.1831E+03     0.0000E+00     0.1710E+02     0.1404E+01     0.1000E-04     0.0000E+00     0.9253E+00     0.0000E+00     0.1559E+03     0.1620E+00     0.1559E+03     0.1957E+00     0.5949E+02     0.2126E+02     0.1404E+01     0.1574E+02
   365    12    31  2018     449       1  m_2_449              0.6466E+00     0.1257E-02     0.6466E+00     0.6466E+00     0.1711E+03     0.1810E+03     0.0000E+00     0.0000E+00     0.2502E+02     0.0000E+00     0.3487E+02     0.0000E+00     0.9273E+01     0.1260E+01     0.1000E-04     0.0000E+00     0.3176E+00     0.0000E+00     0.2113E+03     0.4108E+00     0.2113E+03     0.3591E-01     0.1390E+02     0.4575E+01     0.1260E+01     0.7151E+01
   365    12    31  2018     450       1  m_3_450              0.3222E+01     0.4596E-01     0.3222E+01     0.3222E+01     0.3165E+04     0.1677E+04     0.0000E+00     0.0000E+00     0.1509E+04     0.0000E+00     0.2182E+02     0.0000E+00     0.1707E+02     0.1408E+01     0.1000E-04     0.0000E+00     0.1006E+01     0.0000E+00     0.1560E+03     0.2226E+01     0.1560E+03     0.2807E-01     0.7660E+02     0.2223E+02     0.1408E+01     0.1579E+02
   365    12    31  2018     451       1  t_1_451              0.9327E-01     0.6080E-01     0.9325E-01     0.9327E-01     0.1237E+02     0.1237E+02     0.0000E+00     0.0000E+00     0.0000E+00     0.4394E+00     0.0000E+00     0.0000E+00     0.6397E+01     0.1041E+01     0.1995E-02     0.3215E-02     0.0000E+00     0.0000E+00     0.2461E+03     0.1604E+03     0.2461E+03     0.1787E-01     0.3939E+01     0.7552E+00     0.9976E+00     0.4735E+02
   365    12    31  2018     452       1  m_3_452              0.3967E+01     0.1950E-01     0.3967E+01     0.3967E+01     0.9373E+03     0.8889E+03     0.0000E+00     0.0000E+00     0.8036E+02     0.0000E+00     0.3193E+02     0.0000E+00     0.1967E+02     0.1410E+01     0.1000E-04     0.0000E+00     0.9727E+00     0.0000E+00     0.1645E+03     0.8088E+00     0.1645E+03     0.2035E-01     0.5890E+02     0.2420E+02     0.1410E+01     0.1824E+02
   365    12    31  2018     453       1  m_3_453              0.3987E+01     0.1507E-01     0.3987E+01     0.3987E+01     0.8909E+03     0.1128E+04     0.0000E+00     0.0000E+00     0.1580E+02     0.0000E+00     0.2533E+03     0.0000E+00     0.1969E+02     0.1409E+01     0.1000E-04     0.0000E+00     0.9762E+00     0.0000E+00     0.1649E+03     0.6233E+00     0.1649E+03     0.1992E+00     0.5981E+02     0.2433E+02     0.1409E+01     0.1823E+02
   365    12    31  2018     454       1  m_1_454              0.2328E+00     0.2303E+00     0.2327E+00     0.3603E+00     0.1309E+01     0.2889E+02     0.0000E+00     0.0000E+00     0.5033E+00     0.0000E+00     0.2809E+02     0.0000E+00     0.5890E+01     0.8723E+00     0.1000E-04     0.0000E+00     0.2682E+00     0.0000E+00     0.3291E+04     0.3255E+04     0.3290E+04     0.9630E-02     0.1730E+02     0.5774E-01     0.8723E+00     0.2465E+01
   365    12    31  2018     455       1  m_1_455              0.3490E+00     0.6261E-01     0.3490E+00     0.3490E+00     0.5630E+02     0.5630E+02     0.0000E+00     0.0000E+00     0.0000E+00     0.1609E+03     0.0000E+00     0.0000E+00     0.7458E+01     0.1605E+02     0.1427E-02     0.7881E+00     0.0000E+00     0.0000E+00     0.2248E+03     0.4033E+02     0.2248E+03     0.5089E-01     0.2683E+02     0.1270E+01     0.8259E+01     0.3117E+04
   365    12    31  2018     456       1  t_1_456              0.1179E+00     0.3338E-02     0.1179E+00     0.1179E+00     0.9367E+01     0.9367E+01     0.0000E+00     0.0000E+00     0.0000E+00     0.0000E+00     0.0000E+00     0.0000E+00     0.6581E+01     0.1605E+01     0.5494E-03     0.0000E+00     0.0000E+00     0.0000E+00     0.2607E+03     0.7380E+01     0.2607E+03     0.7842E-02     0.5824E+01     0.1411E+00     0.1605E+01     0.5735E+02
   365    12    31  2018     457       1  t_1_457              0.3488E+00     0.4942E-03     0.3488E+00     0.3488E+00     0.3082E+02     0.3082E+02     0.0000E+00     0.0000E+00     0.0000E+00     0.1131E+04     0.0000E+00     0.0000E+00     0.7744E+01     0.9588E+02     0.2203E-02     0.4983E+01     0.0000E+00     0.0000E+00     0.2059E+03     0.2917E+00     0.2059E+03     0.2169E-01     0.1514E+02     0.1187E+01     0.4567E+02     0.2444E+06
   365    12    31  2018     458       1  t_1_458              0.6221E-01     0.3437E-02     0.6212E-01     0.6221E-01     0.9039E+01     0.9039E+01     0.0000E+00     0.0000E+00     0.0000E+00     0.0000E+00     0.0000E+00     0.0000E+00     0.6485E+01     0.1448E+01     0.2291E-03     0.0000E+00     0.0000E+00     0.0000E+00     0.1421E+03     0.7850E+01     0.1419E+03     0.2609E-01     0.3551E+01     0.1363E+00     0.1448E+01     0.3059E+02
   365    12    31  2018     459       1  t_1_459              0.1131E+00     0.4679E-02     0.1131E+00     0.1131E+00     0.8122E+01     0.8122E+01     0.0000E+00     0.0000E+00     0.0000E+00     0.1198E+03     0.0000E+00     0.0000E+00     0.5981E+01     0.7186E+02     0.4770E-02     0.3704E+01     0.0000E+00     0.0000E+00     0.2879E+03     0.1191E+02     0.2879E+03     0.2513E-02     0.5501E+01     0.1225E+00     0.3552E+02     0.1750E+06
   365    12    31  2018     460       1  t_1_460              0.1364E-01     0.1332E-01     0.1361E-01     0.1364E-01     0.2632E+00     0.2632E+00     0.0000E+00     0.0000E+00     0.0000E+00     0.0000E+00     0.0000E+00     0.0000E+00     0.6157E+01     0.1815E+01     0.5330E-03     0.0000E+00     0.0000E+00     0.0000E+00     0.3943E+02     0.3850E+02     0.3935E+02     0.2779E-02     0.7026E+00     0.3886E-02     0.1815E+01     0.6569E+02
   365    12    31  2018     461       1  t_1_461              0.5570E-01     0.4774E-01     0.5565E-01     0.5570E-01     0.6497E+01     0.6497E+01     0.0000E+00     0.0000E+00     0.0000E+00     0.5350E+01     0.0000E+00     0.0000E+00     0.5489E+01     0.6208E+01     0.1933E-02     0.2688E+00     0.0000E+00     0.0000E+00     0.1772E+03     0.1519E+03     0.1771E+03     0.1158E-01     0.3096E+01     0.9814E-01     0.3593E+01     0.4959E+03
   365    12    31  2018     462       1  m_5_462              0.3061E+01     0.1130E-01     0.3061E+01     0.3061E+01     0.3662E+03     0.3907E+03     0.0000E+00     0.0000E+00     0.0000E+00     0.0000E+00     0.2450E+02     0.0000E+00     0.3168E+02     0.1893E+01     0.1000E-04     0.0000E+00     0.2298E+00     0.0000E+00     0.6714E+02     0.2478E+00     0.6714E+02     0.4389E-01     0.7323E+02     0.8718E+01     0.1893E+01     0.4803E+02
   365    12    31  2018     463       1  m_5_463              0.3326E+01     0.3283E-01     0.3326E+01     0.3326E+01     0.4900E+03     0.4900E+03     0.0000E+00     0.0000E+00     0.0000E+00     0.0000E+00     0.0000E+00     0.0000E+00     0.3174E+02     0.1716E+01     0.6773E-03     0.0000E+00     0.0000E+00     0.0000E+00     0.6586E+02     0.6501E+00     0.6586E+02     0.2392E-01     0.7463E+02     0.9469E+01     0.1716E+01     0.3363E+03
   365    12    31  2018     464       1  m_4_464              0.6423E+01     0.1690E-02     0.6423E+01     0.6423E+01     0.1767E+04     0.1127E+04     0.0000E+00     0.0000E+00     0.6571E+03     0.0000E+00     0.1669E+02     0.0000E+00     0.2054E+02     0.1417E+01     0.1000E-04     0.0000E+00     0.2210E+01     0.0000E+00     0.2113E+03     0.5560E-01     0.2113E+03     0.4446E-01     0.3963E+03     0.1955E+02     0.1417E+01     0.1921E+02
   365    12    31  2018     465       1  t_2_465              0.2087E+00     0.3612E-01     0.2083E+00     0.2087E+00     0.5160E+02     0.7078E+02     0.0000E+00     0.0000E+00     0.3680E+00     0.0000E+00     0.1955E+02     0.0000E+00     0.1017E+02     0.1188E+01     0.1000E-04     0.0000E+00     0.4719E-01     0.0000E+00     0.4982E+02     0.8625E+01     0.4974E+02     0.2000E+00     0.1254E+02     0.7783E+00     0.1188E+01     0.7103E+01
   365    12    31  2018     466       1  t_1_466              0.2551E-01     0.2935E-02     0.2551E-01     0.2551E-01     0.1843E+02     0.1843E+02     0.0000E+00     0.0000E+00     0.0000E+00     0.8772E-01     0.0000E+00     0.0000E+00     0.8760E+01     0.1121E+01     0.1720E-02     0.1347E-02     0.0000E+00     0.0000E+00     0.9868E+01     0.1135E+01     0.9865E+01     0.8908E-02     0.2242E+01     0.2791E+00     0.1109E+01     0.7152E+02
   365    12    31  2018     467       1  m_4_467              0.2818E+01     0.3218E-01     0.2818E+01     0.2818E+01     0.3327E+03     0.4133E+03     0.0000E+00     0.0000E+00     0.2388E+02     0.0000E+00     0.1044E+03     0.0000E+00     0.1664E+02     0.1386E+01     0.1000E-04     0.0000E+00     0.7615E+00     0.0000E+00     0.2002E+03     0.2286E+01     0.2002E+03     0.5646E-01     0.8008E+02     0.8615E+01     0.1386E+01     0.1500E+02
   365    12    31  2018     468       1  m_5_468              0.3529E+01     0.2948E-01     0.3528E+01     0.3529E+01     0.2037E+03     0.2037E+03     0.0000E+00     0.0000E+00     0.0000E+00     0.0000E+00     0.0000E+00     0.0000E+00     0.3289E+02     0.1731E+01     0.6171E-03     0.0000E+00     0.0000E+00     0.0000E+00     0.6836E+02     0.5711E+00     0.6835E+02     0.5410E+00     0.5836E+02     0.8732E+01     0.1731E+01     0.3374E+03
   365    12    31  2018     469       1  t_1_469              0.9469E-01     0.1295E-01     0.9467E-01     0.9469E-01     0.7748E+01     0.7748E+01     0.0000E+00     0.0000E+00     0.0000E+00     0.0000E+00     0.0000E+00     0.0000E+00     0.5431E+01     0.4579E+00     0.6604E-03     0.0000E+00     0.0000E+00     0.0000E+00     0.2523E+03     0.3451E+02     0.2523E+03     0.4286E-02     0.4544E+01     0.1172E+00     0.4579E+00     0.6281E+01
   365    12    31  2018     470       1  t_2_470              0.2102E+00     0.1492E-03     0.2101E+00     0.2102E+00     0.7218E+02     0.7218E+02     0.0000E+00     0.0000E+00     0.0000E+00     0.0000E+00     0.0000E+00     0.0000E+00     0.1021E+02     0.1196E+01     0.9669E-04     0.0000E+00     0.0000E+00     0.0000E+00     0.4940E+02     0.3506E-01     0.4939E+02     0.6827E-01     0.1273E+02     0.7989E+00     0.1196E+01     0.2242E+02
   365    12    31  2018     471       1  m_5_471              0.3471E+01     0.2976E-01     0.3471E+01     0.3471E+01     0.1797E+03     0.1804E+03     0.0000E+00     0.0000E+00     0.0000E+00     0.0000E+00     0.7054E+00     0.0000E+00     0.3618E+02     0.1443E+01     0.1000E-04     0.0000E+00     0.5049E+00     0.0000E+00     0.6873E+02     0.5893E+00     0.6873E+02     0.1891E-03     0.5259E+02     0.8382E+01     0.1443E+01     0.3491E+02
   365    12    31  2018     472       1  m_5_472              0.3079E+01     0.1073E-01     0.3079E+01     0.3079E+01     0.2050E+03     0.4131E+03     0.0000E+00     0.0000E+00     0.0000E+00     0.0000E+00     0.2081E+03     0.0000E+00     0.3167E+02     0.1933E+01     0.1000E-04     0.0000E+00     0.1587E+00     0.0000E+00     0.6682E+02     0.2329E+00     0.6681E+02     0.3869E+00     0.5988E+02     0.8618E+01     0.1933E+01     0.4971E+02
   365    12    31  2018     473       1  m_5_473              0.2959E+01     0.4126E-02     0.2959E+01     0.2959E+01     0.2498E+03     0.3312E+03     0.0000E+00     0.0000E+00     0.0000E+00     0.0000E+00     0.8144E+02     0.0000E+00     0.3166E+02     0.1879E+01     0.1000E-04     0.0000E+00     0.2080E+00     0.0000E+00     0.6556E+02     0.9142E-01     0.6556E+02     0.1511E+00     0.6780E+02     0.8575E+01     0.1879E+01     0.4737E+02
   365    12    31  2018     474       1  m_5_474              0.2960E+01     0.4199E-01     0.2960E+01     0.2960E+01     0.4717E+03     0.4757E+03     0.0000E+00     0.0000E+00     0.0000E+00     0.0000E+00     0.4014E+01     0.0000E+00     0.3165E+02     0.1836E+01     0.1000E-04     0.0000E+00     0.3563E+00     0.0000E+00     0.6644E+02     0.9425E+00     0.6644E+02     0.6970E-02     0.8602E+02     0.8636E+01     0.1836E+01     0.4561E+02
   365    12    31  2018     475       1  t_1_475              0.8075E-01     0.7231E-01     0.8067E-01     0.8075E-01     0.6889E+01     0.6889E+01     0.0000E+00     0.0000E+00     0.0000E+00     0.1358E+02     0.0000E+00     0.0000E+00     0.5832E+01     0.3142E+01     0.2384E-02     0.7557E-01     0.0000E+00     0.0000E+00     0.2423E+03     0.2170E+03     0.2421E+03     0.1123E-01     0.3853E+01     0.1041E+00     0.2367E+01     0.2210E+03
   365    12    31  2018     476       1  m_5_476              0.2941E+01     0.1921E-01     0.2941E+01     0.2941E+01     0.2383E+03     0.2383E+03     0.0000E+00     0.0000E+00     0.0000E+00     0.7023E+01     0.0000E+00     0.0000E+00     0.3104E+02     0.2067E+01     0.3571E-03     0.1911E-01     0.0000E+00     0.0000E+00     0.6595E+02     0.4308E+00     0.6595E+02     0.9469E-01     0.6616E+02     0.8407E+01     0.1860E+01     0.2736E+03
   365    12    31  2018     477       1  m_5_477              0.3050E+01     0.2841E-01     0.3050E+01     0.3050E+01     0.3410E+03     0.3661E+03     0.0000E+00     0.0000E+00     0.0000E+00     0.0000E+00     0.2509E+02     0.0000E+00     0.3166E+02     0.1893E+01     0.1000E-04     0.0000E+00     0.2308E+00     0.0000E+00     0.6690E+02     0.6232E+00     0.6690E+02     0.4377E-01     0.7262E+02     0.8717E+01     0.1893E+01     0.4798E+02
   365    12    31  2018     478       1  m_4_478              0.2918E+01     0.9798E-01     0.2918E+01     0.2918E+01     0.4148E+03     0.4716E+03     0.0000E+00     0.0000E+00     0.4147E+02     0.0000E+00     0.9835E+02     0.0000E+00     0.1662E+02     0.1381E+01     0.1000E-04     0.0000E+00     0.7700E+00     0.0000E+00     0.2063E+03     0.6926E+01     0.2063E+03     0.5655E-01     0.8418E+02     0.8636E+01     0.1381E+01     0.1488E+02
   365    12    31  2018     479       1  m_1_479              0.1475E+00     0.1015E+00     0.1473E+00     0.1475E+00     0.1850E+02     0.1850E+02     0.0000E+00     0.0000E+00     0.0000E+00     0.2005E+02     0.0000E+00     0.0000E+00     0.9429E+01     0.7912E+01     0.2300E-02     0.3825E+00     0.0000E+00     0.0000E+00     0.2876E+03     0.1979E+03     0.2871E+03     0.7131E-01     0.1097E+02     0.4590E+00     0.3982E+01     0.1035E+04
   365    12    31  2018     480       1  m_1_480              0.3175E+00     0.1702E+00     0.3175E+00     0.3175E+00     0.1821E+02     0.1821E+02     0.0000E+00     0.0000E+00     0.0000E+00     0.9826E+01     0.0000E+00     0.0000E+00     0.9432E+01     0.1203E+03     0.2935E-02     0.6291E+01     0.0000E+00     0.0000E+00     0.6185E+03     0.3316E+03     0.6185E+03     0.1274E-02     0.2128E+02     0.4593E+00     0.5785E+02     0.4907E+06
   365    12    31  2018     481       1  m_5_481              0.1075E+02     0.4281E-01     0.1075E+02     0.1075E+02     0.1400E+04     0.1400E+04     0.0000E+00     0.0000E+00     0.0000E+00     0.1207E+04     0.0000E+00     0.0000E+00     0.3288E+02     0.1436E+02     0.4037E-03     0.6612E+00     0.0000E+00     0.0000E+00     0.2043E+03     0.8140E+00     0.2043E+03     0.1643E+01     0.5298E+03     0.3087E+02     0.7719E+01     0.3931E+04
   365    12    31  2018     482       1  m_1_482              0.1423E+00     0.7566E-02     0.1423E+00     0.1423E+00     0.5541E+01     0.1013E+02     0.0000E+00     0.0000E+00     0.0000E+00     0.0000E+00     0.4586E+01     0.0000E+00     0.8440E+01     0.1067E+01     0.4005E-04     0.0000E+00     0.3649E-01     0.0000E+00     0.1073E+03     0.5704E+01     0.1072E+03     0.4020E-02     0.3857E+01     0.6277E+00     0.1067E+01     0.9862E+01
   365    12    31  2018     483       1  m_5_483              0.1081E+02     0.3297E-02     0.1081E+02     0.1081E+02     0.1403E+04     0.1412E+04     0.0000E+00     0.0000E+00     0.0000E+00     0.6916E+02     0.9114E+01     0.0000E+00     0.3286E+02     0.7775E+01     0.7440E-03     0.3186E+00     0.3984E-01     0.0000E+00     0.2052E+03     0.6257E-01     0.2052E+03     0.1628E+00     0.5338E+03     0.3093E+02     0.4695E+01     0.2157E+04
   365    12    31  2018     484       1  m_5_484              0.1123E+02     0.4431E-02     0.1123E+02     0.1123E+02     0.1629E+04     0.1612E+04     0.0000E+00     0.0000E+00     0.1785E+02     0.0000E+00     0.6820E+00     0.0000E+00     0.3312E+02     0.1983E+01     0.1000E-04     0.0000E+00     0.1093E+01     0.0000E+00     0.2018E+03     0.7960E-01     0.2018E+03     0.4787E-03     0.5490E+03     0.3240E+02     0.1983E+01     0.5422E+02
   365    12    31  2018     485       1  t_1_485              0.1588E+00     0.2674E-02     0.1588E+00     0.1588E+00     0.1470E+02     0.1470E+02     0.0000E+00     0.0000E+00     0.0000E+00     0.9391E+01     0.0000E+00     0.0000E+00     0.7322E+01     0.7970E+01     0.2207E-02     0.3644E+00     0.0000E+00     0.0000E+00     0.1162E+03     0.1955E+01     0.1162E+03     0.1395E-02     0.3177E+01     0.6870E+00     0.4003E+01     0.8021E+03
   365    12    31  2018     486       1  m_1_486              0.1210E+00     0.3580E-01     0.1210E+00     0.1210E+00     0.1864E+02     0.1864E+02     0.0000E+00     0.0000E+00     0.0000E+00     0.6919E+02     0.0000E+00     0.0000E+00     0.7995E+01     0.1030E+02     0.2118E-02     0.4908E+00     0.0000E+00     0.0000E+00     0.9244E+02     0.2736E+02     0.9244E+02     0.2030E-01     0.6534E+01     0.7514E+00     0.4939E+01     0.1309E+04
   365    12    31  2018     487       1  t_1_487              0.2998E-01     0.2243E-01     0.2998E-01     0.3973E-01     0.1224E+01     0.1372E+01     0.0000E+00     0.0000E+00     0.0000E+00     0.0000E+00     0.1479E+00     0.0000E+00     0.5746E+01     0.1135E+01     0.1000E-04     0.0000E+00     0.1593E-01     0.0000E+00     0.3410E+03     0.2551E+03     0.3409E+03     0.2268E-02     0.2235E+01     0.5026E-01     0.1135E+01     0.3756E+01
   365    12    31  2018     488       1  m_5_488              0.1084E+02     0.2087E-01     0.1084E+02     0.1084E+02     0.1413E+04     0.1345E+04     0.0000E+00     0.0000E+00     0.1228E+03     0.0000E+00     0.5504E+02     0.0000E+00     0.3325E+02     0.1954E+01     0.1000E-04     0.0000E+00     0.1072E+01     0.0000E+00     0.2055E+03     0.3959E+00     0.2055E+03     0.3773E-01     0.5355E+03     0.3094E+02     0.1954E+01     0.5310E+02
   365    12    31  2018     489       1  m_5_489              0.1085E+02     0.1060E-01     0.1085E+02     0.1085E+02     0.1345E+04     0.1474E+04     0.0000E+00     0.0000E+00     0.1779E+02     0.0000E+00     0.1460E+03     0.0000E+00     0.3325E+02     0.1954E+01     0.1000E-04     0.0000E+00     0.1072E+01     0.0000E+00     0.2057E+03     0.2011E+00     0.2057E+03     0.1039E+00     0.5364E+03     0.3094E+02     0.1954E+01     0.5310E+02
   365    12    31  2018     490       1  t_1_490              0.6500E-01     0.3584E-01     0.6499E-01     0.8577E-01     0.3577E+00     0.1337E+01     0.0000E+00     0.0000E+00     0.0000E+00     0.0000E+00     0.9794E+00     0.0000E+00     0.5744E+01     0.1189E+01     0.1000E-04     0.0000E+00     0.4221E-01     0.0000E+00     0.7349E+03     0.4053E+03     0.7349E+03     0.1232E-03     0.3604E+01     0.4572E-01     0.1189E+01     0.4068E+01
   365    12    31  2018     491       1  m_5_491              0.1123E+02     0.1592E-01     0.1123E+02     0.1123E+02     0.1575E+04     0.1629E+04     0.0000E+00     0.0000E+00     0.5872E+02     0.0000E+00     0.1129E+03     0.0000E+00     0.3312E+02     0.1983E+01     0.1000E-04     0.0000E+00     0.1094E+01     0.0000E+00     0.2017E+03     0.2860E+00     0.2017E+03     0.7936E-01     0.5486E+03     0.3240E+02     0.1983E+01     0.5422E+02
   365    12    31  2018     492       1  t_1_492              0.7364E-02     0.3536E-02     0.7341E-02     0.1015E-01     0.1184E+01     0.1184E+01     0.0000E+00     0.0000E+00     0.0000E+00     0.0000E+00     0.0000E+00     0.0000E+00     0.5773E+01     0.1103E+01     0.1000E-04     0.0000E+00     0.0000E+00     0.0000E+00     0.8837E+02     0.4243E+02     0.8809E+02     0.7354E-02     0.3712E+00     0.4767E-01     0.1103E+01     0.3597E+01
   365    12    31  2018     493       1  m_2_493              0.3663E+00     0.5421E-01     0.3661E+00     0.3663E+00     0.2827E+02     0.1011E+03     0.0000E+00     0.0000E+00     0.1086E+02     0.0000E+00     0.8371E+02     0.0000E+00     0.9244E+01     0.1118E+01     0.1000E-04     0.0000E+00     0.1674E+00     0.0000E+00     0.1249E+03     0.1848E+02     0.1248E+03     0.1028E+00     0.1102E+02     0.1451E+01     0.1118E+01     0.5833E+01
   365    12    31  2018     494       1  m_1_494              0.5454E-01     0.1722E-01     0.5453E-01     0.5454E-01     0.1155E+02     0.1155E+02     0.0000E+00     0.0000E+00     0.0000E+00     0.9626E+01     0.0000E+00     0.0000E+00     0.6157E+01     0.9169E+01     0.2261E-02     0.4374E+00     0.0000E+00     0.0000E+00     0.6714E+02     0.2119E+02     0.6712E+02     0.1198E-01     0.2280E+01     0.4665E+00     0.4387E+01     0.9024E+03
   365    12    31  2018     495       1  m_1_495              0.1339E+00     0.9516E-02     0.1339E+00     0.1339E+00     0.5287E+01     0.5287E+01     0.0000E+00     0.0000E+00     0.0000E+00     0.0000E+00     0.0000E+00     0.0000E+00     0.8401E+01     0.1030E+01     0.5634E-03     0.0000E+00     0.0000E+00     0.0000E+00     0.1023E+03     0.7271E+01     0.1023E+03     0.1411E-03     0.3128E+01     0.6177E+00     0.1030E+01     0.3469E+02
   365    12    31  2018     496       1  t_1_496              0.1528E+00     0.7705E-01     0.1528E+00     0.1528E+00     0.3398E+02     0.3640E+02     0.0000E+00     0.0000E+00     0.2805E+01     0.0000E+00     0.5229E+01     0.0000E+00     0.7779E+01     0.1112E+01     0.1000E-04     0.0000E+00     0.1864E+00     0.0000E+00     0.1125E+03     0.5675E+02     0.1125E+03     0.3948E-01     0.7089E+01     0.7789E+00     0.1112E+01     0.4876E+01
   365    12    31  2018     497       1  t_1_497              0.7531E-01     0.1346E-01     0.7523E-01     0.7531E-01     0.1913E+02     0.3381E+02     0.0000E+00     0.0000E+00     0.1534E+01     0.0000E+00     0.1622E+02     0.0000E+00     0.7764E+01     0.1114E+01     0.1000E-04     0.0000E+00     0.3925E-01     0.0000E+00     0.5595E+02     0.1000E+02     0.5589E+02     0.1512E+00     0.2699E+01     0.7724E+00     0.1114E+01     0.4884E+01
   365    12    31  2018     498       1  m_1_498              0.6953E-01     0.7840E-02     0.6953E-01     0.6953E-01     0.1375E+02     0.1375E+02     0.0000E+00     0.0000E+00     0.0000E+00     0.0000E+00     0.0000E+00     0.0000E+00     0.7485E+01     0.1021E+01     0.3552E-03     0.0000E+00     0.0000E+00     0.0000E+00     0.7181E+02     0.8097E+01     0.7181E+02     0.2553E-01     0.2926E+01     0.5560E+00     0.1021E+01     0.2423E+02
   365    12    31  2018     499       1  t_1_499              0.2525E-01     0.1165E-03     0.2525E-01     0.2525E-01     0.1889E+01     0.1889E+01     0.0000E+00     0.0000E+00     0.0000E+00     0.0000E+00     0.0000E+00     0.0000E+00     0.4812E+01     0.4256E+00     0.1124E-02     0.0000E+00     0.0000E+00     0.0000E+00     0.1542E+03     0.7118E+00     0.1542E+03     0.8819E-03     0.1202E+01     0.9843E-01     0.4256E+00     0.6425E+01
   365    12    31  2018     500       1  t_1_500              0.4945E-01     0.2265E-01     0.4945E-01     0.4945E-01     0.1225E+01     0.3097E+01     0.0000E+00     0.0000E+00     0.1632E+00     0.0000E+00     0.2036E+01     0.0000E+00     0.5124E+01     0.4421E+00     0.1000E-04     0.0000E+00     0.8978E-01     0.0000E+00     0.2526E+03     0.1157E+03     0.2526E+03     0.1778E-02     0.2275E+01     0.1121E+00     0.4421E+00     0.6877E+00
   365    12    31  2018     501       1  m_1_501              0.2070E+00     0.3183E-02     0.2070E+00     0.2070E+00     0.7029E+02     0.7639E+02     0.0000E+00     0.0000E+00     0.1709E+02     0.0000E+00     0.2319E+02     0.0000E+00     0.7957E+01     0.1067E+01     0.1000E-04     0.0000E+00     0.7687E-01     0.0000E+00     0.1305E+03     0.2007E+01     0.1305E+03     0.8279E-01     0.6604E+01     0.9377E+00     0.1067E+01     0.4648E+01
   365    12    31  2018     502       1  t_1_502              0.6124E-01     0.1168E-01     0.6124E-01     0.6124E-01     0.3117E+01     0.3454E+01     0.0000E+00     0.0000E+00     0.5914E+00     0.0000E+00     0.9283E+00     0.0000E+00     0.5140E+01     0.4429E+00     0.1000E-04     0.0000E+00     0.1228E+00     0.0000E+00     0.3101E+03     0.5916E+02     0.3101E+03     0.6591E-03     0.3093E+01     0.1131E+00     0.4429E+00     0.6919E+00
   365    12    31  2018     503       1  m_1_503              0.2830E+00     0.4451E-01     0.2830E+00     0.2830E+00     0.1808E+02     0.1561E+02     0.0000E+00     0.0000E+00     0.4754E+01     0.0000E+00     0.2284E+01     0.0000E+00     0.7945E+01     0.1067E+01     0.1000E-04     0.0000E+00     0.1479E+00     0.0000E+00     0.1783E+03     0.2805E+02     0.1783E+03     0.5572E-03     0.7025E+01     0.5776E+00     0.1067E+01     0.4645E+01
   365    12    31  2018     504       1  t_1_504              0.9967E-01     0.3859E-01     0.9967E-01     0.9967E-01     0.1817E+01     0.4973E+01     0.0000E+00     0.0000E+00     0.1495E-02     0.0000E+00     0.3157E+01     0.0000E+00     0.6152E+01     0.9500E+00     0.1000E-04     0.0000E+00     0.5349E-01     0.0000E+00     0.4750E+03     0.1839E+03     0.4750E+03     0.1631E-02     0.3771E+01     0.1140E+00     0.9500E+00     0.2970E+01
   365    12    31  2018     505       1  t_1_505              0.2202E-01     0.1506E-01     0.2200E-01     0.2414E-01     0.1129E+01     0.1391E+01     0.0000E+00     0.0000E+00     0.9410E-01     0.0000E+00     0.3558E+00     0.0000E+00     0.4222E+01     0.3932E+00     0.1000E-04     0.0000E+00     0.2469E-01     0.0000E+00     0.1950E+03     0.1334E+03     0.1948E+03     0.1793E-02     0.1064E+01     0.6790E-01     0.3932E+00     0.4661E+00
   365    12    31  2018     506       1  m_1_506              0.3284E+00     0.1714E-01     0.3284E+00     0.3284E+00     0.2019E+02     0.3199E+02     0.0000E+00     0.0000E+00     0.2733E+01     0.0000E+00     0.1452E+02     0.0000E+00     0.8286E+01     0.1110E+01     0.1000E-04     0.0000E+00     0.1637E+00     0.0000E+00     0.1606E+03     0.8382E+01     0.1606E+03     0.1164E-01     0.9061E+01     0.8532E+00     0.1110E+01     0.5174E+01
   365    12    31  2018     507       1  m_1_507              0.1211E+00     0.2018E-01     0.1211E+00     0.1211E+00     0.5185E+01     0.1499E+02     0.0000E+00     0.0000E+00     0.9288E-01     0.0000E+00     0.9897E+01     0.0000E+00     0.6003E+01     0.9977E+00     0.1000E-04     0.0000E+00     0.2574E+00     0.0000E+00     0.5261E+03     0.8765E+02     0.5261E+03     0.1087E-01     0.4794E+01     0.1262E+00     0.9977E+00     0.3150E+01
   365    12    31  2018     508       1  m_1_508              0.1967E+00     0.1071E-02     0.1967E+00     0.1967E+00     0.1991E+02     0.6899E+02     0.0000E+00     0.0000E+00     0.2258E+01     0.0000E+00     0.5134E+02     0.0000E+00     0.7819E+01     0.1030E+01     0.1000E-04     0.0000E+00     0.7806E-01     0.0000E+00     0.1338E+03     0.7288E+00     0.1338E+03     0.1652E+00     0.6047E+01     0.8680E+00     0.1030E+01     0.4309E+01
   365    12    31  2018     509       1  m_1_509              0.3258E+00     0.7718E-03     0.3258E+00     0.3258E+00     0.1703E+02     0.3693E+02     0.0000E+00     0.0000E+00     0.1837E+01     0.0000E+00     0.2173E+02     0.0000E+00     0.8288E+01     0.1102E+01     0.1000E-04     0.0000E+00     0.5021E+00     0.0000E+00     0.1570E+03     0.3718E+00     0.1569E+03     0.2352E-01     0.6734E+01     0.8381E+00     0.1102E+01     0.5111E+01
   365    12    31  2018     510       1  m_1_510              0.3489E+00     0.2187E-01     0.3489E+00     0.3489E+00     0.3798E+02     0.4474E+02     0.0000E+00     0.0000E+00     0.0000E+00     0.0000E+00     0.6760E+01     0.0000E+00     0.8347E+01     0.1111E+01     0.1136E-03     0.0000E+00     0.2198E+00     0.0000E+00     0.1658E+03     0.1039E+02     0.1658E+03     0.2556E-02     0.8489E+01     0.8521E+00     0.1111E+01     0.1758E+02
   365    12    31  2018     511       1  m_5_511              0.1122E+02     0.6246E-02     0.1122E+02     0.1122E+02     0.2094E+04     0.2475E+04     0.0000E+00     0.0000E+00     0.1053E+03     0.0000E+00     0.4862E+03     0.0000E+00     0.3316E+02     0.1981E+01     0.1000E-04     0.0000E+00     0.1275E+01     0.0000E+00     0.2007E+03     0.1117E+00     0.2007E+03     0.2741E+00     0.3281E+03     0.3140E+02     0.1981E+01     0.5423E+02
   365    12    31  2018     512       1  m_5_512              0.1121E+02     0.0000E+00     0.1121E+02     0.0000E+00     0.2089E+04     0.2089E+04     0.0000E+00     0.0000E+00     0.0000E+00     0.0000E+00     0.0000E+00     0.0000E+00     0.3747E+02     0.1473E+01     0.1000E-04     0.0000E+00     0.0000E+00     0.0000E+00     0.0000E+00     0.0000E+00     0.0000E+00     0.0000E+00     0.0000E+00     0.0000E+00     0.0000E+00     0.0000E+00
   365    12    31  2018     513       1  m_1_513              0.3896E+00     0.1280E-01     0.3895E+00     0.3896E+00     0.6618E+02     0.2309E+03     0.0000E+00     0.0000E+00     0.1516E+02     0.0000E+00     0.1798E+03     0.0000E+00     0.8786E+01     0.1104E+01     0.1000E-04     0.0000E+00     0.1839E+00     0.0000E+00     0.1424E+03     0.4679E+01     0.1424E+03     0.4854E+00     0.1334E+02     0.1153E+01     0.1104E+01     0.5434E+01
   365    12    31  2018     514       1  m_5_514              0.1163E+02     0.1095E-01     0.1163E+02     0.1163E+02     0.1351E+04     0.1351E+04     0.0000E+00     0.0000E+00     0.0000E+00     0.1687E+03     0.0000E+00     0.0000E+00     0.3327E+02     0.1214E+02     0.3263E-03     0.5428E+00     0.0000E+00     0.0000E+00     0.1981E+03     0.1866E+00     0.1981E+03     0.2408E+00     0.2528E+03     0.3158E+02     0.6682E+01     0.2743E+04
   365    12    31  2018     515       1  m_5_515              0.1164E+02     0.3192E-01     0.1164E+02     0.1164E+02     0.2708E+04     0.2708E+04     0.0000E+00     0.0000E+00     0.0000E+00     0.5434E+02     0.0000E+00     0.0000E+00     0.3314E+02     0.1365E+02     0.4869E-03     0.6245E+00     0.0000E+00     0.0000E+00     0.1984E+03     0.5439E+00     0.1984E+03     0.1192E+00     0.3434E+03     0.3256E+02     0.7389E+01     0.4018E+04
   365    12    31  2018     516       1  m_5_516              0.1121E+02     0.1052E-02     0.1121E+02     0.1121E+02     0.8070E+03     0.2088E+04     0.0000E+00     0.0000E+00     0.9329E+01     0.0000E+00     0.1290E+04     0.0000E+00     0.3314E+02     0.1983E+01     0.1000E-04     0.0000E+00     0.1291E+01     0.0000E+00     0.2010E+03     0.1886E-01     0.2010E+03     0.6196E+00     0.3264E+03     0.3132E+02     0.1983E+01     0.5426E+02
   365    12    31  2018     517       1  m_1_517              0.9734E-01     0.5989E-02     0.9708E-01     0.9734E-01     0.4793E+02     0.7702E+02     0.0000E+00     0.0000E+00     0.3707E+01     0.0000E+00     0.3280E+02     0.0000E+00     0.8020E+01     0.5797E+00     0.2035E-04     0.0000E+00     0.7320E-01     0.0000E+00     0.8078E+02     0.4970E+01     0.8056E+02     0.6457E+00     0.4419E+01     0.6221E+00     0.5797E+00     0.2412E+01
   365    12    31  2018     518       1  t_1_518              0.1453E-01     0.3754E-02     0.1453E-01     0.2102E-01     0.1312E+01     0.1312E+01     0.0000E+00     0.0000E+00     0.0000E+00     0.5810E+01     0.0000E+00     0.0000E+00     0.3058E+01     0.1335E+02     0.3398E-02     0.6850E+00     0.0000E+00     0.0000E+00     0.1866E+03     0.4822E+02     0.1866E+03     0.4146E-03     0.5376E+00     0.2584E-01     0.7255E+01     0.2085E+04
   365    12    31  2018     519       1  m_1_519              0.2084E-01     0.1176E-01     0.2082E-01     0.2084E-01     0.8384E+01     0.1157E+02     0.0000E+00     0.0000E+00     0.0000E+00     0.0000E+00     0.3190E+01     0.0000E+00     0.4323E+01     0.3989E+00     0.6960E-04     0.0000E+00     0.3931E-01     0.0000E+00     0.1001E+03     0.5647E+02     0.9996E+02     0.3559E-01     0.1322E+01     0.1099E+00     0.3989E+00     0.1290E+01
   365    12    31  2018     520       1  m_2_520              0.1358E+00     0.4586E-02     0.1358E+00     0.1358E+00     0.8780E+02     0.6316E+02     0.0000E+00     0.0000E+00     0.2551E+02     0.0000E+00     0.8603E+00     0.0000E+00     0.8572E+01     0.6036E+00     0.1000E-04     0.0000E+00     0.2349E+00     0.0000E+00     0.9328E+02     0.3150E+01     0.9327E+02     0.2711E-01     0.6740E+01     0.7547E+00     0.6036E+00     0.1933E+01
   365    12    31  2018     521       1  m_2_521              0.2035E+00     0.2438E-01     0.2035E+00     0.2035E+00     0.6043E+01     0.1061E+02     0.0000E+00     0.0000E+00     0.1407E+01     0.0000E+00     0.5973E+01     0.0000E+00     0.8615E+01     0.6054E+00     0.2257E-04     0.0000E+00     0.7633E+00     0.0000E+00     0.1378E+03     0.1651E+02     0.1378E+03     0.4947E-02     0.6342E+01     0.3664E+00     0.6054E+00     0.2933E+01
   365    12    31  2018     522       1  t_1_522              0.1258E-01     0.9703E-02     0.1251E-01     0.1901E-01     0.2953E+01     0.6558E+01     0.0000E+00     0.0000E+00     0.1592E+00     0.0000E+00     0.3764E+01     0.0000E+00     0.2992E+01     0.3193E+00     0.1808E-04     0.0000E+00     0.5966E-01     0.0000E+00     0.1718E+03     0.1325E+03     0.1709E+03     0.1984E-01     0.7535E+00     0.3876E-01     0.3193E+00     0.3141E+00
   365    12    31  2018     523       1  t_1_523              0.4803E-01     0.8555E-02     0.4803E-01     0.5692E-01     0.3453E+01     0.3453E+01     0.0000E+00     0.0000E+00     0.0000E+00     0.0000E+00     0.0000E+00     0.0000E+00     0.3364E+01     0.3427E+00     0.1559E-02     0.0000E+00     0.0000E+00     0.0000E+00     0.4705E+03     0.8381E+02     0.4705E+03     0.2568E-03     0.1499E+01     0.3784E-01     0.3427E+00     0.3688E+01
   365    12    31  2018     524       1  t_1_524              0.4007E-01     0.2464E-01     0.4006E-01     0.4798E-01     0.2228E+01     0.7121E+01     0.0000E+00     0.0000E+00     0.0000E+00     0.0000E+00     0.4893E+01     0.0000E+00     0.3347E+01     0.3417E+00     0.3017E-03     0.0000E+00     0.1962E+00     0.0000E+00     0.3980E+03     0.2448E+03     0.3979E+03     0.2385E-02     0.1888E+01     0.3798E-01     0.3417E+00     0.1607E+01
   365    12    31  2018     525       1  t_1_525              0.5964E-02     0.9320E-03     0.5929E-02     0.5964E-02     0.5166E+01     0.5321E+01     0.0000E+00     0.0000E+00     0.0000E+00     0.0000E+00     0.1546E+00     0.0000E+00     0.3644E+01     0.3597E+00     0.8577E-04     0.0000E+00     0.7602E-03     0.0000E+00     0.4656E+02     0.7275E+01     0.4628E+02     0.4712E-01     0.3270E+00     0.6761E-01     0.3597E+00     0.1016E+01
   365    12    31  2018     526       1  m_2_526              0.1298E+00     0.1165E-01     0.1298E+00     0.1298E+00     0.8776E+02     0.8639E+02     0.0000E+00     0.0000E+00     0.4330E+01     0.0000E+00     0.2960E+01     0.0000E+00     0.8499E+01     0.6004E+00     0.4807E-04     0.0000E+00     0.1507E+00     0.0000E+00     0.9138E+02     0.8196E+01     0.9138E+02     0.1922E-01     0.6342E+01     0.7360E+00     0.6004E+00     0.4165E+01
   365    12    31  2018     527       1  t_1_527              0.2834E-01     0.1565E-02     0.2830E-01     0.2834E-01     0.3027E+01     0.3027E+01     0.0000E+00     0.0000E+00     0.0000E+00     0.0000E+00     0.0000E+00     0.0000E+00     0.4305E+01     0.3979E+00     0.4413E-03     0.0000E+00     0.0000E+00     0.0000E+00     0.1248E+03     0.6896E+01     0.1247E+03     0.7787E-02     0.1948E+01     0.6859E-01     0.3979E+00     0.3220E+01
   365    12    31  2018     528       1  m_5_528              0.1618E+02     0.3552E-02     0.1618E+02     0.1618E+02     0.8322E+04     0.8322E+04     0.0000E+00     0.0000E+00     0.0000E+00     0.1157E+03     0.0000E+00     0.0000E+00     0.3977E+02     0.1132E+02     0.3273E-03     0.4841E+00     0.0000E+00     0.0000E+00     0.1819E+03     0.3992E-01     0.1819E+03     0.8120E+00     0.3453E+03     0.5766E+02     0.6497E+01     0.3042E+04
   365    12    31  2018     529       1  t_1_529              0.2405E-01     0.2030E-01     0.2399E-01     0.2405E-01     0.1772E+01     0.1772E+01     0.0000E+00     0.0000E+00     0.0000E+00     0.0000E+00     0.0000E+00     0.0000E+00     0.3542E+01     0.3535E+00     0.9546E-03     0.0000E+00     0.0000E+00     0.0000E+00     0.1845E+03     0.1557E+03     0.1840E+03     0.8554E-02     0.1653E+01     0.3939E-01     0.3535E+00     0.3201E+01
   365    12    31  2018     530       1  m_5_530              0.1615E+02     0.5405E-01     0.1615E+02     0.1615E+02     0.7877E+04     0.8319E+04     0.0000E+00     0.0000E+00     0.2909E+02     0.0000E+00     0.4712E+03     0.0000E+00     0.4012E+02     0.2320E+01     0.1416E-04     0.0000E+00     0.1829E+01     0.0000E+00     0.1821E+03     0.6093E+00     0.1821E+03     0.3551E+00     0.3429E+03     0.5759E+02     0.2320E+01     0.1015E+03
   365    12    31  2018     531       1  m_5_531              0.1619E+02     0.3583E-02     0.1619E+02     0.1619E+02     0.8323E+04     0.6735E+04     0.0000E+00     0.0000E+00     0.1590E+04     0.0000E+00     0.1541E+01     0.0000E+00     0.4416E+02     0.1628E+01     0.1000E-04     0.0000E+00     0.1614E+01     0.0000E+00     0.1819E+03     0.4027E-01     0.1819E+03     0.1985E-02     0.3455E+03     0.5766E+02     0.1628E+01     0.5212E+02
   365    12    31  2018     532       1  t_2_532              0.2462E+00     0.9135E-02     0.2457E+00     0.2462E+00     0.2644E+02     0.9922E+02     0.0000E+00     0.0000E+00     0.3574E+01     0.0000E+00     0.7636E+02     0.0000E+00     0.1038E+02     0.6778E+00     0.1000E-04     0.0000E+00     0.1410E+00     0.0000E+00     0.9316E+02     0.3456E+01     0.9294E+02     0.4955E+00     0.9339E+01     0.7177E+00     0.6778E+00     0.2840E+01
   365    12    31  2018     533       1  m_3_533              0.4001E+01     0.7312E-02     0.4001E+01     0.4001E+01     0.1132E+04     0.1897E+04     0.0000E+00     0.0000E+00     0.9565E+01     0.0000E+00     0.7750E+03     0.0000E+00     0.2339E+02     0.1575E+01     0.1270E-04     0.0000E+00     0.9934E+00     0.0000E+00     0.1640E+03     0.2997E+00     0.1640E+03     0.9118E+00     0.6099E+02     0.2439E+02     0.1575E+01     0.2941E+02
   365    12    31  2018     534       1  m_5_534              0.1638E+02     0.1502E-01     0.1638E+02     0.1638E+02     0.3256E+04     0.1427E+05     0.0000E+00     0.0000E+00     0.0000E+00     0.0000E+00     0.1101E+05     0.0000E+00     0.4017E+02     0.2305E+01     0.3802E-04     0.0000E+00     0.3040E+01     0.0000E+00     0.1818E+03     0.1667E+00     0.1818E+03     0.6407E+01     0.2701E+03     0.5515E+02     0.2305E+01     0.1648E+03
   365    12    31  2018     535       1  m_5_535              0.1209E+02     0.8185E-01     0.1209E+02     0.1209E+02     0.5651E+04     0.5978E+04     0.0000E+00     0.0000E+00     0.1179E+03     0.0000E+00     0.4447E+03     0.0000E+00     0.3787E+02     0.2147E+01     0.1000E-04     0.0000E+00     0.1191E+01     0.0000E+00     0.1882E+03     0.1274E+01     0.1882E+03     0.4841E+00     0.2781E+03     0.3318E+02     0.2147E+01     0.7080E+02
   365    12    31  2018     536       1  m_5_536              0.1169E+02     0.4847E-02     0.1169E+02     0.1169E+02     0.1379E+04     0.5460E+04     0.0000E+00     0.0000E+00     0.8704E+01     0.0000E+00     0.4089E+04     0.0000E+00     0.3786E+02     0.2135E+01     0.1000E-04     0.0000E+00     0.1167E+01     0.0000E+00     0.1924E+03     0.7976E-01     0.1924E+03     0.4288E+01     0.2592E+03     0.3221E+02     0.2135E+01     0.7011E+02
   365    12    31  2018     537       1  t_2_537              0.3166E+00     0.4746E-01     0.3159E+00     0.3166E+00     0.1099E+03     0.1868E+03     0.0000E+00     0.0000E+00     0.1932E+02     0.0000E+00     0.9619E+02     0.0000E+00     0.1137E+02     0.7160E+00     0.1000E-04     0.0000E+00     0.1497E+00     0.0000E+00     0.9160E+02     0.1373E+02     0.9141E+02     0.7800E+00     0.1367E+02     0.9627E+00     0.7160E+00     0.3407E+01
   365    12    31  2018     538       1  t_2_538              0.9392E-01     0.9389E-01     0.9390E-01     0.9392E-01     0.1280E-01     0.1718E+00     0.0000E+00     0.0000E+00     0.0000E+00     0.0000E+00     0.1590E+00     0.0000E+00     0.8565E+01     0.6033E+00     0.1000E-04     0.0000E+00     0.5781E-01     0.0000E+00     0.6356E+02     0.6354E+02     0.6355E+02     0.5465E-04     0.4724E+01     0.2814E-03     0.6033E+00     0.1930E+01
   365    12    31  2018     539       1  m_5_539              0.1163E+02     0.0000E+00     0.1163E+02     0.0000E+00     0.1351E+04     0.1351E+04     0.0000E+00     0.0000E+00     0.0000E+00     0.0000E+00     0.0000E+00     0.0000E+00     0.3815E+02     0.1490E+01     0.1000E-04     0.0000E+00     0.0000E+00     0.0000E+00     0.0000E+00     0.0000E+00     0.0000E+00     0.0000E+00     0.0000E+00     0.0000E+00     0.0000E+00     0.0000E+00
   365    12    31  2018     540       1  m_1_540              0.1284E+00     0.3564E-01     0.1284E+00     0.1284E+00     0.1360E+01     0.1148E+02     0.0000E+00     0.0000E+00     0.4036E-01     0.0000E+00     0.1016E+02     0.0000E+00     0.6410E+01     0.1114E+01     0.1000E-04     0.0000E+00     0.8679E-01     0.0000E+00     0.2274E+03     0.6309E+02     0.2274E+03     0.6067E-02     0.3342E+01     0.1617E+01     0.1114E+01     0.4043E+01
   365    12    31  2018     541       1  m_1_541              0.9000E-01     0.1175E-02     0.8999E-01     0.9000E-01     0.1245E+01     0.1245E+01     0.0000E+00     0.0000E+00     0.0000E+00     0.4892E+02     0.0000E+00     0.0000E+00     0.5875E+01     0.6486E+01     0.2723E-02     0.2847E+00     0.0000E+00     0.0000E+00     0.1665E+03     0.2173E+01     0.1664E+03     0.2996E-02     0.1253E+01     0.1545E+01     0.3485E+01     0.5651E+03
   365    12    31  2018     542       1  m_1_542              0.1837E+00     0.4772E-02     0.1837E+00     0.1837E+00     0.6984E+01     0.2493E+02     0.0000E+00     0.0000E+00     0.8941E+00     0.0000E+00     0.1884E+02     0.0000E+00     0.6871E+01     0.1160E+01     0.1000E-04     0.0000E+00     0.3558E+00     0.0000E+00     0.1810E+03     0.4701E+01     0.1810E+03     0.1319E-01     0.2794E+01     0.2778E+01     0.1160E+01     0.4639E+01
   365    12    31  2018     543       1  m_1_543              0.4602E-01     0.2701E-01     0.4600E-01     0.4602E-01     0.4756E+00     0.4756E+00     0.0000E+00     0.0000E+00     0.0000E+00     0.0000E+00     0.0000E+00     0.0000E+00     0.5865E+01     0.1081E+01     0.1610E-03     0.0000E+00     0.0000E+00     0.0000E+00     0.2807E+03     0.1647E+03     0.2806E+03     0.1341E-02     0.1543E+01     0.4936E+00     0.1081E+01     0.1415E+02
   365    12    31  2018     544       1  m_1_544              0.2972E+00     0.1838E-01     0.2972E+00     0.2972E+00     0.3987E+02     0.1004E+03     0.0000E+00     0.0000E+00     0.7552E+01     0.0000E+00     0.6809E+02     0.0000E+00     0.7358E+01     0.1098E+01     0.1000E-04     0.0000E+00     0.3368E+00     0.0000E+00     0.2030E+03     0.1256E+02     0.2030E+03     0.2368E-01     0.4167E+01     0.3527E+01     0.1098E+01     0.4517E+01
   365    12    31  2018     545       1  m_1_545              0.2770E+00     0.4343E-01     0.2770E+00     0.2770E+00     0.2622E+02     0.8021E+02     0.0000E+00     0.0000E+00     0.9801E+01     0.0000E+00     0.6379E+02     0.0000E+00     0.7441E+01     0.1080E+01     0.1000E-04     0.0000E+00     0.1421E+00     0.0000E+00     0.1917E+03     0.3005E+02     0.1916E+03     0.6348E-01     0.5059E+01     0.4073E+01     0.1080E+01     0.4446E+01
   365    12    31  2018     546       1  t_1_546              0.2414E+00     0.2873E-02     0.2414E+00     0.2414E+00     0.2763E+02     0.3804E+02     0.0000E+00     0.0000E+00     0.1956E+01     0.0000E+00     0.1237E+02     0.0000E+00     0.7162E+01     0.1215E+01     0.1000E-04     0.0000E+00     0.1237E+00     0.0000E+00     0.2659E+03     0.3165E+01     0.2659E+03     0.2654E-01     0.6963E+01     0.4177E+01     0.1215E+01     0.5219E+01
   365    12    31  2018     547       1  t_1_547              0.2694E+00     0.4217E-02     0.2694E+00     0.2694E+00     0.4399E+02     0.4399E+02     0.0000E+00     0.0000E+00     0.0000E+00     0.1856E+02     0.0000E+00     0.0000E+00     0.7576E+01     0.3597E+01     0.3065E-03     0.1286E+00     0.0000E+00     0.0000E+00     0.2481E+03     0.3883E+01     0.2481E+03     0.7421E-01     0.7784E+01     0.5018E+01     0.2255E+01     0.9606E+02
   365    12    31  2018     548       1  t_1_548              0.5024E-01     0.2426E-01     0.5024E-01     0.5024E-01     0.5164E+01     0.5164E+01     0.0000E+00     0.0000E+00     0.0000E+00     0.1539E+02     0.0000E+00     0.0000E+00     0.5225E+01     0.1287E+02     0.1314E-01     0.6362E+00     0.0000E+00     0.0000E+00     0.3214E+03     0.1552E+03     0.3214E+03     0.2671E-02     0.1980E+01     0.7375E+00     0.6584E+01     0.4872E+04
   365    12    31  2018     549       1  m_2_549              0.6554E+00     0.2577E-01     0.6554E+00     0.6554E+00     0.1388E+03     0.1388E+03     0.0000E+00     0.0000E+00     0.0000E+00     0.1155E-01     0.0000E+00     0.0000E+00     0.8430E+01     0.1216E+01     0.9066E-03     0.1896E-04     0.0000E+00     0.0000E+00     0.2151E+03     0.8460E+01     0.2151E+03     0.1464E+00     0.1156E+02     0.1020E+02     0.1216E+01     0.5842E+02
   365    12    31  2018     550       1  t_1_550              0.2438E-01     0.5103E-02     0.2436E-01     0.2438E-01     0.4809E+01     0.4809E+01     0.0000E+00     0.0000E+00     0.0000E+00     0.0000E+00     0.0000E+00     0.0000E+00     0.5353E+01     0.8539E+00     0.2573E-02     0.0000E+00     0.0000E+00     0.0000E+00     0.1691E+03     0.3538E+02     0.1689E+03     0.1502E-01     0.6363E+00     0.6805E+00     0.8539E+00     0.3473E+02
   365    12    31  2018     551       1  t_1_551              0.2280E+00     0.8850E-01     0.2280E+00     0.2280E+00     0.2489E+02     0.2489E+02     0.0000E+00     0.0000E+00     0.0000E+00     0.1495E+03     0.0000E+00     0.0000E+00     0.6628E+01     0.5183E+02     0.2481E-02     0.2665E+01     0.0000E+00     0.0000E+00     0.2749E+03     0.1067E+03     0.2749E+03     0.4528E-01     0.6540E+01     0.3807E+01     0.2406E+02     0.5105E+05
   365    12    31  2018     552       1  m_1_552              0.1044E+00     0.6338E-01     0.1044E+00     0.1044E+00     0.8401E+01     0.8401E+01     0.0000E+00     0.0000E+00     0.0000E+00     0.2848E+02     0.0000E+00     0.0000E+00     0.6240E+01     0.7801E+01     0.1386E-02     0.3528E+00     0.0000E+00     0.0000E+00     0.2107E+03     0.1279E+03     0.2106E+03     0.1352E-01     0.6410E+01     0.1459E+01     0.4109E+01     0.5916E+03
   365    12    31  2018     553       1  m_2_553              0.3249E+00     0.8899E-01     0.3248E+00     0.3249E+00     0.2622E+02     0.2622E+02     0.0000E+00     0.0000E+00     0.0000E+00     0.2972E+04     0.0000E+00     0.0000E+00     0.7282E+01     0.4985E+02     0.2031E-02     0.2563E+01     0.0000E+00     0.0000E+00     0.2102E+03     0.5757E+02     0.2101E+03     0.1387E+00     0.1837E+02     0.4550E+01     0.2410E+02     0.4373E+05
   365    12    31  2018     554       1  t_1_554              0.6545E-01     0.4459E-01     0.6544E-01     0.6545E-01     0.4270E+01     0.4270E+01     0.0000E+00     0.0000E+00     0.0000E+00     0.8423E-01     0.0000E+00     0.0000E+00     0.5748E+01     0.8929E+00     0.1919E-02     0.3278E-02     0.0000E+00     0.0000E+00     0.2598E+03     0.1770E+03     0.2598E+03     0.6201E-02     0.3495E+01     0.7416E+00     0.8602E+00     0.3257E+02
   365    12    31  2018     555       1  t_2_555              0.1671E+00     0.8231E-02     0.1671E+00     0.1671E+00     0.1370E+02     0.1370E+02     0.0000E+00     0.0000E+00     0.0000E+00     0.2850E+00     0.0000E+00     0.0000E+00     0.5690E+01     0.9630E+00     0.1715E-02     0.2464E-02     0.0000E+00     0.0000E+00     0.3974E+03     0.1958E+02     0.3974E+03     0.7191E-02     0.4020E+01     0.6390E+00     0.9273E+00     0.3460E+02
   365    12    31  2018     556       1  m_3_556              0.1480E+01     0.3377E-02     0.1480E+01     0.1480E+01     0.2644E+03     0.4646E+03     0.0000E+00     0.0000E+00     0.9163E+02     0.0000E+00     0.2918E+03     0.0000E+00     0.1152E+02     0.1302E+01     0.1000E-04     0.0000E+00     0.5101E+00     0.0000E+00     0.2280E+03     0.5203E+00     0.2280E+03     0.3496E+00     0.3890E+02     0.1757E+02     0.1302E+01     0.9363E+01
   365    12    31  2018     557       1  t_1_557              0.1034E-01     0.2838E-02     0.1033E-01     0.2018E-01     0.1673E+01     0.1673E+01     0.0000E+00     0.0000E+00     0.0000E+00     0.1226E-01     0.0000E+00     0.0000E+00     0.5151E+01     0.8110E+00     0.5202E-02     0.4559E-02     0.0000E+00     0.0000E+00     0.2089E+03     0.5734E+02     0.2088E+03     0.9619E-03     0.2630E+00     0.7563E-01     0.7451E+00     0.3784E+02
   365    12    31  2018     558       1  t_2_558              0.2155E+00     0.1252E-01     0.2155E+00     0.2155E+00     0.1158E+02     0.1158E+02     0.0000E+00     0.0000E+00     0.0000E+00     0.1624E+01     0.0000E+00     0.0000E+00     0.5867E+01     0.1157E+01     0.1575E-02     0.1025E-01     0.0000E+00     0.0000E+00     0.3559E+03     0.2067E+02     0.3559E+03     0.9296E-02     0.3649E+01     0.8843E+00     0.1011E+01     0.3967E+02
   365    12    31  2018     559       1  m_3_559              0.1064E+01     0.1222E-01     0.1064E+01     0.1064E+01     0.1812E+03     0.3786E+03     0.0000E+00     0.0000E+00     0.0000E+00     0.1912E+03     0.1974E+03     0.0000E+00     0.1087E+02     0.4201E+01     0.4378E-03     0.1535E+00     0.7599E-01     0.0000E+00     0.2101E+03     0.2412E+01     0.2101E+03     0.4736E+00     0.3190E+02     0.1548E+02     0.2588E+01     0.2034E+03
   365    12    31  2018     560       1  t_1_560              0.4745E-01     0.7707E-02     0.4744E-01     0.4745E-01     0.4839E+01     0.4839E+01     0.0000E+00     0.0000E+00     0.0000E+00     0.1782E+02     0.0000E+00     0.0000E+00     0.5389E+01     0.3279E+01     0.4177E-02     0.1331E+00     0.0000E+00     0.0000E+00     0.3104E+03     0.5041E+02     0.3103E+03     0.1120E-01     0.1357E+01     0.2335E+00     0.1748E+01     0.1780E+03
   365    12    31  2018     561       1  t_1_561              0.6154E-01     0.2902E-01     0.6147E-01     0.6154E-01     0.7256E+01     0.7256E+01     0.0000E+00     0.0000E+00     0.0000E+00     0.3293E+03     0.0000E+00     0.0000E+00     0.4993E+01     0.3346E+02     0.3171E-02     0.1722E+01     0.0000E+00     0.0000E+00     0.2867E+03     0.1352E+03     0.2864E+03     0.2476E-01     0.1734E+01     0.3279E+00     0.1550E+02     0.1801E+05
   365    12    31  2018     562       1  t_1_562              0.7288E-01     0.8609E-02     0.7287E-01     0.1197E+00     0.1187E+01     0.4071E+01     0.0000E+00     0.0000E+00     0.1594E-01     0.0000E+00     0.2900E+01     0.0000E+00     0.5731E+01     0.8502E+00     0.1000E-04     0.0000E+00     0.2759E+00     0.0000E+00     0.1124E+04     0.1328E+03     0.1124E+04     0.5371E-02     0.2531E+01     0.9899E-01     0.8502E+00     0.2298E+01
   365    12    31  2018     563       1  t_2_563              0.2762E+00     0.1626E-02     0.2762E+00     0.2762E+00     0.4584E+02     0.5702E+02     0.0000E+00     0.0000E+00     0.0000E+00     0.0000E+00     0.1118E+02     0.0000E+00     0.6666E+01     0.1017E+01     0.5082E-03     0.0000E+00     0.7212E-01     0.0000E+00     0.3795E+03     0.2234E+01     0.3795E+03     0.1237E-01     0.5447E+01     0.1071E+01     0.1017E+01     0.2568E+02
   365    12    31  2018     564       1  m_3_564              0.1490E+01     0.1229E-02     0.1490E+01     0.1490E+01     0.4667E+03     0.9564E+03     0.0000E+00     0.0000E+00     0.9765E+02     0.0000E+00     0.5873E+03     0.0000E+00     0.1157E+02     0.1299E+01     0.1000E-04     0.0000E+00     0.1019E+01     0.0000E+00     0.2275E+03     0.1877E+00     0.2275E+03     0.3918E+00     0.3915E+02     0.1765E+02     0.1299E+01     0.9372E+01
   365    12    31  2018     565       1  t_2_565              0.3043E+00     0.1254E-01     0.3042E+00     0.3043E+00     0.3121E+02     0.5487E+02     0.0000E+00     0.0000E+00     0.1841E+02     0.0000E+00     0.4207E+02     0.0000E+00     0.6898E+01     0.9892E+00     0.1000E-04     0.0000E+00     0.1850E+00     0.0000E+00     0.3564E+03     0.1469E+02     0.3563E+03     0.3616E-01     0.4486E+01     0.1217E+01     0.9892E+00     0.3558E+01
   365    12    31  2018     566       1  t_1_566              0.8793E-02     0.3072E-02     0.8787E-02     0.2007E-01     0.1277E+01     0.1293E+01     0.0000E+00     0.0000E+00     0.0000E+00     0.0000E+00     0.1632E-01     0.0000E+00     0.5730E+01     0.8309E+00     0.1000E-04     0.0000E+00     0.4608E-03     0.0000E+00     0.2329E+03     0.8135E+02     0.2327E+03     0.1786E-02     0.2153E+00     0.5769E-01     0.8309E+00     0.2210E+01
   365    12    31  2018     567       1  t_1_567              0.1876E-01     0.1432E-01     0.1876E-01     0.4877E-01     0.9900E+00     0.9900E+00     0.0000E+00     0.0000E+00     0.0000E+00     0.8189E+00     0.0000E+00     0.0000E+00     0.4621E+01     0.1123E+01     0.3867E-02     0.2008E-01     0.0000E+00     0.0000E+00     0.6407E+03     0.4892E+03     0.6406E+03     0.7599E-03     0.6288E+00     0.4474E-01     0.8557E+00     0.3775E+02
   365    12    31  2018     568       1  t_1_568              0.3077E-01     0.1937E-01     0.3077E-01     0.5530E-01     0.1901E+01     0.1901E+01     0.0000E+00     0.0000E+00     0.0000E+00     0.3170E-01     0.0000E+00     0.0000E+00     0.5260E+01     0.8131E+00     0.2861E-02     0.1736E-02     0.0000E+00     0.0000E+00     0.5446E+03     0.3428E+03     0.5445E+03     0.9970E-03     0.1016E+01     0.8633E-01     0.7880E+00     0.3144E+02
   365    12    31  2018     569       1  m_3_569              0.1090E+01     0.2139E-01     0.1090E+01     0.1090E+01     0.3801E+03     0.1911E+03     0.0000E+00     0.0000E+00     0.2381E+03     0.0000E+00     0.4907E+02     0.0000E+00     0.1096E+02     0.1288E+01     0.1000E-04     0.0000E+00     0.4395E+00     0.0000E+00     0.2139E+03     0.4199E+01     0.2139E+03     0.4759E-01     0.3278E+02     0.1552E+02     0.1288E+01     0.8752E+01
   365    12    31  2018     570       1  t_1_570              0.2101E-01     0.2256E-02     0.2101E-01     0.5462E-01     0.9829E+00     0.6598E+00     0.0000E+00     0.0000E+00     0.5046E+00     0.0000E+00     0.1815E+00     0.0000E+00     0.2625E+01     0.2950E+00     0.1000E-04     0.0000E+00     0.1910E+00     0.0000E+00     0.7176E+03     0.7703E+02     0.7176E+03     0.5208E-04     0.7126E+00     0.4474E-01     0.2950E+00     0.1796E+00
   365    12    31  2018     571       1  t_2_571              0.1283E+00     0.2684E-02     0.1283E+00     0.1283E+00     0.8234E+01     0.8234E+01     0.0000E+00     0.0000E+00     0.0000E+00     0.1261E+00     0.0000E+00     0.0000E+00     0.5605E+01     0.8370E+00     0.2138E-02     0.1445E-02     0.0000E+00     0.0000E+00     0.4937E+03     0.1033E+02     0.4937E+03     0.3221E-02     0.2955E+01     0.3935E+00     0.8161E+00     0.3068E+02
   365    12    31  2018     572       1  m_3_572              0.1572E+01     0.1019E-02     0.1572E+01     0.1572E+01     0.4871E+03     0.9036E+03     0.0000E+00     0.0000E+00     0.0000E+00     0.1303E+03     0.4165E+03     0.0000E+00     0.1178E+02     0.4151E+01     0.2601E-03     0.1509E+00     0.2420E+00     0.0000E+00     0.2276E+03     0.1475E+00     0.2276E+03     0.7653E+00     0.2484E+02     0.1634E+02     0.2518E+01     0.1624E+03
   365    12    31  2018     573       1  t_1_573              0.2416E-01     0.7386E-02     0.2416E-01     0.3135E-01     0.3065E+01     0.3267E+01     0.0000E+00     0.0000E+00     0.0000E+00     0.0000E+00     0.2021E+00     0.0000E+00     0.5847E+01     0.8581E+00     0.1000E-04     0.0000E+00     0.7708E-02     0.0000E+00     0.2670E+03     0.8161E+02     0.2669E+03     0.4246E-02     0.6139E+00     0.1383E+00     0.8582E+00     0.2381E+01
   365    12    31  2018     574       1  t_1_574              0.5841E-01     0.2569E-01     0.5838E-01     0.5841E-01     0.7301E+01     0.7301E+01     0.0000E+00     0.0000E+00     0.0000E+00     0.4846E+01     0.0000E+00     0.0000E+00     0.5245E+01     0.3613E+01     0.1429E-02     0.1389E+00     0.0000E+00     0.0000E+00     0.2705E+03     0.1190E+03     0.2704E+03     0.2530E-01     0.1457E+01     0.3299E+00     0.2096E+01     0.1349E+03
   365    12    31  2018     575       1  t_1_575              0.6301E-01     0.3224E-01     0.6301E-01     0.1132E+00     0.1894E+01     0.9058E+00     0.0000E+00     0.0000E+00     0.1047E+01     0.0000E+00     0.5956E-01     0.0000E+00     0.3309E+01     0.3393E+00     0.1000E-04     0.0000E+00     0.3270E+00     0.0000E+00     0.1115E+04     0.5706E+03     0.1115E+04     0.1169E-04     0.2156E+01     0.8633E-01     0.3393E+00     0.2858E+00
   365    12    31  2018     576       1  t_2_576              0.1444E+00     0.6197E-02     0.1444E+00     0.1444E+00     0.1046E+02     0.1046E+02     0.0000E+00     0.0000E+00     0.0000E+00     0.2727E-01     0.0000E+00     0.0000E+00     0.5780E+01     0.8332E+00     0.2234E-02     0.7006E-03     0.0000E+00     0.0000E+00     0.4441E+03     0.1906E+02     0.4441E+03     0.2799E-02     0.3345E+01     0.4932E+00     0.8230E+00     0.3279E+02
   365    12    31  2018     577       1  t_2_577              0.2641E+00     0.4052E-01     0.2641E+00     0.2641E+00     0.1344E+02     0.4348E+02     0.0000E+00     0.0000E+00     0.0000E+00     0.0000E+00     0.3004E+02     0.0000E+00     0.6129E+01     0.9572E+00     0.1382E-03     0.0000E+00     0.2506E+00     0.0000E+00     0.4010E+03     0.6153E+02     0.4010E+03     0.9079E-02     0.5189E+01     0.9654E+00     0.9572E+00     0.1114E+02
   365    12    31  2018     578       1  m_1_578              0.4146E+00     0.1656E+00     0.4144E+00     0.4146E+00     0.2771E+02     0.5379E+02     0.0000E+00     0.0000E+00     0.5509E+01     0.0000E+00     0.3159E+02     0.0000E+00     0.1241E+02     0.7550E+00     0.1000E-04     0.0000E+00     0.1748E+00     0.0000E+00     0.5045E+03     0.2015E+03     0.5044E+03     0.1217E+00     0.1842E+02     0.1773E+01     0.7550E+00     0.4064E+01
   365    12    31  2018     579       1  m_1_579              0.2244E+00     0.6776E-01     0.2242E+00     0.2244E+00     0.2411E+02     0.2411E+02     0.0000E+00     0.0000E+00     0.0000E+00     0.1299E+03     0.0000E+00     0.0000E+00     0.1178E+02     0.5052E+01     0.4551E-03     0.2272E+00     0.0000E+00     0.0000E+00     0.3162E+03     0.9550E+02     0.3160E+03     0.1333E+00     0.7575E+01     0.1531E+01     0.2666E+01     0.2553E+03
   365    12    31  2018     580       1  m_1_580              0.4655E+00     0.5085E-01     0.4655E+00     0.4655E+00     0.5367E+02     0.4720E+02     0.0000E+00     0.0000E+00     0.1068E+02     0.0000E+00     0.4206E+01     0.0000E+00     0.1241E+02     0.7552E+00     0.1000E-04     0.0000E+00     0.1914E+00     0.0000E+00     0.5659E+03     0.6182E+02     0.5659E+03     0.1063E-01     0.2099E+02     0.1775E+01     0.7552E+00     0.4067E+01
   365    12    31  2018     581       1  t_1_581              0.2560E-01     0.9238E-02     0.2556E-01     0.2560E-01     0.4085E+01     0.4085E+01     0.0000E+00     0.0000E+00     0.0000E+00     0.3549E+02     0.0000E+00     0.0000E+00     0.5736E+01     0.1718E+02     0.3516E-02     0.8508E+00     0.0000E+00     0.0000E+00     0.1511E+03     0.5451E+02     0.1508E+03     0.2298E-01     0.9652E+00     0.1551E+00     0.8166E+01     0.4234E+04
   365    12    31  2018     582       1  m_3_582              0.4440E+00     0.5190E-03     0.4440E+00     0.4440E+00     0.1576E+03     0.1630E+03     0.0000E+00     0.0000E+00     0.1043E+02     0.0000E+00     0.1587E+02     0.0000E+00     0.1033E+02     0.1223E+01     0.1000E-04     0.0000E+00     0.1708E+00     0.0000E+00     0.2122E+03     0.2480E+00     0.2121E+03     0.2909E-01     0.8203E+01     0.1699E+01     0.1223E+01     0.7569E+01
   365    12    31  2018     583       1  m_2_583              0.3019E+00     0.5463E-02     0.3019E+00     0.3019E+00     0.3321E+03     0.2654E+03     0.0000E+00     0.0000E+00     0.6869E+02     0.0000E+00     0.1955E+01     0.0000E+00     0.8105E+01     0.1286E+01     0.1000E-04     0.0000E+00     0.1125E+00     0.0000E+00     0.2225E+03     0.4025E+01     0.2225E+03     0.4245E-02     0.7970E+01     0.1133E+01     0.1286E+01     0.6486E+01
   365    12    31  2018     584       1  t_2_584              0.2128E+00     0.6365E-02     0.2128E+00     0.2128E+00     0.1764E+02     0.5695E+02     0.0000E+00     0.0000E+00     0.2087E+00     0.0000E+00     0.3952E+02     0.0000E+00     0.7257E+01     0.1305E+01     0.1000E-04     0.0000E+00     0.3251E+00     0.0000E+00     0.2620E+03     0.7836E+01     0.2620E+03     0.5506E-01     0.4536E+01     0.6333E+00     0.1305E+01     0.5968E+01
   365    12    31  2018     585       1  t_2_585              0.1264E+00     0.5236E-02     0.1263E+00     0.1264E+00     0.1570E+02     0.1570E+02     0.0000E+00     0.0000E+00     0.0000E+00     0.1393E+03     0.0000E+00     0.0000E+00     0.6465E+01     0.5761E+01     0.1357E-02     0.2493E+00     0.0000E+00     0.0000E+00     0.1760E+03     0.7293E+01     0.1760E+03     0.4273E-01     0.3092E+01     0.6368E+00     0.3102E+01     0.3401E+03
   365    12    31  2018     586       1  t_1_586              0.6704E-01     0.1277E-02     0.6704E-01     0.6704E-01     0.7003E+01     0.7198E+01     0.0000E+00     0.0000E+00     0.0000E+00     0.0000E+00     0.1950E+00     0.0000E+00     0.6928E+01     0.1296E+01     0.1000E-04     0.0000E+00     0.6173E-02     0.0000E+00     0.1880E+03     0.3581E+01     0.1880E+03     0.2409E-02     0.1509E+01     0.3034E+00     0.1296E+01     0.5638E+01
   365    12    31  2018     587       1  t_1_587              0.7253E-01     0.1640E-02     0.7253E-01     0.7253E-01     0.3307E+01     0.3351E+01     0.0000E+00     0.0000E+00     0.0000E+00     0.0000E+00     0.4419E-01     0.0000E+00     0.6942E+01     0.1298E+01     0.1000E-04     0.0000E+00     0.9150E-02     0.0000E+00     0.2006E+03     0.4536E+01     0.2006E+03     0.3889E-03     0.1180E+01     0.2705E+00     0.1298E+01     0.5668E+01
   365    12    31  2018     588       1  t_1_588              0.2551E-01     0.2524E-02     0.2549E-01     0.2551E-01     0.5736E+01     0.5736E+01     0.0000E+00     0.0000E+00     0.0000E+00     0.1503E+02     0.0000E+00     0.0000E+00     0.5347E+01     0.1587E+02     0.2794E-02     0.7764E+00     0.0000E+00     0.0000E+00     0.1072E+03     0.1061E+02     0.1071E+03     0.1423E-01     0.8848E+00     0.2183E+00     0.7579E+01     0.3050E+04
   365    12    31  2018     589       1  t_1_589              0.3838E-01     0.2151E-01     0.3838E-01     0.6070E-01     0.1627E+01     0.2214E+01     0.0000E+00     0.0000E+00     0.0000E+00     0.0000E+00     0.5869E+00     0.0000E+00     0.5743E+01     0.1010E+01     0.1000E-04     0.0000E+00     0.1161E-01     0.0000E+00     0.5599E+03     0.3138E+03     0.5598E+03     0.2440E-02     0.1609E+01     0.6280E-01     0.1010E+01     0.3082E+01
   365    12    31  2018     590       1  t_1_590              0.8032E-02     0.1924E-02     0.8025E-02     0.1341E-01     0.1525E+01     0.1525E+01     0.0000E+00     0.0000E+00     0.0000E+00     0.0000E+00     0.0000E+00     0.0000E+00     0.5886E+01     0.1074E+01     0.1000E-04     0.0000E+00     0.0000E+00     0.0000E+00     0.1270E+03     0.3042E+02     0.1269E+03     0.3078E-02     0.2917E+00     0.5802E-01     0.1074E+01     0.3500E+01
   365    12    31  2018     591       1  t_1_591              0.8705E-02     0.2407E-02     0.8697E-02     0.1424E-01     0.1572E+01     0.1572E+01     0.0000E+00     0.0000E+00     0.0000E+00     0.0000E+00     0.0000E+00     0.0000E+00     0.5785E+01     0.1188E+01     0.6932E-03     0.0000E+00     0.0000E+00     0.0000E+00     0.1335E+03     0.3691E+02     0.1334E+03     0.3603E-02     0.3181E+00     0.5978E-01     0.1188E+01     0.3404E+02
   365    12    31  2018     592       1  t_2_592              0.1304E+00     0.3392E-02     0.1304E+00     0.1304E+00     0.1594E+02     0.2179E+02     0.0000E+00     0.0000E+00     0.4609E+00     0.0000E+00     0.6309E+01     0.0000E+00     0.6742E+01     0.1037E+01     0.1000E-04     0.0000E+00     0.6546E-01     0.0000E+00     0.1798E+03     0.4676E+01     0.1798E+03     0.1575E-01     0.3279E+01     0.6434E+00     0.1037E+01     0.3764E+01
   365    12    31  2018     593       1  t_2_593              0.1384E+00     0.2525E-02     0.1384E+00     0.1384E+00     0.3673E+01     0.3673E+01     0.0000E+00     0.0000E+00     0.0000E+00     0.8575E+00     0.0000E+00     0.0000E+00     0.6910E+01     0.1729E+01     0.1947E-03     0.2234E-01     0.0000E+00     0.0000E+00     0.2865E+03     0.5227E+01     0.2865E+03     0.1513E-02     0.2791E+01     0.3652E+00     0.1495E+01     0.3183E+02
   365    12    31  2018     594       1  t_2_594              0.1980E+00     0.4059E-02     0.1980E+00     0.1980E+00     0.6295E+01     0.1551E+02     0.0000E+00     0.0000E+00     0.2236E+00     0.0000E+00     0.9441E+01     0.0000E+00     0.6985E+01     0.1212E+01     0.1000E-04     0.0000E+00     0.8906E-01     0.0000E+00     0.2733E+03     0.5604E+01     0.2733E+03     0.5619E-02     0.3909E+01     0.5527E+00     0.1212E+01     0.5074E+01
   365    12    31  2018     595       1  t_1_595              0.5559E-01     0.3559E-02     0.5555E-01     0.5559E-01     0.2455E+01     0.2542E+01     0.0000E+00     0.0000E+00     0.0000E+00     0.0000E+00     0.8629E-01     0.0000E+00     0.6609E+01     0.1322E+01     0.1000E-04     0.0000E+00     0.2128E-02     0.0000E+00     0.2112E+03     0.1352E+02     0.2110E+03     0.4975E-02     0.1064E+01     0.2182E+00     0.1322E+01     0.5571E+01
   365    12    31  2018     596       1  t_2_596              0.8436E-01     0.4698E-02     0.8435E-01     0.8436E-01     0.9722E+01     0.1023E+02     0.0000E+00     0.0000E+00     0.0000E+00     0.0000E+00     0.5056E+00     0.0000E+00     0.6422E+01     0.1086E+01     0.1000E-04     0.0000E+00     0.3084E-01     0.0000E+00     0.2395E+03     0.1334E+02     0.2395E+03     0.2825E-02     0.3144E+01     0.3227E+00     0.1086E+01     0.3882E+01
   365    12    31  2018     597       1  t_1_597              0.4486E-01     0.4211E-02     0.4485E-01     0.5745E-01     0.2768E+01     0.2768E+01     0.0000E+00     0.0000E+00     0.0000E+00     0.1596E+00     0.0000E+00     0.0000E+00     0.5865E+01     0.1087E+01     0.4980E-03     0.3851E-02     0.0000E+00     0.0000E+00     0.4871E+03     0.4572E+02     0.4871E+03     0.3210E-02     0.1876E+01     0.8433E-01     0.1043E+01     0.2343E+02
   365    12    31  2018     598       1  m_1_598              0.2608E-01     0.1061E-02     0.2607E-01     0.2608E-01     0.6245E+01     0.6245E+01     0.0000E+00     0.0000E+00     0.0000E+00     0.2163E+02     0.0000E+00     0.0000E+00     0.5641E+01     0.9105E+01     0.4717E-02     0.4345E+00     0.0000E+00     0.0000E+00     0.1007E+03     0.4097E+01     0.1006E+03     0.8406E-02     0.8891E+00     0.2378E+00     0.4462E+01     0.1272E+04
   365    12    31  2018     599       1  m_2_599              0.2733E+00     0.2420E-01     0.2733E+00     0.2733E+00     0.6576E+02     0.6576E+02     0.0000E+00     0.0000E+00     0.0000E+00     0.1365E+03     0.0000E+00     0.0000E+00     0.7708E+01     0.6986E+02     0.1576E-02     0.3613E+01     0.0000E+00     0.0000E+00     0.2321E+03     0.2055E+02     0.2321E+03     0.3242E-01     0.6875E+01     0.9687E+00     0.3225E+02     0.8319E+05
   365    12    31  2018     600       1  t_1_600              0.6558E-01     0.1267E-02     0.6552E-01     0.6558E-01     0.4731E+01     0.7002E+01     0.0000E+00     0.0000E+00     0.0000E+00     0.0000E+00     0.2272E+01     0.0000E+00     0.6880E+01     0.1291E+01     0.1000E-04     0.0000E+00     0.6994E-02     0.0000E+00     0.1853E+03     0.3580E+01     0.1851E+03     0.2739E-01     0.1438E+01     0.3011E+00     0.1291E+01     0.5567E+01
   365    12    31  2018     601       1  t_2_601              0.7958E-01     0.1259E-01     0.7957E-01     0.7958E-01     0.8319E+01     0.9735E+01     0.0000E+00     0.0000E+00     0.0000E+00     0.0000E+00     0.1416E+01     0.0000E+00     0.6408E+01     0.1095E+01     0.1000E-04     0.0000E+00     0.2886E-01     0.0000E+00     0.2266E+03     0.3585E+02     0.2265E+03     0.8966E-02     0.2929E+01     0.3219E+00     0.1095E+01     0.3926E+01
   365    12    31  2018     602       1  m_3_602              0.4614E+00     0.1738E-01     0.4614E+00     0.4614E+00     0.1630E+03     0.1643E+03     0.0000E+00     0.0000E+00     0.4873E+01     0.0000E+00     0.6189E+01     0.0000E+00     0.1033E+02     0.1223E+01     0.1000E-04     0.0000E+00     0.2683E+00     0.0000E+00     0.2204E+03     0.8301E+01     0.2204E+03     0.7374E-02     0.8953E+01     0.1700E+01     0.1223E+01     0.7565E+01
   365    12    31  2018     603       1  t_1_603              0.2491E-01     0.1494E-01     0.2489E-01     0.3431E-01     0.1989E+01     0.1989E+01     0.0000E+00     0.0000E+00     0.0000E+00     0.1398E+00     0.0000E+00     0.0000E+00     0.5908E+01     0.1155E+01     0.2799E-03     0.2679E-02     0.0000E+00     0.0000E+00     0.2987E+03     0.1791E+03     0.2984E+03     0.5094E-02     0.9859E+00     0.7639E-01     0.1125E+01     0.2013E+02
   365    12    31  2018     604       1  t_1_604              0.5194E-01     0.1842E-01     0.5193E-01     0.5194E-01     0.5920E+01     0.6055E+01     0.0000E+00     0.0000E+00     0.0000E+00     0.0000E+00     0.1349E+00     0.0000E+00     0.6649E+01     0.1235E+01     0.1000E-04     0.0000E+00     0.3244E-02     0.0000E+00     0.2062E+03     0.7313E+02     0.2061E+03     0.6729E-02     0.1990E+01     0.2307E+00     0.1235E+01     0.4994E+01
   365    12    31  2018     605       1  t_1_605              0.7085E-01     0.4982E-02     0.7084E-01     0.7085E-01     0.3161E+01     0.3293E+01     0.0000E+00     0.0000E+00     0.0000E+00     0.0000E+00     0.1317E+00     0.0000E+00     0.6942E+01     0.1298E+01     0.1000E-04     0.0000E+00     0.2287E-02     0.0000E+00     0.1962E+03     0.1380E+02     0.1962E+03     0.1323E-02     0.1101E+01     0.2700E+00     0.1298E+01     0.5669E+01
   365    12    31  2018     606       1  t_1_606              0.5193E-01     0.1825E-01     0.5187E-01     0.5193E-01     0.3166E+01     0.3536E+01     0.0000E+00     0.0000E+00     0.0000E+00     0.0000E+00     0.3696E+00     0.0000E+00     0.6116E+01     0.1045E+01     0.1000E-04     0.0000E+00     0.1643E-02     0.0000E+00     0.2917E+03     0.1025E+03     0.2914E+03     0.1495E-01     0.1556E+01     0.1585E+00     0.1045E+01     0.3467E+01
   365    12    31  2018     607       1  m_2_607              0.3122E+00     0.7434E-02     0.3122E+00     0.3122E+00     0.1305E+03     0.1356E+03     0.0000E+00     0.0000E+00     0.2398E+01     0.0000E+00     0.7429E+01     0.0000E+00     0.8102E+01     0.1286E+01     0.1000E-04     0.0000E+00     0.1423E+00     0.0000E+00     0.2297E+03     0.5470E+01     0.2297E+03     0.1180E-01     0.4859E+01     0.1048E+01     0.1286E+01     0.6485E+01
   365    12    31  2018     608       1  t_2_608              0.9377E-01     0.2677E-02     0.9375E-01     0.9377E-01     0.1191E+02     0.1737E+02     0.0000E+00     0.0000E+00     0.0000E+00     0.0000E+00     0.5464E+01     0.0000E+00     0.6420E+01     0.1053E+01     0.1355E-04     0.0000E+00     0.4470E-01     0.0000E+00     0.2222E+03     0.6345E+01     0.2222E+03     0.2456E-01     0.3477E+01     0.3866E+00     0.1053E+01     0.4288E+01
   365    12    31  2018     609       1  t_1_609              0.1533E-01     0.1025E-01     0.1532E-01     0.2885E-01     0.1267E+01     0.1267E+01     0.0000E+00     0.0000E+00     0.0000E+00     0.2581E+02     0.0000E+00     0.0000E+00     0.5062E+01     0.8524E+01     0.6541E-02     0.4064E+00     0.0000E+00     0.0000E+00     0.2918E+03     0.1952E+03     0.2916E+03     0.2129E-02     0.5651E+00     0.4816E-01     0.4190E+01     0.1242E+04
   365    12    31  2018     610       1  t_2_610              0.1339E+00     0.1727E-01     0.1339E+00     0.1339E+00     0.3174E+01     0.3174E+01     0.0000E+00     0.0000E+00     0.0000E+00     0.2635E+02     0.0000E+00     0.0000E+00     0.6470E+01     0.5178E+02     0.2108E-02     0.2661E+01     0.0000E+00     0.0000E+00     0.2892E+03     0.3730E+02     0.2892E+03     0.6298E-03     0.2601E+01     0.3469E+00     0.2425E+02     0.4526E+05
   365    12    31  2018     611       1  t_2_611              0.6650E-01     0.2817E-01     0.6649E-01     0.6650E-01     0.8219E+01     0.8219E+01     0.0000E+00     0.0000E+00     0.0000E+00     0.0000E+00     0.0000E+00     0.0000E+00     0.6338E+01     0.1135E+01     0.1024E-02     0.0000E+00     0.0000E+00     0.0000E+00     0.1922E+03     0.8139E+02     0.1921E+03     0.6866E-02     0.2367E+01     0.3173E+00     0.1135E+01     0.4178E+02
   365    12    31  2018     612       1  m_2_612              0.2964E+00     0.5794E-02     0.2964E+00     0.2964E+00     0.7013E+02     0.3321E+03     0.0000E+00     0.0000E+00     0.1668E+01     0.0000E+00     0.2636E+03     0.0000E+00     0.7978E+01     0.1248E+01     0.1850E-04     0.0000E+00     0.5681E+00     0.0000E+00     0.2185E+03     0.4271E+01     0.2185E+03     0.1800E+00     0.7710E+01     0.1133E+01     0.1248E+01     0.8258E+01
   365    12    31  2018     613       1  t_1_613              0.2769E-01     0.5190E-02     0.2769E-01     0.2769E-01     0.1642E+00     0.1642E+00     0.0000E+00     0.0000E+00     0.0000E+00     0.0000E+00     0.0000E+00     0.0000E+00     0.5638E+01     0.1013E+01     0.2652E-04     0.0000E+00     0.0000E+00     0.0000E+00     0.1471E+03     0.2758E+02     0.1471E+03     0.5315E-03     0.5927E+00     0.6490E+00     0.1013E+01     0.4950E+01
   365    12    31  2018     614       1  m_1_614              0.4941E-01     0.1254E-01     0.4938E-01     0.4941E-01     0.2217E+00     0.2217E+00     0.0000E+00     0.0000E+00     0.0000E+00     0.0000E+00     0.0000E+00     0.0000E+00     0.7765E+01     0.1074E+01     0.1941E-04     0.0000E+00     0.0000E+00     0.0000E+00     0.1803E+03     0.4578E+02     0.1802E+03     0.2797E-02     0.1085E+01     0.8962E+00     0.1074E+01     0.6390E+01
   365    12    31  2018     615       1  t_2_615              0.3015E-01     0.4528E-02     0.3014E-01     0.3015E-01     0.2501E+00     0.2501E+00     0.0000E+00     0.0000E+00     0.0000E+00     0.0000E+00     0.0000E+00     0.0000E+00     0.5628E+01     0.1470E+01     0.1000E-04     0.0000E+00     0.0000E+00     0.0000E+00     0.1302E+03     0.1956E+02     0.1302E+03     0.8005E-03     0.5957E+00     0.8688E+00     0.1470E+01     0.5740E+01
   365    12    31  2018     616       1  t_2_616              0.6348E-01     0.1824E-02     0.6347E-01     0.6348E-01     0.4932E+00     0.4932E+00     0.0000E+00     0.0000E+00     0.0000E+00     0.0000E+00     0.0000E+00     0.0000E+00     0.6007E+01     0.1336E+01     0.5510E-03     0.0000E+00     0.0000E+00     0.0000E+00     0.1427E+03     0.4100E+01     0.1427E+03     0.2006E-02     0.1305E+01     0.1669E+01     0.1336E+01     0.3844E+02
   365    12    31  2018     617       1  m_3_617              0.6884E+00     0.1167E-02     0.6884E+00     0.6884E+00     0.4122E+03     0.4268E+03     0.0000E+00     0.0000E+00     0.1619E+01     0.0000E+00     0.1620E+02     0.0000E+00     0.1611E+02     0.1466E+01     0.1000E-04     0.0000E+00     0.1469E+00     0.0000E+00     0.1715E+03     0.2907E+00     0.1715E+03     0.4000E-01     0.1595E+02     0.1464E+02     0.1466E+01     0.1595E+02
   365    12    31  2018     618       1  t_1_618              0.5867E-01     0.1728E-02     0.5866E-01     0.5867E-01     0.3225E+00     0.3225E+00     0.0000E+00     0.0000E+00     0.0000E+00     0.0000E+00     0.0000E+00     0.0000E+00     0.8408E+01     0.1168E+01     0.4839E-04     0.0000E+00     0.0000E+00     0.0000E+00     0.1246E+03     0.3670E+01     0.1246E+03     0.2276E-02     0.7630E+00     0.1477E+01     0.1168E+01     0.1258E+02
   365    12    31  2018     619       1  t_1_619              0.5891E-01     0.2958E-02     0.5891E-01     0.5891E-01     0.4815E+00     0.4815E+00     0.0000E+00     0.0000E+00     0.0000E+00     0.0000E+00     0.0000E+00     0.0000E+00     0.6678E+01     0.1237E+01     0.2531E-04     0.0000E+00     0.0000E+00     0.0000E+00     0.1392E+03     0.6989E+01     0.1392E+03     0.2458E-02     0.1048E+01     0.1588E+01     0.1237E+01     0.7996E+01
   365    12    31  2018     620       1  t_1_620              0.6659E-02     0.5123E-03     0.6655E-02     0.1061E-01     0.7777E-01     0.7777E-01     0.0000E+00     0.0000E+00     0.0000E+00     0.0000E+00     0.0000E+00     0.0000E+00     0.5474E+01     0.1423E+01     0.2764E-03     0.0000E+00     0.0000E+00     0.0000E+00     0.9828E+02     0.7562E+01     0.9823E+02     0.1349E-02     0.8510E-01     0.2542E+00     0.1423E+01     0.2780E+02
   365    12    31  2018     621       1  t_1_621              0.4557E-02     0.1264E-02     0.4553E-02     0.1062E-01     0.4167E-01     0.4167E-01     0.0000E+00     0.0000E+00     0.0000E+00     0.0000E+00     0.0000E+00     0.0000E+00     0.5113E+01     0.1455E+01     0.1000E-04     0.0000E+00     0.0000E+00     0.0000E+00     0.1255E+03     0.3482E+02     0.1254E+03     0.5515E-03     0.9404E-01     0.1362E+00     0.1455E+01     0.5157E+01
   365    12    31  2018     622       1  t_1_622              0.1533E-01     0.3663E-02     0.1530E-01     0.1533E-01     0.1476E+00     0.1476E+00     0.0000E+00     0.0000E+00     0.0000E+00     0.0000E+00     0.0000E+00     0.0000E+00     0.5466E+01     0.1165E+01     0.1000E-04     0.0000E+00     0.0000E+00     0.0000E+00     0.1192E+03     0.2849E+02     0.1190E+03     0.1779E-02     0.2697E+00     0.4824E+00     0.1165E+01     0.3744E+01
   365    12    31  2018     623       1  m_3_623              0.6814E+00     0.1251E-02     0.6814E+00     0.6814E+00     0.3572E+03     0.4120E+03     0.0000E+00     0.0000E+00     0.3042E+01     0.0000E+00     0.5785E+02     0.0000E+00     0.1600E+02     0.1474E+01     0.1000E-04     0.0000E+00     0.1469E+00     0.0000E+00     0.1725E+03     0.3166E+00     0.1725E+03     0.1374E+00     0.1582E+02     0.1439E+02     0.1474E+01     0.1598E+02
   365    12    31  2018     624       1  t_2_624              0.4470E-01     0.6111E-02     0.4469E-01     0.4470E-01     0.1516E+01     0.1516E+01     0.0000E+00     0.0000E+00     0.0000E+00     0.0000E+00     0.0000E+00     0.0000E+00     0.5990E+01     0.4859E+00     0.3656E-03     0.0000E+00     0.0000E+00     0.0000E+00     0.6082E+02     0.8316E+01     0.6082E+02     0.1596E-02     0.8586E+00     0.1293E+01     0.4859E+00     0.5689E+01
   365    12    31  2018     625       1  t_1_625              0.1285E-01     0.1721E-02     0.1284E-01     0.1320E-01     0.1409E+00     0.1409E+00     0.0000E+00     0.0000E+00     0.0000E+00     0.0000E+00     0.0000E+00     0.0000E+00     0.5436E+01     0.1216E+01     0.1782E-02     0.0000E+00     0.0000E+00     0.0000E+00     0.1047E+03     0.1403E+02     0.1046E+03     0.1985E-02     0.1665E+00     0.4604E+00     0.1216E+01     0.5346E+02
   365    12    31  2018     626       1  t_2_626              0.2068E+00     0.1771E-01     0.2068E+00     0.2068E+00     0.7532E+01     0.9133E+01     0.0000E+00     0.0000E+00     0.0000E+00     0.0000E+00     0.1601E+01     0.0000E+00     0.8144E+01     0.1587E+01     0.1000E-04     0.0000E+00     0.5301E-01     0.0000E+00     0.2217E+03     0.1898E+02     0.2217E+03     0.9923E-03     0.5840E+01     0.3500E+01     0.1587E+01     0.9301E+01
   365    12    31  2018     627       1  t_1_627              0.1795E-01     0.9496E-02     0.1792E-01     0.2385E-01     0.1223E+00     0.1223E+00     0.0000E+00     0.0000E+00     0.0000E+00     0.0000E+00     0.0000E+00     0.0000E+00     0.6449E+01     0.1407E+01     0.1000E-04     0.0000E+00     0.0000E+00     0.0000E+00     0.2049E+03     0.1084E+03     0.2046E+03     0.8106E-03     0.5360E+00     0.3287E+00     0.1407E+01     0.6057E+01
   365    12    31  2018     628       1  t_2_628              0.2375E+00     0.4300E-03     0.2375E+00     0.2375E+00     0.4285E+02     0.6012E+02     0.0000E+00     0.0000E+00     0.0000E+00     0.0000E+00     0.1728E+02     0.0000E+00     0.9008E+01     0.1470E+01     0.1000E-04     0.0000E+00     0.7101E-01     0.0000E+00     0.2049E+03     0.3709E+00     0.2049E+03     0.2149E-01     0.6405E+01     0.4349E+01     0.1470E+01     0.9013E+01
   365    12    31  2018     629       1  t_1_629              0.4732E-01     0.3861E-02     0.4731E-01     0.4732E-01     0.3717E+00     0.3717E+00     0.0000E+00     0.0000E+00     0.0000E+00     0.0000E+00     0.0000E+00     0.0000E+00     0.6483E+01     0.1061E+01     0.1733E-02     0.0000E+00     0.0000E+00     0.0000E+00     0.1307E+03     0.1067E+02     0.1307E+03     0.2896E-02     0.9373E+00     0.1301E+01     0.1061E+01     0.4957E+02
   365    12    31  2018     630       1  t_1_630              0.1971E-01     0.3479E-03     0.1970E-01     0.1971E-01     0.2450E+00     0.2450E+00     0.0000E+00     0.0000E+00     0.0000E+00     0.5821E+01     0.0000E+00     0.0000E+00     0.5493E+01     0.3754E+01     0.2724E-02     0.1409E+00     0.0000E+00     0.0000E+00     0.9235E+02     0.1630E+01     0.9233E+02     0.1148E-02     0.1670E+00     0.8008E+00     0.2177E+01     0.2056E+03
   365    12    31  2018     631       1  t_1_631              0.1047E-01     0.1356E-02     0.1047E-01     0.1486E-01     0.9007E-01     0.9007E-01     0.0000E+00     0.0000E+00     0.0000E+00     0.0000E+00     0.0000E+00     0.0000E+00     0.5690E+01     0.1083E+01     0.1000E-04     0.0000E+00     0.0000E+00     0.0000E+00     0.1308E+03     0.1695E+02     0.1308E+03     0.1660E-03     0.1799E+00     0.3003E+00     0.1083E+01     0.3435E+01
   365    12    31  2018     632       1  t_1_632              0.4608E-02     0.2951E-02     0.4607E-02     0.1462E-01     0.2097E-01     0.2097E-01     0.0000E+00     0.0000E+00     0.0000E+00     0.0000E+00     0.0000E+00     0.0000E+00     0.4890E+01     0.1049E+01     0.1000E-04     0.0000E+00     0.0000E+00     0.0000E+00     0.2523E+03     0.1616E+03     0.2523E+03     0.1963E-03     0.1494E+00     0.6854E-01     0.1049E+01     0.2814E+01
   365    12    31  2018     633       1  t_2_633              0.3298E-01     0.5997E-02     0.3291E-01     0.3298E-01     0.2799E+00     0.2799E+00     0.0000E+00     0.0000E+00     0.0000E+00     0.0000E+00     0.0000E+00     0.0000E+00     0.5505E+01     0.1230E+01     0.1000E-04     0.0000E+00     0.0000E+00     0.0000E+00     0.1355E+03     0.2463E+02     0.1351E+03     0.3794E-02     0.6805E+00     0.9135E+00     0.1230E+01     0.4133E+01
   365    12    31  2018     634       1  t_2_634              0.1732E-01     0.6532E-02     0.1730E-01     0.1732E-01     0.1364E+00     0.1364E+00     0.0000E+00     0.0000E+00     0.0000E+00     0.0000E+00     0.0000E+00     0.0000E+00     0.6930E+01     0.1694E+01     0.5166E-03     0.0000E+00     0.0000E+00     0.0000E+00     0.4941E+02     0.1864E+02     0.4936E+02     0.1289E-02     0.3774E+00     0.4460E+00     0.1694E+01     0.6411E+02
   365    12    31  2018     635       1  t_1_635              0.1290E-01     0.2402E-02     0.1290E-01     0.1793E-01     0.3822E-01     0.3822E-01     0.0000E+00     0.0000E+00     0.0000E+00     0.0000E+00     0.0000E+00     0.0000E+00     0.5677E+01     0.1075E+01     0.1000E-04     0.0000E+00     0.0000E+00     0.0000E+00     0.1567E+03     0.2917E+02     0.1567E+03     0.3999E-04     0.2220E+00     0.2517E+00     0.1075E+01     0.3385E+01
   365    12    31  2018     636       1  t_1_636              0.4900E-01     0.1248E-01     0.4897E-01     0.4900E-01     0.4289E+00     0.4289E+00     0.0000E+00     0.0000E+00     0.0000E+00     0.0000E+00     0.0000E+00     0.0000E+00     0.6807E+01     0.1642E+01     0.5526E-03     0.0000E+00     0.0000E+00     0.0000E+00     0.1282E+03     0.3266E+02     0.1281E+03     0.2692E-02     0.8962E+00     0.1434E+01     0.1642E+01     0.6179E+02
   365    12    31  2018     637       1  t_1_637              0.2714E-01     0.1509E-02     0.2713E-01     0.2714E-01     0.3143E+00     0.3143E+00     0.0000E+00     0.0000E+00     0.0000E+00     0.0000E+00     0.0000E+00     0.0000E+00     0.6572E+01     0.1302E+01     0.1327E-03     0.0000E+00     0.0000E+00     0.0000E+00     0.9737E+02     0.5413E+01     0.9735E+02     0.1184E-02     0.2778E+00     0.1046E+01     0.1302E+01     0.1970E+02
   365    12    31  2018     638       1  t_2_638              0.3782E+00     0.2999E-01     0.3782E+00     0.3782E+00     0.1669E+03     0.2170E+03     0.0000E+00     0.0000E+00     0.3641E+01     0.0000E+00     0.5372E+02     0.0000E+00     0.9469E+01     0.1432E+01     0.1000E-04     0.0000E+00     0.1489E+00     0.0000E+00     0.2293E+03     0.1818E+02     0.2293E+03     0.8106E-01     0.1047E+02     0.6187E+01     0.1432E+01     0.9058E+01
   365    12    31  2018     639       1  t_2_639              0.7450E-01     0.1855E-01     0.7450E-01     0.7450E-01     0.4307E+00     0.4307E+00     0.0000E+00     0.0000E+00     0.0000E+00     0.0000E+00     0.0000E+00     0.0000E+00     0.6317E+01     0.5018E+00     0.5566E-03     0.0000E+00     0.0000E+00     0.0000E+00     0.1860E+03     0.4631E+02     0.1860E+03     0.6574E-03     0.1923E+01     0.1503E+01     0.5018E+00     0.7809E+01
   365    12    31  2018     640       1  t_1_640              0.1225E-01     0.2913E-02     0.1224E-01     0.1443E-01     0.1181E+00     0.1181E+00     0.0000E+00     0.0000E+00     0.0000E+00     0.0000E+00     0.0000E+00     0.0000E+00     0.4972E+01     0.1321E+01     0.2021E-02     0.0000E+00     0.0000E+00     0.0000E+00     0.1190E+03     0.2831E+02     0.1189E+03     0.7694E-02     0.1902E+00     0.3861E+00     0.1321E+01     0.6041E+02
   365    12    31  2018     641       1  m_3_641              0.6033E+00     0.1471E-02     0.6031E+00     0.6033E+00     0.2265E+03     0.3561E+03     0.0000E+00     0.0000E+00     0.4674E+00     0.0000E+00     0.1301E+03     0.0000E+00     0.1540E+02     0.1447E+01     0.1000E-04     0.0000E+00     0.1381E+00     0.0000E+00     0.1790E+03     0.4364E+00     0.1789E+03     0.3217E+00     0.1436E+02     0.1235E+02     0.1447E+01     0.1491E+02
   365    12    31  2018     642       1  t_2_642              0.4737E-02     0.4398E-02     0.4724E-02     0.4737E-02     0.4291E-02     0.1130E+01     0.0000E+00     0.0000E+00     0.7439E-04     0.0000E+00     0.1125E+01     0.0000E+00     0.1219E+01     0.1854E+00     0.1000E-04     0.0000E+00     0.3235E+00     0.0000E+00     0.1202E+02     0.1116E+02     0.1199E+02     0.2085E-02     0.1800E+00     0.1402E-01     0.1854E+00     0.3863E-01
   365    12    31  2018     643       1  t_1_643              0.2430E-01     0.2948E-02     0.2429E-01     0.2430E-01     0.1746E+00     0.1746E+00     0.0000E+00     0.0000E+00     0.0000E+00     0.0000E+00     0.0000E+00     0.0000E+00     0.5160E+01     0.1055E+01     0.1260E-02     0.0000E+00     0.0000E+00     0.0000E+00     0.1596E+03     0.1937E+02     0.1595E+03     0.1563E-02     0.4732E+00     0.5712E+00     0.1055E+01     0.3359E+02
   365    12    31  2018     644       1  t_2_644              0.3356E-01     0.2046E-02     0.3355E-01     0.3356E-01     0.2645E+00     0.2645E+00     0.0000E+00     0.0000E+00     0.0000E+00     0.0000E+00     0.0000E+00     0.0000E+00     0.5131E+01     0.4424E+00     0.7955E-03     0.0000E+00     0.0000E+00     0.0000E+00     0.1360E+03     0.8296E+01     0.1360E+03     0.7588E-03     0.6875E+00     0.9254E+00     0.4424E+00     0.6150E+01
   365    12    31  2018     645       1  t_2_645              0.8474E-01     0.3924E-01     0.8473E-01     0.8474E-01     0.1522E+01     0.1854E+01     0.0000E+00     0.0000E+00     0.0000E+00     0.0000E+00     0.3321E+00     0.0000E+00     0.6044E+01     0.4885E+00     0.1802E-03     0.0000E+00     0.9755E-02     0.0000E+00     0.1139E+03     0.5276E+02     0.1139E+03     0.1373E-02     0.2361E+01     0.1326E+01     0.4885E+00     0.4067E+01
   365    12    31  2018     646       1  t_2_646              0.3423E+00     0.6629E-01     0.3422E+00     0.3423E+00     0.6066E+02     0.1666E+03     0.0000E+00     0.0000E+00     0.1216E+01     0.0000E+00     0.1072E+03     0.0000E+00     0.9371E+01     0.1441E+01     0.1000E-04     0.0000E+00     0.1291E+00     0.0000E+00     0.2161E+03     0.4186E+02     0.2161E+03     0.1531E+00     0.9109E+01     0.5941E+01     0.1441E+01     0.9054E+01
   365    12    31  2018     647       1  t_1_647              0.2280E-01     0.3463E-03     0.2280E-01     0.2556E-01     0.1235E+00     0.1235E+00     0.0000E+00     0.0000E+00     0.0000E+00     0.0000E+00     0.0000E+00     0.0000E+00     0.6553E+01     0.1205E+01     0.1000E-04     0.0000E+00     0.0000E+00     0.0000E+00     0.2078E+03     0.3156E+01     0.2078E+03     0.6285E-03     0.5033E+00     0.4117E+00     0.1205E+01     0.4719E+01
   365    12    31  2018     648       1  t_1_648              0.5478E-01     0.1757E-01     0.5476E-01     0.5478E-01     0.4708E+00     0.4708E+00     0.0000E+00     0.0000E+00     0.0000E+00     0.0000E+00     0.0000E+00     0.0000E+00     0.6048E+01     0.1122E+01     0.2476E-02     0.0000E+00     0.0000E+00     0.0000E+00     0.1336E+03     0.4285E+02     0.1335E+03     0.2231E-02     0.8892E+00     0.1539E+01     0.1122E+01     0.6097E+02
   365    12    31  2018     649       1  t_1_649              0.5163E-01     0.1082E-02     0.5163E-01     0.5163E-01     0.4392E+00     0.4392E+00     0.0000E+00     0.0000E+00     0.0000E+00     0.0000E+00     0.0000E+00     0.0000E+00     0.6841E+01     0.1507E+01     0.1569E-04     0.0000E+00     0.0000E+00     0.0000E+00     0.1292E+03     0.2707E+01     0.1292E+03     0.4388E-02     0.9447E+00     0.1500E+01     0.1507E+01     0.9027E+01
   365    12    31  2018     650       1  t_1_650              0.2239E-01     0.1252E-01     0.2237E-01     0.2527E-01     0.1249E+00     0.1249E+00     0.0000E+00     0.0000E+00     0.0000E+00     0.0000E+00     0.0000E+00     0.0000E+00     0.6557E+01     0.1199E+01     0.1000E-04     0.0000E+00     0.0000E+00     0.0000E+00     0.2058E+03     0.1151E+03     0.2056E+03     0.1022E-02     0.4907E+00     0.4082E+00     0.1199E+01     0.4685E+01
   365    12    31  2018     651       1  t_2_651              0.5503E-01     0.1931E-02     0.5503E-01     0.5503E-01     0.4206E+00     0.4206E+00     0.0000E+00     0.0000E+00     0.0000E+00     0.0000E+00     0.0000E+00     0.0000E+00     0.6905E+01     0.1979E+01     0.1337E-02     0.0000E+00     0.0000E+00     0.0000E+00     0.1410E+03     0.4947E+01     0.1410E+03     0.7129E-03     0.1146E+01     0.1465E+01     0.1979E+01     0.1345E+03
   365    12    31  2018     652       1  t_1_652              0.7954E-02     0.7540E-02     0.7954E-02     0.3477E-01     0.5241E-02     0.5241E-02     0.0000E+00     0.0000E+00     0.0000E+00     0.0000E+00     0.0000E+00     0.0000E+00     0.4724E+01     0.9009E+00     0.1000E-04     0.0000E+00     0.0000E+00     0.0000E+00     0.1742E+04     0.1651E+04     0.1742E+04     0.1492E-03     0.2488E+00     0.1713E-01     0.9009E+00     0.2099E+01
   365    12    31  2018     653       1  t_2_653              0.8598E-01     0.3627E-02     0.8597E-01     0.8598E-01     0.5405E+00     0.5563E+01     0.0000E+00     0.0000E+00     0.3427E-01     0.0000E+00     0.5057E+01     0.0000E+00     0.6767E+01     0.5231E+00     0.1000E-04     0.0000E+00     0.1014E+00     0.0000E+00     0.1765E+03     0.7447E+01     0.1765E+03     0.4115E-02     0.2103E+01     0.1828E+01     0.5231E+00     0.1202E+01
   365    12    31  2018     654       1  t_1_654              0.8710E-02     0.1860E-02     0.8705E-02     0.1288E-01     0.8668E-01     0.8668E-01     0.0000E+00     0.0000E+00     0.0000E+00     0.0000E+00     0.0000E+00     0.0000E+00     0.5716E+01     0.1001E+01     0.1000E-04     0.0000E+00     0.0000E+00     0.0000E+00     0.1153E+03     0.2463E+02     0.1153E+03     0.3078E-02     0.1142E+00     0.2833E+00     0.1001E+01     0.3021E+01
   365    12    31  2018     655       1  m_3_655              0.5116E+00     0.1362E-01     0.5116E+00     0.5116E+00     0.2220E+03     0.2256E+03     0.0000E+00     0.0000E+00     0.0000E+00     0.0000E+00     0.3579E+01     0.0000E+00     0.1386E+02     0.1479E+01     0.4709E-04     0.0000E+00     0.1207E-01     0.0000E+00     0.2005E+03     0.5337E+01     0.2005E+03     0.6745E-01     0.1309E+02     0.9573E+01     0.1479E+01     0.3023E+02
   365    12    31  2018     656       1  t_2_656              0.1141E+00     0.2035E-02     0.1141E+00     0.1141E+00     0.9361E+00     0.4857E+01     0.0000E+00     0.0000E+00     0.0000E+00     0.0000E+00     0.3921E+01     0.0000E+00     0.8153E+01     0.1319E+01     0.1000E-04     0.0000E+00     0.2059E-01     0.0000E+00     0.1359E+03     0.2424E+01     0.1359E+03     0.5706E-02     0.2087E+01     0.3151E+01     0.1319E+01     0.6804E+01
   365    12    31  2018     657       1  t_2_657              0.2281E+00     0.9858E-02     0.2280E+00     0.2281E+00     0.9282E+01     0.4262E+02     0.0000E+00     0.0000E+00     0.0000E+00     0.0000E+00     0.3334E+02     0.0000E+00     0.8775E+01     0.1435E+01     0.1000E-04     0.0000E+00     0.2412E+00     0.0000E+00     0.2153E+03     0.9305E+01     0.2152E+03     0.3938E-01     0.6287E+01     0.3975E+01     0.1435E+01     0.8432E+01
   365    12    31  2018     658       1  m_3_658              0.7626E+00     0.1179E-01     0.7623E+00     0.7626E+00     0.4276E+03     0.6449E+03     0.0000E+00     0.0000E+00     0.2903E+02     0.0000E+00     0.2463E+03     0.0000E+00     0.1570E+02     0.1421E+01     0.1000E-04     0.0000E+00     0.1935E+00     0.0000E+00     0.1622E+03     0.2507E+01     0.1621E+03     0.6477E+00     0.1707E+02     0.1721E+02     0.1421E+01     0.1474E+02
   365    12    31  2018     659       1  t_1_659              0.1644E+00     0.8447E-02     0.1643E+00     0.1644E+00     0.2223E+02     0.3192E+02     0.0000E+00     0.0000E+00     0.2349E+01     0.0000E+00     0.1204E+02     0.0000E+00     0.7555E+01     0.5592E+00     0.1000E-04     0.0000E+00     0.1710E+00     0.0000E+00     0.1421E+03     0.7304E+01     0.1421E+03     0.1783E-01     0.2654E+01     0.6584E+00     0.5592E+00     0.1500E+01
   365    12    31  2018     660       1  m_5_660              0.1920E+02     0.2329E-01     0.1920E+02     0.1920E+02     0.2987E+05     0.3305E+05     0.0000E+00     0.0000E+00     0.8892E+01     0.0000E+00     0.3184E+04     0.0000E+00     0.4394E+02     0.2608E+01     0.1622E-04     0.0000E+00     0.2099E+01     0.0000E+00     0.1675E+03     0.2032E+00     0.1675E+03     0.5965E+01     0.3473E+03     0.6697E+02     0.2608E+01     0.1446E+03
   365    12    31  2018     661       1  m_5_661              0.2010E+02     0.3269E-02     0.2010E+02     0.2010E+02     0.3369E+05     0.3369E+05     0.0000E+00     0.0000E+00     0.0000E+00     0.1107E+04     0.0000E+00     0.0000E+00     0.4384E+02     0.1635E+02     0.3694E-03     0.7353E+00     0.0000E+00     0.0000E+00     0.1670E+03     0.2716E-01     0.1670E+03     0.1684E+02     0.3668E+03     0.8647E+02     0.8956E+01     0.6281E+04
   365    12    31  2018     662       1  t_1_662              0.2531E-01     0.1388E-01     0.2530E-01     0.2531E-01     0.3136E-05     0.3136E-05     0.0000E+00     0.0000E+00     0.0000E+00     0.6076E+02     0.0000E+00     0.0000E+00     0.3917E+01     0.3911E+02     0.4048E-02     0.2037E+01     0.0000E+00     0.0000E+00     0.1414E+03     0.7758E+02     0.1414E+03     0.6738E-02     0.7796E+00     0.1070E+00     0.1769E+02     0.2803E+05
   365    12    31  2018     663       1  t_2_663              0.1749E+00     0.2874E-02     0.1749E+00     0.1749E+00     0.2402E-01     0.1655E+02     0.0000E+00     0.0000E+00     0.6171E-05     0.0000E+00     0.1652E+02     0.0000E+00     0.8286E+01     0.5913E+00     0.1000E-04     0.0000E+00     0.1583E+00     0.0000E+00     0.1164E+03     0.1912E+01     0.1163E+03     0.1194E-01     0.3785E+01     0.8967E+00     0.5913E+00     0.1805E+01
   365    12    31  2018     664       1  t_1_664              0.3206E+00     0.2391E-01     0.3206E+00     0.3206E+00     0.3161E+02     0.1604E+02     0.0000E+00     0.0000E+00     0.1774E+02     0.0000E+00     0.2177E+01     0.0000E+00     0.5068E+01     0.4391E+00     0.1000E-04     0.0000E+00     0.1910E+00     0.0000E+00     0.8621E+03     0.6429E+02     0.8621E+03     0.2433E-02     0.1251E+02     0.2219E+00     0.4391E+00     0.6724E+00
   365    12    31  2018     665       1  t_1_665              0.1167E+00     0.2998E-01     0.1167E+00     0.1167E+00     0.2891E-01     0.4608E+01     0.0000E+00     0.0000E+00     0.2633E-05     0.0000E+00     0.4579E+01     0.0000E+00     0.6428E+01     0.5071E+00     0.1000E-04     0.0000E+00     0.1543E+00     0.0000E+00     0.1597E+03     0.4102E+02     0.1597E+03     0.1364E-02     0.3017E+01     0.4374E+00     0.5071E+00     0.1084E+01
   365    12    31  2018     666       1  m_5_666              0.1697E+02     0.6006E-02     0.1697E+02     0.1697E+02     0.1432E+05     0.1802E+05     0.0000E+00     0.0000E+00     0.6526E+03     0.0000E+00     0.4348E+04     0.0000E+00     0.4056E+02     0.2335E+01     0.1000E-04     0.0000E+00     0.1738E+01     0.0000E+00     0.1857E+03     0.6574E-01     0.1857E+03     0.5828E+01     0.2977E+03     0.5720E+02     0.2335E+01     0.8720E+02
   365    12    31  2018     667       1  m_5_667              0.1740E+02     0.1911E-01     0.1740E+02     0.1740E+02     0.1904E+05     0.2667E+05     0.0000E+00     0.0000E+00     0.1432E+03     0.0000E+00     0.7767E+04     0.0000E+00     0.4103E+02     0.2341E+01     0.1000E-04     0.0000E+00     0.1699E+01     0.0000E+00     0.1789E+03     0.1964E+00     0.1789E+03     0.1658E+02     0.3036E+03     0.6072E+02     0.2341E+01     0.8860E+02
   365    12    31  2018     668       1  t_1_668              0.4385E-01     0.4880E-02     0.4382E-01     0.4385E-01     0.1070E-04     0.1070E-04     0.0000E+00     0.0000E+00     0.0000E+00     0.1323E+01     0.0000E+00     0.0000E+00     0.6033E+01     0.8864E+00     0.2610E-02     0.2095E-01     0.0000E+00     0.0000E+00     0.7184E+02     0.7994E+01     0.7180E+02     0.1321E-07     0.2929E+00     0.3650E+00     0.6512E+00     0.2566E+02
   365    12    31  2018     669       1  t_2_669              0.2408E+00     0.5434E-02     0.2407E+00     0.2408E+00     0.1962E+02     0.6256E+02     0.0000E+00     0.0000E+00     0.1643E+01     0.0000E+00     0.4458E+02     0.0000E+00     0.9663E+01     0.6490E+00     0.1396E-04     0.0000E+00     0.2033E+00     0.0000E+00     0.1035E+03     0.2335E+01     0.1035E+03     0.6072E-01     0.4495E+01     0.1387E+01     0.6490E+00     0.2905E+01
   365    12    31  2018     670       1  t_3_670              0.4665E+00     0.2577E-02     0.4665E+00     0.4665E+00     0.8212E+02     0.1096E+03     0.0000E+00     0.0000E+00     0.0000E+00     0.0000E+00     0.2747E+02     0.0000E+00     0.1226E+02     0.1283E+01     0.1598E-04     0.0000E+00     0.1088E+00     0.0000E+00     0.2099E+03     0.1159E+01     0.2099E+03     0.5383E-01     0.6740E+01     0.1703E+01     0.1283E+01     0.1229E+02
   365    12    31  2018     671       1  t_3_671              0.4414E+00     0.3249E-02     0.4413E+00     0.4414E+00     0.8401E+02     0.9064E+02     0.0000E+00     0.0000E+00     0.0000E+00     0.0000E+00     0.6629E+01     0.0000E+00     0.1581E+02     0.1430E+01     0.1000E-04     0.0000E+00     0.2116E-01     0.0000E+00     0.3998E+02     0.2942E+00     0.3997E+02     0.4872E-01     0.9167E+01     0.2200E+01     0.1430E+01     0.1500E+02
   365    12    31  2018     672       1  m_5_672              0.1775E+02     0.1077E-01     0.1775E+02     0.1775E+02     0.2694E+05     0.2704E+05     0.0000E+00     0.0000E+00     0.2914E+03     0.0000E+00     0.3916E+03     0.0000E+00     0.4106E+02     0.2355E+01     0.1000E-04     0.0000E+00     0.1719E+01     0.0000E+00     0.1785E+03     0.1083E+00     0.1785E+03     0.8271E+00     0.3108E+03     0.6196E+02     0.2355E+01     0.8953E+02
   365    12    31  2018     673       1  t_1_673              0.1789E+00     0.5688E-02     0.1789E+00     0.1789E+00     0.2240E+02     0.4663E+02     0.0000E+00     0.0000E+00     0.1082E+01     0.0000E+00     0.2531E+02     0.0000E+00     0.7764E+01     0.5685E+00     0.1000E-04     0.0000E+00     0.1831E+00     0.0000E+00     0.1432E+03     0.4552E+01     0.1432E+03     0.5322E-01     0.2043E+01     0.6658E+00     0.5685E+00     0.1584E+01
   365    12    31  2018     674       1  t_1_674              0.2958E+00     0.4641E-01     0.2957E+00     0.2958E+00     0.7900E+02     0.1497E+03     0.0000E+00     0.0000E+00     0.1181E+02     0.0000E+00     0.8253E+02     0.0000E+00     0.9122E+01     0.6267E+00     0.1000E-04     0.0000E+00     0.2286E+00     0.0000E+00     0.1498E+03     0.2350E+02     0.1497E+03     0.2869E+00     0.5449E+01     0.1099E+01     0.6267E+00     0.2190E+01
   365    12    31  2018     675       1  t_2_675              0.1667E+00     0.3234E-01     0.1667E+00     0.1667E+00     0.2638E-01     0.2638E-01     0.0000E+00     0.0000E+00     0.0000E+00     0.0000E+00     0.0000E+00     0.0000E+00     0.8120E+01     0.5841E+00     0.3106E-03     0.0000E+00     0.0000E+00     0.0000E+00     0.1174E+03     0.2279E+02     0.1174E+03     0.1462E-03     0.3625E+01     0.8471E+00     0.5841E+00     0.9658E+01
   365    12    31  2018     676       1  t_1_676              0.1326E+00     0.1339E-01     0.1325E+00     0.1326E+00     0.2303E+01     0.2221E+02     0.0000E+00     0.0000E+00     0.2353E+00     0.0000E+00     0.2014E+02     0.0000E+00     0.6608E+01     0.5156E+00     0.1000E-04     0.0000E+00     0.5661E+00     0.0000E+00     0.1678E+03     0.1694E+02     0.1677E+03     0.2920E-01     0.2144E+01     0.4393E+00     0.5156E+00     0.1146E+01
   365    12    31  2018     677       1  t_3_677              0.5258E+00     0.4320E-01     0.5257E+00     0.5258E+00     0.1097E+03     0.2391E+03     0.0000E+00     0.0000E+00     0.1731E+01     0.0000E+00     0.1312E+03     0.0000E+00     0.1267E+02     0.1210E+01     0.1000E-04     0.0000E+00     0.1460E+00     0.0000E+00     0.2125E+03     0.1746E+02     0.2124E+03     0.3416E+00     0.8934E+01     0.1851E+01     0.1210E+01     0.9109E+01
   365    12    31  2018     678       1  t_3_678              0.8918E+00     0.2334E-01     0.8918E+00     0.8918E+00     0.3622E+03     0.3600E+03     0.0000E+00     0.0000E+00     0.4078E+02     0.0000E+00     0.3859E+02     0.0000E+00     0.1308E+02     0.1207E+01     0.1000E-04     0.0000E+00     0.3503E+00     0.0000E+00     0.2907E+03     0.7609E+01     0.2907E+03     0.7392E-01     0.2289E+02     0.2203E+01     0.1207E+01     0.9362E+01
   365    12    31  2018     679       1  t_3_679              0.1658E+01     0.1008E-01     0.1658E+01     0.1658E+01     0.9111E+03     0.2082E+04     0.0000E+00     0.0000E+00     0.4866E+03     0.0000E+00     0.1657E+04     0.0000E+00     0.1189E+02     0.1301E+01     0.1000E-04     0.0000E+00     0.1136E+01     0.0000E+00     0.2258E+03     0.1373E+01     0.2258E+03     0.1730E+01     0.2721E+02     0.1680E+02     0.1301E+01     0.9654E+01
   365    12    31  2018     680       1  t_3_680              0.4741E+00     0.5525E-02     0.4739E+00     0.4741E+00     0.9066E+02     0.1387E+03     0.0000E+00     0.0000E+00     0.0000E+00     0.0000E+00     0.4807E+02     0.0000E+00     0.1591E+02     0.1408E+01     0.1000E-04     0.0000E+00     0.3793E-01     0.0000E+00     0.4134E+02     0.4818E+00     0.4133E+02     0.2510E+00     0.9440E+01     0.2450E+01     0.1408E+01     0.1473E+02
   365    12    31  2018     681       1  t_1_681              0.1826E+00     0.1741E+00     0.1826E+00     0.1826E+00     0.2338E-05     0.2338E-05     0.0000E+00     0.0000E+00     0.0000E+00     0.6053E+03     0.0000E+00     0.0000E+00     0.3532E+01     0.1154E+03     0.3156E-02     0.6053E+01     0.0000E+00     0.0000E+00     0.1369E+04     0.1305E+04     0.1369E+04     0.6431E-02     0.7424E+01     0.7982E-01     0.5595E+02     0.4088E+06
   365    12    31  2018     682       1  t_1_682              0.4776E-01     0.3082E-02     0.4775E-01     0.4776E-01     0.1093E-04     0.3077E+01     0.0000E+00     0.0000E+00     0.0000E+00     0.0000E+00     0.3077E+01     0.0000E+00     0.6080E+01     0.4903E+00     0.1000E-04     0.0000E+00     0.5479E-01     0.0000E+00     0.7656E+02     0.4940E+01     0.7654E+02     0.3849E-02     0.4242E+00     0.3727E+00     0.4903E+00     0.9694E+00
   365    12    31  2018     683       1  t_1_683              0.3414E+00     0.8221E-02     0.3412E+00     0.3414E+00     0.1604E+02     0.1229E+03     0.0000E+00     0.0000E+00     0.2727E+01     0.0000E+00     0.1096E+03     0.0000E+00     0.5887E+01     0.4808E+00     0.1000E-04     0.0000E+00     0.2541E+00     0.0000E+00     0.5997E+03     0.1444E+02     0.5994E+03     0.4787E+00     0.1286E+02     0.3379E+00     0.4808E+00     0.9086E+00
   365    12    31  2018     684       1  m_5_684              0.1709E+02     0.3332E-01     0.1709E+02     0.1709E+02     0.1802E+05     0.1904E+05     0.0000E+00     0.0000E+00     0.1596E+03     0.0000E+00     0.1182E+04     0.0000E+00     0.4077E+02     0.2341E+01     0.1000E-04     0.0000E+00     0.1637E+01     0.0000E+00     0.1843E+03     0.3593E+00     0.1843E+03     0.1800E+01     0.2996E+03     0.5801E+02     0.2341E+01     0.8801E+02
   365    12    31  2018     685       1  t_3_685              0.3170E-01     0.2169E-01     0.3166E-01     0.3170E-01     0.2749E-05     0.2749E-05     0.0000E+00     0.0000E+00     0.0000E+00     0.0000E+00     0.0000E+00     0.0000E+00     0.1332E+02     0.1379E+01     0.1000E-04     0.0000E+00     0.0000E+00     0.0000E+00     0.4228E+01     0.2892E+01     0.4222E+01     0.1178E+00     0.1025E+01     0.9294E-01     0.1379E+01     0.1191E+02
   365    12    31  2018     686       1  m_5_686              0.1827E+02     0.2312E-01     0.1827E+02     0.1827E+02     0.2718E+05     0.2951E+05     0.0000E+00     0.0000E+00     0.1807E+02     0.0000E+00     0.2344E+04     0.0000E+00     0.4365E+02     0.2619E+01     0.1000E-04     0.0000E+00     0.1563E+01     0.0000E+00     0.1641E+03     0.2077E+00     0.1641E+03     0.5520E+01     0.3221E+03     0.6465E+02     0.2619E+01     0.1136E+03
   365    12    31  2018     687       1  t_1_687              0.2078E+00     0.2425E-01     0.2078E+00     0.2078E+00     0.4666E+02     0.7897E+02     0.0000E+00     0.0000E+00     0.3844E+01     0.0000E+00     0.3616E+02     0.0000E+00     0.7922E+01     0.5754E+00     0.1000E-04     0.0000E+00     0.1979E+00     0.0000E+00     0.1571E+03     0.1832E+02     0.1570E+03     0.1041E+00     0.3051E+01     0.7097E+00     0.5754E+00     0.1650E+01
   365    12    31  2018     688       1  t_1_688              0.1091E+00     0.3000E-01     0.1090E+00     0.1091E+00     0.2172E-04     0.2172E-04     0.0000E+00     0.0000E+00     0.0000E+00     0.0000E+00     0.0000E+00     0.0000E+00     0.7741E+01     0.5675E+00     0.8765E-03     0.0000E+00     0.0000E+00     0.0000E+00     0.8805E+02     0.2421E+02     0.8793E+02     0.5394E-07     0.1272E+01     0.7396E+00     0.5675E+00     0.1474E+02
   365    12    31  2018     689       1  t_1_689              0.2957E+00     0.9892E-01     0.2957E+00     0.2957E+00     0.1372E-01     0.3161E+02     0.0000E+00     0.0000E+00     0.1235E-01     0.0000E+00     0.3161E+02     0.0000E+00     0.4992E+01     0.4351E+00     0.1274E-04     0.0000E+00     0.2943E+00     0.0000E+00     0.8301E+03     0.2777E+03     0.8299E+03     0.2924E-01     0.1123E+02     0.2127E+00     0.4351E+00     0.7364E+00
   365    12    31  2018     690       1  t_3_690              0.4236E+00     0.8843E-01     0.4233E+00     0.4236E+00     0.6278E+02     0.8377E+02     0.0000E+00     0.0000E+00     0.0000E+00     0.0000E+00     0.2099E+02     0.0000E+00     0.1561E+02     0.1436E+01     0.1000E-04     0.0000E+00     0.1716E-01     0.0000E+00     0.3919E+02     0.8181E+01     0.3916E+02     0.1839E+00     0.8970E+01     0.2063E+01     0.1436E+01     0.1492E+02
   365    12    31  2018     691       1  t_1_691              0.1694E+00     0.4796E-02     0.1694E+00     0.1694E+00     0.3193E+02     0.4489E+02     0.0000E+00     0.0000E+00     0.1949E+01     0.0000E+00     0.1490E+02     0.0000E+00     0.7566E+01     0.5596E+00     0.1000E-04     0.0000E+00     0.5930E+00     0.0000E+00     0.1459E+03     0.4131E+01     0.1459E+03     0.8012E-02     0.2832E+01     0.6610E+00     0.5596E+00     0.1504E+01
   365    12    31  2018     692       1  t_1_692              0.8169E-01     0.4011E-01     0.8168E-01     0.8169E-01     0.1142E-04     0.1142E-04     0.0000E+00     0.0000E+00     0.0000E+00     0.6186E+02     0.0000E+00     0.0000E+00     0.6173E+01     0.4510E+02     0.2892E-02     0.2346E+01     0.0000E+00     0.0000E+00     0.1254E+03     0.6159E+02     0.1254E+03     0.3157E-04     0.1424E+01     0.3899E+00     0.1989E+02     0.3571E+05
   365    12    31  2018     693       1  t_1_693              0.3394E+00     0.2977E-01     0.3393E+00     0.3394E+00     0.1498E+03     0.2719E+03     0.0000E+00     0.0000E+00     0.1758E+02     0.0000E+00     0.1397E+03     0.0000E+00     0.9465E+01     0.6409E+00     0.1000E-04     0.0000E+00     0.2437E+00     0.0000E+00     0.1547E+03     0.1357E+02     0.1547E+03     0.7795E+00     0.6469E+01     0.1227E+01     0.6409E+00     0.2358E+01
   365    12    31  2018     694       1  m_1_694              0.1666E+00     0.8450E-01     0.1662E+00     0.1666E+00     0.3210E+03     0.3233E+03     0.0000E+00     0.0000E+00     0.0000E+00     0.0000E+00     0.2348E+01     0.0000E+00     0.9551E+01     0.1338E+01     0.7363E-04     0.0000E+00     0.3146E-02     0.0000E+00     0.7743E+02     0.3927E+02     0.7727E+02     0.1722E+01     0.1529E+02     0.1300E+01     0.1338E+01     0.2211E+02
   365    12    31  2018     695       1  m_1_695              0.7246E+00     0.1902E+00     0.7245E+00     0.7246E+00     0.8098E+01     0.4404E+01     0.0000E+00     0.0000E+00     0.6968E+01     0.0000E+00     0.3275E+01     0.0000E+00     0.9518E+01     0.1331E+01     0.1000E-04     0.0000E+00     0.3379E+00     0.0000E+00     0.3363E+03     0.8829E+02     0.3363E+03     0.1167E-02     0.4402E+02     0.2296E+00     0.1331E+01     0.8050E+01
   365    12    31  2018     696       1  t_1_696              0.2359E-02     0.2201E-02     0.2358E-02     0.1071E-01     0.2017E-01     0.2017E-01     0.0000E+00     0.0000E+00     0.0000E+00     0.0000E+00     0.0000E+00     0.0000E+00     0.4498E+01     0.6890E+00     0.7797E-02     0.0000E+00     0.0000E+00     0.0000E+00     0.7379E+03     0.6884E+03     0.7377E+03     0.7659E-03     0.2007E+00     0.4595E-02     0.6890E+00     0.3549E+02
   365    12    31  2018     697       1  t_1_697              0.1092E-01     0.1166E-02     0.1091E-01     0.1092E-01     0.1423E+01     0.1423E+01     0.0000E+00     0.0000E+00     0.0000E+00     0.0000E+00     0.0000E+00     0.0000E+00     0.5524E+01     0.8902E+00     0.2261E-02     0.0000E+00     0.0000E+00     0.0000E+00     0.5580E+02     0.5958E+01     0.5574E+02     0.2280E-02     0.1101E+01     0.2818E+00     0.8902E+00     0.3601E+02
   365    12    31  2018     698       1  t_2_698              0.1019E+00     0.1507E-02     0.1019E+00     0.1019E+00     0.1400E+01     0.1400E+01     0.0000E+00     0.0000E+00     0.0000E+00     0.0000E+00     0.0000E+00     0.0000E+00     0.6870E+01     0.9620E+00     0.7387E-03     0.0000E+00     0.0000E+00     0.0000E+00     0.1910E+03     0.2823E+01     0.1910E+03     0.3967E-03     0.2571E+01     0.6060E+00     0.9620E+00     0.2906E+02
   365    12    31  2018     699       1  m_2_699              0.1367E+00     0.1334E-01     0.1367E+00     0.1367E+00     0.1947E+01     0.8395E+01     0.0000E+00     0.0000E+00     0.6725E-02     0.0000E+00     0.6455E+01     0.0000E+00     0.6944E+01     0.1009E+01     0.1000E-04     0.0000E+00     0.4388E-01     0.0000E+00     0.2221E+03     0.2167E+02     0.2220E+03     0.4797E-02     0.5152E+01     0.7237E+00     0.1009E+01     0.3701E+01
   365    12    31  2018     700       1  t_1_700              0.4204E-02     0.8261E-04     0.4200E-02     0.5792E-02     0.5260E+00     0.7170E+00     0.0000E+00     0.0000E+00     0.0000E+00     0.0000E+00     0.1910E+00     0.0000E+00     0.3794E+01     0.3686E+00     0.1000E-04     0.0000E+00     0.8737E-02     0.0000E+00     0.5043E+02     0.9910E+00     0.5038E+02     0.1276E-02     0.4343E+00     0.1200E+00     0.3686E+00     0.3762E+00
   365    12    31  2018     701       1  t_1_701              0.2031E-01     0.6932E-02     0.2028E-01     0.2031E-01     0.1707E+01     0.1745E+01     0.0000E+00     0.0000E+00     0.0000E+00     0.0000E+00     0.3763E-01     0.0000E+00     0.5926E+01     0.8660E+00     0.1000E-04     0.0000E+00     0.4880E-03     0.0000E+00     0.7506E+02     0.2562E+02     0.7493E+02     0.4744E-02     0.1936E+01     0.3896E+00     0.8660E+00     0.2449E+01
   365    12    31  2018     702       1  t_2_702              0.5548E-01     0.1531E-02     0.5547E-01     0.5548E-01     0.1427E+01     0.1775E+01     0.0000E+00     0.0000E+00     0.0000E+00     0.0000E+00     0.3481E+00     0.0000E+00     0.6743E+01     0.9906E+00     0.1000E-04     0.0000E+00     0.4653E-02     0.0000E+00     0.9567E+02     0.2641E+01     0.9564E+02     0.9882E-03     0.1109E+01     0.4347E+00     0.9906E+00     0.3487E+01
   365    12    31  2018     703       1  m_2_703              0.1758E+00     0.2478E-01     0.1758E+00     0.1758E+00     0.1368E+02     0.2052E+02     0.0000E+00     0.0000E+00     0.1686E+00     0.0000E+00     0.7005E+01     0.0000E+00     0.6919E+01     0.1027E+01     0.1000E-04     0.0000E+00     0.9505E-01     0.0000E+00     0.2758E+03     0.3888E+02     0.2758E+03     0.4059E-02     0.4973E+01     0.6849E+00     0.1027E+01     0.3802E+01
   365    12    31  2018     704       1  m_2_704              0.1523E+00     0.1508E-01     0.1523E+00     0.1523E+00     0.8494E+01     0.2736E+02     0.0000E+00     0.0000E+00     0.7795E-01     0.0000E+00     0.1894E+02     0.0000E+00     0.6998E+01     0.1031E+01     0.1000E-04     0.0000E+00     0.1369E+00     0.0000E+00     0.2429E+03     0.2406E+02     0.2429E+03     0.7781E-02     0.6317E+01     0.7401E+00     0.1031E+01     0.3869E+01
   365    12    31  2018     705       1  t_2_705              0.6705E-01     0.1559E-02     0.6704E-01     0.6705E-01     0.1978E+01     0.1978E+01     0.0000E+00     0.0000E+00     0.0000E+00     0.0000E+00     0.0000E+00     0.0000E+00     0.6856E+01     0.9611E+00     0.1368E-03     0.0000E+00     0.0000E+00     0.0000E+00     0.1451E+03     0.3373E+01     0.1451E+03     0.1654E-02     0.2664E+01     0.5840E+00     0.9611E+00     0.1246E+02
   365    12    31  2018     706       1  t_1_706              0.2233E-01     0.1131E-01     0.2231E-01     0.2233E-01     0.5702E+00     0.5702E+00     0.0000E+00     0.0000E+00     0.0000E+00     0.0000E+00     0.0000E+00     0.0000E+00     0.5993E+01     0.9308E+00     0.1000E-04     0.0000E+00     0.0000E+00     0.0000E+00     0.1090E+03     0.5518E+02     0.1089E+03     0.5431E-03     0.1057E+01     0.2161E+00     0.9308E+00     0.2797E+01
   365    12    31  2018     707       1  t_1_707              0.4546E-01     0.4719E-02     0.4546E-01     0.4546E-01     0.3382E+01     0.3382E+01     0.0000E+00     0.0000E+00     0.0000E+00     0.2410E+01     0.0000E+00     0.0000E+00     0.6436E+01     0.6346E+01     0.3437E-02     0.2926E+00     0.0000E+00     0.0000E+00     0.1130E+03     0.1173E+02     0.1130E+03     0.2556E-02     0.3674E+01     0.5797E+00     0.3132E+01     0.5719E+03
   365    12    31  2018     708       1  t_1_708              0.1688E-02     0.1846E-04     0.1685E-02     0.4087E-02     0.2130E+00     0.2130E+00     0.0000E+00     0.0000E+00     0.0000E+00     0.6855E-02     0.0000E+00     0.0000E+00     0.4832E+01     0.7653E+00     0.4082E-02     0.5432E-03     0.0000E+00     0.0000E+00     0.4998E+02     0.5469E+00     0.4992E+02     0.3406E-03     0.1725E+00     0.4859E-01     0.7638E+00     0.3278E+02
   365    12    31  2018     709       1  t_2_709              0.5428E-01     0.3463E-02     0.5428E-01     0.5428E-01     0.2028E+01     0.3223E+01     0.0000E+00     0.0000E+00     0.0000E+00     0.0000E+00     0.1194E+01     0.0000E+00     0.6795E+01     0.9791E+00     0.1000E-04     0.0000E+00     0.1409E-01     0.0000E+00     0.9480E+02     0.6048E+01     0.9479E+02     0.1666E-02     0.2414E+01     0.6310E+00     0.9791E+00     0.3445E+01
   365    12    31  2018     710       1  t_1_710              0.1093E-01     0.5277E-02     0.1093E-01     0.2186E-01     0.2984E+00     0.2984E+00     0.0000E+00     0.0000E+00     0.0000E+00     0.0000E+00     0.0000E+00     0.0000E+00     0.5325E+01     0.8254E+00     0.1000E-04     0.0000E+00     0.0000E+00     0.0000E+00     0.2297E+03     0.1108E+03     0.2296E+03     0.4377E-03     0.8119E+00     0.6848E-01     0.8254E+00     0.2034E+01
   365    12    31  2018     711       1  t_2_711              0.9981E-01     0.3324E-02     0.9981E-01     0.9981E-01     0.1313E+01     0.1313E+01     0.0000E+00     0.0000E+00     0.0000E+00     0.4985E+00     0.0000E+00     0.0000E+00     0.6503E+01     0.2269E+01     0.3995E-02     0.7619E-01     0.0000E+00     0.0000E+00     0.1914E+03     0.6373E+01     0.1914E+03     0.1754E-03     0.2377E+01     0.5886E+00     0.1390E+01     0.1284E+03
   365    12    31  2018     712       1  t_2_712              0.9727E-01     0.1918E-01     0.9727E-01     0.9727E-01     0.2315E+01     0.2649E+01     0.0000E+00     0.0000E+00     0.0000E+00     0.0000E+00     0.3337E+00     0.0000E+00     0.6893E+01     0.9650E+00     0.1000E-04     0.0000E+00     0.1527E-01     0.0000E+00     0.1899E+03     0.3745E+02     0.1899E+03     0.4943E-03     0.4745E+01     0.6560E+00     0.9650E+00     0.3410E+01
   365    12    31  2018     713       1  t_1_713              0.2662E-01     0.1829E-02     0.2657E-01     0.2662E-01     0.1112E+01     0.1112E+01     0.0000E+00     0.0000E+00     0.0000E+00     0.0000E+00     0.0000E+00     0.0000E+00     0.6693E+01     0.9996E+00     0.1000E-04     0.0000E+00     0.0000E+00     0.0000E+00     0.7436E+02     0.5111E+01     0.7423E+02     0.4878E-02     0.9804E+00     0.4009E+00     0.9996E+00     0.3515E+01
   365    12    31  2018     714       1  t_1_714              0.5065E-02     0.3289E-02     0.5064E-02     0.1193E-01     0.2228E+00     0.2228E+00     0.0000E+00     0.0000E+00     0.0000E+00     0.0000E+00     0.0000E+00     0.0000E+00     0.5057E+01     0.8021E+00     0.1259E-02     0.0000E+00     0.0000E+00     0.0000E+00     0.1423E+03     0.9242E+02     0.1423E+03     0.3722E-03     0.3942E+00     0.5122E-01     0.8021E+00     0.2067E+02
   365    12    31  2018     715       1  m_3_715              0.2650E+00     0.5281E-02     0.2649E+00     0.2650E+00     0.2440E+02     0.3339E+02     0.0000E+00     0.0000E+00     0.0000E+00     0.0000E+00     0.8985E+01     0.0000E+00     0.9725E+01     0.1268E+01     0.1000E-04     0.0000E+00     0.2709E+00     0.0000E+00     0.1756E+03     0.3499E+01     0.1756E+03     0.9147E-02     0.4529E+01     0.1196E+01     0.1268E+01     0.7573E+01
   365    12    31  2018     716       1  m_3_716              0.2484E+00     0.3365E-02     0.2481E+00     0.2484E+00     0.2408E+02     0.5662E+02     0.0000E+00     0.0000E+00     0.0000E+00     0.0000E+00     0.3254E+02     0.0000E+00     0.9762E+01     0.1251E+01     0.1000E-04     0.0000E+00     0.5484E-01     0.0000E+00     0.1660E+03     0.2249E+01     0.1658E+03     0.6552E-01     0.7801E+01     0.1520E+01     0.1251E+01     0.7433E+01
   365    12    31  2018     717       1  t_1_717              0.3428E-02     0.2521E-02     0.3425E-02     0.6484E-02     0.1158E+00     0.1158E+00     0.0000E+00     0.0000E+00     0.0000E+00     0.0000E+00     0.0000E+00     0.0000E+00     0.5103E+01     0.7960E+00     0.2324E-02     0.0000E+00     0.0000E+00     0.0000E+00     0.6578E+02     0.4837E+02     0.6573E+02     0.3038E-02     0.2582E+00     0.2639E-01     0.7960E+00     0.2797E+02
   365    12    31  2018     718       1  m_1_718              0.1849E-01     0.1489E-01     0.1849E-01     0.3356E-01     0.1524E+00     0.1524E+00     0.0000E+00     0.0000E+00     0.0000E+00     0.0000E+00     0.0000E+00     0.0000E+00     0.5190E+01     0.8089E+00     0.1515E-02     0.0000E+00     0.0000E+00     0.0000E+00     0.3324E+03     0.2677E+03     0.3323E+03     0.6917E-04     0.1190E+01     0.3143E-01     0.8089E+00     0.2359E+02
   365    12    31  2018     719       1  t_1_719              0.2186E-01     0.2086E-01     0.2185E-01     0.6672E-01     0.1277E+00     0.9611E+00     0.0000E+00     0.0000E+00     0.0000E+00     0.0000E+00     0.8334E+00     0.0000E+00     0.5463E+01     0.8312E+00     0.1000E-04     0.0000E+00     0.1265E-01     0.0000E+00     0.1080E+04     0.1031E+04     0.1080E+04     0.1976E-02     0.1340E+01     0.2913E-01     0.8312E+00     0.2110E+01
   365    12    31  2018     720       1  t_2_720              0.6333E-01     0.1546E-01     0.6333E-01     0.6333E-01     0.1691E+01     0.1691E+01     0.0000E+00     0.0000E+00     0.0000E+00     0.8227E+01     0.0000E+00     0.0000E+00     0.6287E+01     0.4419E+01     0.1094E-01     0.1943E+00     0.0000E+00     0.0000E+00     0.1514E+03     0.3696E+02     0.1514E+03     0.1995E-03     0.2312E+01     0.5209E+00     0.2243E+01     0.5234E+03
   365    12    31  2018     721       1  t_1_721              0.2184E-01     0.8621E-03     0.2184E-01     0.2184E-01     0.1824E+01     0.1824E+01     0.0000E+00     0.0000E+00     0.0000E+00     0.2213E+01     0.0000E+00     0.0000E+00     0.5725E+01     0.5255E+01     0.3627E-02     0.2346E+00     0.0000E+00     0.0000E+00     0.7668E+02     0.3027E+01     0.7668E+02     0.9042E-03     0.2056E+01     0.4101E+00     0.2707E+01     0.3958E+03
   365    12    31  2018     722       1  t_2_722              0.5055E-01     0.1465E-02     0.5055E-01     0.5055E-01     0.1743E+01     0.1985E+01     0.0000E+00     0.0000E+00     0.0000E+00     0.0000E+00     0.2430E+00     0.0000E+00     0.6752E+01     0.9705E+00     0.1000E-04     0.0000E+00     0.5431E-02     0.0000E+00     0.8914E+02     0.2583E+01     0.8914E+02     0.1015E-02     0.2140E+01     0.6231E+00     0.9705E+00     0.3373E+01
   365    12    31  2018     723       1  t_2_723              0.1560E+00     0.1001E-02     0.1560E+00     0.1560E+00     0.1333E+02     0.1333E+02     0.0000E+00     0.0000E+00     0.0000E+00     0.0000E+00     0.0000E+00     0.0000E+00     0.6824E+01     0.1448E+01     0.3729E-03     0.0000E+00     0.0000E+00     0.0000E+00     0.4572E+03     0.2934E+01     0.4572E+03     0.6710E-02     0.4253E+01     0.5157E+00     0.1448E+01     0.4101E+02
   365    12    31  2018     724       1  m_3_724              0.1474E+01     0.2126E-02     0.1474E+01     0.1474E+01     0.8590E+03     0.1073E+04     0.0000E+00     0.0000E+00     0.6821E+03     0.1537E+03     0.8964E+03     0.0000E+00     0.1355E+02     0.7317E+01     0.2274E-03     0.3038E+00     0.5480E+00     0.0000E+00     0.2765E+03     0.3988E+00     0.2765E+03     0.1441E+00     0.6122E+02     0.3670E+01     0.7068E+01     0.9772E+03
   365    12    31  2018     725       1  t_2_725              0.2118E+00     0.4097E-03     0.2118E+00     0.2118E+00     0.4757E+02     0.4757E+02     0.0000E+00     0.0000E+00     0.0000E+00     0.1891E+02     0.0000E+00     0.0000E+00     0.7786E+01     0.4318E+01     0.1662E-02     0.1370E+00     0.0000E+00     0.0000E+00     0.1814E+03     0.3509E+00     0.1814E+03     0.4725E-01     0.3372E+01     0.1764E+01     0.2685E+01     0.3059E+03
   365    12    31  2018     726       1  t_1_726              0.2383E-01     0.2129E-02     0.2383E-01     0.2383E-01     0.5825E+01     0.5825E+01     0.0000E+00     0.0000E+00     0.0000E+00     0.0000E+00     0.0000E+00     0.0000E+00     0.5971E+01     0.1631E+01     0.1438E-02     0.0000E+00     0.0000E+00     0.0000E+00     0.1667E+03     0.1489E+02     0.1667E+03     0.3860E-01     0.3784E+00     0.2158E+00     0.1631E+01     0.8712E+02
   365    12    31  2018     727       1  t_2_727              0.1739E+00     0.1634E-02     0.1739E+00     0.1739E+00     0.4007E+02     0.4007E+02     0.0000E+00     0.0000E+00     0.0000E+00     0.1570E+02     0.0000E+00     0.0000E+00     0.7296E+01     0.1224E+02     0.1996E-02     0.5525E+00     0.0000E+00     0.0000E+00     0.1765E+03     0.1659E+01     0.1765E+03     0.8542E-02     0.2407E+01     0.1488E+01     0.6092E+01     0.1769E+04
   365    12    31  2018     728       1  t_1_728              0.1210E+00     0.6360E-03     0.1210E+00     0.1210E+00     0.3230E+02     0.3230E+02     0.0000E+00     0.0000E+00     0.0000E+00     0.9071E+00     0.0000E+00     0.0000E+00     0.7144E+01     0.1770E+01     0.1501E-02     0.1001E-01     0.0000E+00     0.0000E+00     0.1526E+03     0.8022E+00     0.1526E+03     0.1389E+00     0.1287E+01     0.1198E+01     0.1631E+01     0.1055E+03
   365    12    31  2018     729       1  m_3_729              0.1713E+01     0.1470E-02     0.1713E+01     0.1713E+01     0.1128E+04     0.2252E+04     0.0000E+00     0.0000E+00     0.3515E+03     0.2903E+03     0.1475E+04     0.0000E+00     0.1417E+02     0.7955E+01     0.3535E-03     0.3332E+00     0.6072E+00     0.0000E+00     0.2569E+03     0.2205E+00     0.2569E+03     0.3578E+00     0.6516E+02     0.5691E+01     0.7620E+01     0.1452E+04
   365    12    31  2018     730       1  m_3_730              0.1009E+01     0.1320E-02     0.1009E+01     0.1009E+01     0.4707E+02     0.4073E+02     0.0000E+00     0.0000E+00     0.8937E+01     0.0000E+00     0.2596E+01     0.0000E+00     0.1219E+02     0.1346E+01     0.1000E-04     0.0000E+00     0.1916E+00     0.0000E+00     0.2749E+03     0.3594E+00     0.2749E+03     0.8664E-03     0.4957E+02     0.1438E+01     0.1346E+01     0.1047E+02
   365    12    31  2018     731       1  t_1_731              0.1449E-01     0.9815E-02     0.1449E-01     0.3675E-01     0.1256E+01     0.1256E+01     0.0000E+00     0.0000E+00     0.0000E+00     0.1630E+02     0.0000E+00     0.0000E+00     0.5523E+01     0.3841E+01     0.5061E-02     0.1326E+00     0.0000E+00     0.0000E+00     0.4702E+03     0.3184E+03     0.4702E+03     0.9088E-02     0.6692E+00     0.4654E-01     0.2378E+01     0.3215E+03
   365    12    31  2018     732       1  t_1_732              0.2856E-01     0.8697E-03     0.2856E-01     0.2856E-01     0.7433E+01     0.7433E+01     0.0000E+00     0.0000E+00     0.0000E+00     0.2970E+01     0.0000E+00     0.0000E+00     0.5169E+01     0.3936E+01     0.2829E-02     0.1278E+00     0.0000E+00     0.0000E+00     0.1566E+03     0.4767E+01     0.1566E+03     0.2124E-02     0.3388E+00     0.2758E+00     0.2494E+01     0.2458E+03
   365    12    31  2018     733       1  m_1_733              0.2087E-01     0.7549E-02     0.2086E-01     0.2770E-01     0.3575E+01     0.3575E+01     0.0000E+00     0.0000E+00     0.0000E+00     0.1630E+01     0.0000E+00     0.0000E+00     0.5254E+01     0.1750E+01     0.2971E-02     0.1241E-01     0.0000E+00     0.0000E+00     0.2378E+03     0.8603E+02     0.2377E+03     0.1384E-01     0.5713E+00     0.1325E+00     0.1568E+01     0.1041E+03
   365    12    31  2018     734       1  t_3_734              0.2763E+00     0.1061E-01     0.2763E+00     0.2763E+00     0.3361E+02     0.3750E+02     0.0000E+00     0.0000E+00     0.0000E+00     0.0000E+00     0.3891E+01     0.0000E+00     0.9705E+01     0.1270E+01     0.1000E-04     0.0000E+00     0.9407E-01     0.0000E+00     0.1825E+03     0.7010E+01     0.1825E+03     0.3320E-02     0.5129E+01     0.1203E+01     0.1270E+01     0.7582E+01
   365    12    31  2018     735       1  m_3_735              0.1764E+01     0.7000E-03     0.1764E+01     0.1764E+01     0.7529E+03     0.8758E+03     0.0000E+00     0.0000E+00     0.2881E+03     0.9980E+01     0.4109E+03     0.0000E+00     0.1508E+02     0.2724E+01     0.1686E-03     0.5765E-01     0.9406E+00     0.0000E+00     0.2580E+03     0.1024E+00     0.2580E+03     0.6596E-01     0.6664E+02     0.5944E+01     0.2721E+01     0.1734E+03
   365    12    31  2018     736       1  t_1_736              0.1157E-01     0.9661E-03     0.1156E-01     0.1806E-01     0.2845E+01     0.2845E+01     0.0000E+00     0.0000E+00     0.0000E+00     0.0000E+00     0.0000E+00     0.0000E+00     0.6205E+01     0.1021E+01     0.1000E-04     0.0000E+00     0.0000E+00     0.0000E+00     0.1656E+03     0.1383E+02     0.1656E+03     0.1091E-01     0.1617E+00     0.1055E+00     0.1021E+01     0.3382E+01
   365    12    31  2018     737       1  t_1_737              0.1826E-01     0.8597E-02     0.1826E-01     0.3036E-01     0.2593E+01     0.2593E+01     0.0000E+00     0.0000E+00     0.0000E+00     0.0000E+00     0.0000E+00     0.0000E+00     0.5426E+01     0.8575E+00     0.3535E-02     0.0000E+00     0.0000E+00     0.0000E+00     0.2869E+03     0.1351E+03     0.2869E+03     0.8760E-03     0.5554E+00     0.9619E-01     0.8575E+00     0.4154E+02
   365    12    31  2018     738       1  t_1_738              0.3575E-01     0.1734E-01     0.3575E-01     0.3704E-01     0.4942E+01     0.4942E+01     0.0000E+00     0.0000E+00     0.0000E+00     0.0000E+00     0.0000E+00     0.0000E+00     0.5093E+01     0.1531E+01     0.1727E-02     0.0000E+00     0.0000E+00     0.0000E+00     0.2947E+03     0.1429E+03     0.2947E+03     0.9182E-02     0.1027E+01     0.1833E+00     0.1531E+01     0.7377E+02
   365    12    31  2018     739       1  m_3_739              0.1027E+01     0.4365E-02     0.1027E+01     0.1027E+01     0.4426E+02     0.4819E+03     0.0000E+00     0.0000E+00     0.0000E+00     0.2995E+03     0.4376E+03     0.0000E+00     0.1205E+02     0.1149E+02     0.1556E-02     0.5403E+00     0.3407E+00     0.0000E+00     0.2733E+03     0.1161E+01     0.2733E+03     0.4733E-01     0.5001E+02     0.1569E+01     0.9153E+01     0.3867E+04
   365    12    31  2018     740       1  t_1_740              0.7318E+00     0.6837E-02     0.7318E+00     0.7318E+00     0.4532E+01     0.9519E+01     0.0000E+00     0.0000E+00     0.1834E+01     0.0000E+00     0.6820E+01     0.0000E+00     0.9540E+01     0.1333E+01     0.1000E-04     0.0000E+00     0.1092E+00     0.0000E+00     0.3392E+03     0.3169E+01     0.3392E+03     0.1415E-02     0.4434E+02     0.2344E+00     0.1333E+01     0.8081E+01
   365    12    31  2018     741       1  t_2_741              0.2413E+00     0.1799E-01     0.2413E+00     0.2413E+00     0.2263E+02     0.2263E+02     0.0000E+00     0.0000E+00     0.0000E+00     0.0000E+00     0.0000E+00     0.0000E+00     0.6594E+01     0.1629E+01     0.1065E-02     0.0000E+00     0.0000E+00     0.0000E+00     0.4370E+03     0.3259E+02     0.4370E+03     0.2136E-01     0.6609E+01     0.8345E+00     0.1629E+01     0.8211E+02
   365    12    31  2018     742       1  t_1_742              0.2569E-01     0.1228E-01     0.2569E-01     0.3582E-01     0.3334E+01     0.3334E+01     0.0000E+00     0.0000E+00     0.0000E+00     0.0000E+00     0.0000E+00     0.0000E+00     0.5899E+01     0.9828E+00     0.3353E-02     0.0000E+00     0.0000E+00     0.0000E+00     0.3133E+03     0.1497E+03     0.3132E+03     0.5770E-02     0.6941E+00     0.1239E+00     0.9828E+00     0.5528E+02
   365    12    31  2018     743       1  m_3_743              0.1776E+01     0.2571E-02     0.1776E+01     0.1776E+01     0.8786E+03     0.1211E+04     0.0000E+00     0.0000E+00     0.5554E+03     0.0000E+00     0.8874E+03     0.0000E+00     0.1530E+02     0.1629E+01     0.5835E-04     0.0000E+00     0.1213E+01     0.0000E+00     0.2574E+03     0.3724E+00     0.2574E+03     0.2438E+00     0.6696E+02     0.6044E+01     0.1629E+01     0.4361E+02
   365    12    31  2018     744       1  t_1_744              0.7158E-01     0.8920E-02     0.7158E-01     0.7158E-01     0.1008E+02     0.1012E+02     0.0000E+00     0.0000E+00     0.0000E+00     0.0000E+00     0.4138E-01     0.0000E+00     0.6452E+01     0.1400E+01     0.1000E-04     0.0000E+00     0.1472E-02     0.0000E+00     0.2893E+03     0.3606E+02     0.2893E+03     0.1519E-01     0.1562E+01     0.3739E+00     0.1400E+01     0.6008E+01
   365    12    31  2018     745       1  m_3_745              0.1755E+01     0.1714E-01     0.1755E+01     0.1755E+01     0.2257E+04     0.7507E+03     0.0000E+00     0.0000E+00     0.1841E+04     0.6982E+01     0.3349E+03     0.0000E+00     0.1498E+02     0.2450E+01     0.1097E-03     0.4299E-01     0.8472E+00     0.0000E+00     0.2588E+03     0.2527E+01     0.2588E+03     0.6124E-01     0.6648E+02     0.5865E+01     0.2448E+01     0.1162E+03
   365    12    31  2018     746       1  t_1_746              0.8238E-01     0.3424E-01     0.8238E-01     0.1100E+00     0.2901E+01     0.2901E+01     0.0000E+00     0.0000E+00     0.0000E+00     0.0000E+00     0.0000E+00     0.0000E+00     0.5616E+01     0.1002E+01     0.2551E-02     0.0000E+00     0.0000E+00     0.0000E+00     0.9471E+03     0.3936E+03     0.9471E+03     0.1300E-02     0.2588E+01     0.1315E+00     0.1002E+01     0.4750E+02
   365    12    31  2018     747       1  t_2_747              0.2867E+00     0.6630E-02     0.2867E+00     0.2867E+00     0.2955E+02     0.2955E+02     0.0000E+00     0.0000E+00     0.0000E+00     0.0000E+00     0.0000E+00     0.0000E+00     0.6519E+01     0.1661E+01     0.1511E-02     0.0000E+00     0.0000E+00     0.0000E+00     0.3981E+03     0.9206E+01     0.3981E+03     0.3154E-01     0.7726E+01     0.1088E+01     0.1661E+01     0.1000E+03
   365    12    31  2018     748       1  m_3_748              0.1333E+01     0.7474E-02     0.1333E+01     0.1333E+01     0.5148E+03     0.8346E+03     0.0000E+00     0.0000E+00     0.0000E+00     0.3740E+03     0.3198E+03     0.0000E+00     0.1261E+02     0.2876E+02     0.1161E-02     0.1445E+01     0.5129E+00     0.0000E+00     0.2926E+03     0.1641E+01     0.2926E+03     0.4060E-01     0.5816E+02     0.2771E+01     0.2281E+02     0.2264E+05
   365    12    31  2018     749       1  t_2_749              0.2129E+00     0.3529E-01     0.2129E+00     0.2129E+00     0.1916E+02     0.1977E+02     0.0000E+00     0.0000E+00     0.0000E+00     0.0000E+00     0.6070E+00     0.0000E+00     0.6769E+01     0.1495E+01     0.6982E-04     0.0000E+00     0.1287E-02     0.0000E+00     0.4402E+03     0.7296E+02     0.4402E+03     0.3768E-01     0.5679E+01     0.7311E+00     0.1495E+01     0.1860E+02
   365    12    31  2018     750       1  t_1_750              0.6061E-01     0.2510E-01     0.6061E-01     0.6061E-01     0.9530E+01     0.9530E+01     0.0000E+00     0.0000E+00     0.0000E+00     0.0000E+00     0.0000E+00     0.0000E+00     0.6059E+01     0.1501E+01     0.1240E-02     0.0000E+00     0.0000E+00     0.0000E+00     0.2591E+03     0.1073E+03     0.2591E+03     0.1932E-02     0.1172E+01     0.3536E+00     0.1501E+01     0.7105E+02
   365    12    31  2018     751       1  t_1_751              0.5052E-01     0.2212E-01     0.5052E-01     0.5052E-01     0.7623E+01     0.7623E+01     0.0000E+00     0.0000E+00     0.0000E+00     0.7259E+01     0.0000E+00     0.0000E+00     0.5875E+01     0.2731E+01     0.3433E-02     0.5349E-01     0.0000E+00     0.0000E+00     0.2700E+03     0.1182E+03     0.2700E+03     0.9045E-02     0.9864E+00     0.2828E+00     0.2118E+01     0.2131E+03
   365    12    31  2018     752       1  t_2_752              0.1013E+00     0.3173E-01     0.1013E+00     0.1013E+00     0.1401E+02     0.1401E+02     0.0000E+00     0.0000E+00     0.0000E+00     0.6969E+02     0.0000E+00     0.0000E+00     0.5990E+01     0.6267E+01     0.1940E-02     0.1941E+00     0.0000E+00     0.0000E+00     0.1924E+03     0.6028E+02     0.1924E+03     0.2732E-01     0.2384E+01     0.5200E+00     0.4050E+01     0.5677E+03
   365    12    31  2018     753       1  t_1_753              0.4353E-01     0.2465E-01     0.4353E-01     0.6942E-01     0.2757E+01     0.2757E+01     0.0000E+00     0.0000E+00     0.0000E+00     0.0000E+00     0.0000E+00     0.0000E+00     0.5608E+01     0.9069E+00     0.1646E-02     0.0000E+00     0.0000E+00     0.0000E+00     0.6430E+03     0.3642E+03     0.6430E+03     0.1920E-03     0.1262E+01     0.1023E+00     0.9069E+00     0.3217E+02
   365    12    31  2018     754       1  t_1_754              0.4522E-01     0.1689E-02     0.4522E-01     0.7212E-01     0.2761E+01     0.2115E+01     0.0000E+00     0.0000E+00     0.7641E+00     0.0000E+00     0.1182E+00     0.0000E+00     0.3526E+01     0.3526E+00     0.1000E-04     0.0000E+00     0.2470E+00     0.0000E+00     0.6679E+03     0.2496E+02     0.6679E+03     0.3589E-04     0.1309E+01     0.1023E+00     0.3526E+00     0.3247E+00
   365    12    31  2018     755       1  m_5_755              0.2243E+02     0.9082E-01     0.2243E+02     0.2243E+02     0.1822E+05     0.2043E+05     0.0000E+00     0.0000E+00     0.0000E+00     0.5459E+02     0.2207E+04     0.0000E+00     0.4393E+02     0.3015E+01     0.1425E-03     0.1608E-01     0.6278E+00     0.0000E+00     0.1844E+03     0.7465E+00     0.1844E+03     0.8023E+01     0.3068E+03     0.9885E+02     0.2796E+01     0.4820E+03
   365    12    31  2018     756       1  m_5_756              0.2268E+02     0.5106E-02     0.2268E+02     0.2268E+02     0.2046E+05     0.2046E+05     0.0000E+00     0.0000E+00     0.0000E+00     0.1554E+04     0.0000E+00     0.0000E+00     0.4382E+02     0.2687E+02     0.3158E-03     0.1280E+01     0.0000E+00     0.0000E+00     0.1849E+03     0.4163E-01     0.1849E+03     0.8637E+01     0.3118E+03     0.1006E+03     0.1429E+02     0.1344E+05
   365    12    31  2018     757       1  m_5_757              0.2272E+02     0.1478E-01     0.2272E+02     0.2272E+02     0.2046E+05     0.2172E+05     0.0000E+00     0.0000E+00     0.1891E+04     0.0000E+00     0.3153E+04     0.0000E+00     0.4399E+02     0.2832E+01     0.1000E-04     0.0000E+00     0.2879E+01     0.0000E+00     0.1851E+03     0.1204E+00     0.1851E+03     0.2356E+01     0.3133E+03     0.1009E+03     0.2832E+01     0.1305E+03
   365    12    31  2018     758       1  m_5_758              0.2207E+02     0.1614E-01     0.2207E+02     0.2207E+02     0.1744E+05     0.1744E+05     0.0000E+00     0.0000E+00     0.0000E+00     0.1932E+04     0.0000E+00     0.0000E+00     0.4368E+02     0.3478E+02     0.9659E-03     0.1704E+01     0.0000E+00     0.0000E+00     0.1830E+03     0.1339E+00     0.1830E+03     0.5142E+01     0.2968E+03     0.9688E+02     0.1814E+02     0.3708E+05
   365    12    31  2018     759       1  t_1_759              0.2622E-01     0.3236E-02     0.2620E-01     0.2728E-01     0.2838E+01     0.2838E+01     0.0000E+00     0.0000E+00     0.0000E+00     0.5866E+01     0.0000E+00     0.0000E+00     0.5368E+01     0.2681E+01     0.1953E-02     0.5953E-01     0.0000E+00     0.0000E+00     0.2172E+03     0.2681E+02     0.2171E+03     0.1142E-01     0.4239E+00     0.2202E+00     0.1997E+01     0.1344E+03
   365    12    31  2018     760       1  t_1_760              0.1764E+00     0.5462E-01     0.1763E+00     0.1764E+00     0.1503E+02     0.1503E+02     0.0000E+00     0.0000E+00     0.0000E+00     0.2627E+01     0.0000E+00     0.0000E+00     0.6147E+01     0.3292E+01     0.1738E-02     0.1156E+00     0.0000E+00     0.0000E+00     0.2758E+03     0.8542E+02     0.2758E+03     0.2613E-01     0.3218E+01     0.1167E+01     0.1963E+01     0.1474E+03
   365    12    31  2018     761       1  m_5_761              0.2224E+02     0.7208E-01     0.2224E+02     0.2224E+02     0.1745E+05     0.1821E+05     0.0000E+00     0.0000E+00     0.0000E+00     0.0000E+00     0.7579E+03     0.0000E+00     0.4401E+02     0.2811E+01     0.1408E-04     0.0000E+00     0.2414E+01     0.0000E+00     0.1836E+03     0.5951E+00     0.1836E+03     0.6209E+00     0.3001E+03     0.9787E+02     0.2811E+01     0.1530E+03
   365    12    31  2018     762       1  t_1_762              0.1086E+00     0.5275E-02     0.1085E+00     0.1086E+00     0.2476E+00     0.2476E+00     0.0000E+00     0.0000E+00     0.0000E+00     0.0000E+00     0.0000E+00     0.0000E+00     0.7271E+01     0.1081E+01     0.2071E-04     0.0000E+00     0.0000E+00     0.0000E+00     0.3520E+03     0.1710E+02     0.3519E+03     0.4107E-03     0.1573E+01     0.1390E+01     0.1081E+01     0.6263E+01
   365    12    31  2018     763       1  t_2_763              0.7473E-01     0.3056E-03     0.7473E-01     0.7473E-01     0.1136E-01     0.1136E-01     0.0000E+00     0.0000E+00     0.0000E+00     0.0000E+00     0.0000E+00     0.0000E+00     0.6837E+01     0.5264E+00     0.1412E-02     0.0000E+00     0.0000E+00     0.0000E+00     0.3033E+02     0.1240E+00     0.3033E+02     0.1949E-04     0.8750E+00     0.2011E+01     0.5264E+00     0.1458E+02
   365    12    31  2018     764       1  t_1_764              0.1445E+00     0.9612E-03     0.1445E+00     0.1445E+00     0.1722E+00     0.7551E+00     0.0000E+00     0.0000E+00     0.0000E+00     0.0000E+00     0.5829E+00     0.0000E+00     0.7414E+01     0.1369E+01     0.1000E-04     0.0000E+00     0.4296E-02     0.0000E+00     0.3496E+03     0.2325E+01     0.3495E+03     0.2641E-03     0.1564E+01     0.1628E+01     0.1369E+01     0.6611E+01
   365    12    31  2018     765       1  t_1_765              0.9084E-01     0.1133E-02     0.9083E-01     0.9084E-01     0.2126E-01     0.2338E+00     0.0000E+00     0.0000E+00     0.0000E+00     0.0000E+00     0.2126E+00     0.0000E+00     0.6792E+01     0.1055E+01     0.1000E-04     0.0000E+00     0.3339E-02     0.0000E+00     0.4075E+03     0.5080E+01     0.4074E+03     0.8353E-04     0.1231E+01     0.9690E+00     0.1055E+01     0.3907E+01
   365    12    31  2018     766       1  t_2_766              0.7421E-01     0.3074E-02     0.7421E-01     0.7421E-01     0.8838E-04     0.8838E-04     0.0000E+00     0.0000E+00     0.0000E+00     0.0000E+00     0.0000E+00     0.0000E+00     0.6829E+01     0.5260E+00     0.1481E-02     0.0000E+00     0.0000E+00     0.0000E+00     0.3013E+02     0.1248E+01     0.3013E+02     0.5595E-05     0.8583E+00     0.2003E+01     0.5260E+00     0.1490E+02
   365    12    31  2018     767       1  t_1_767              0.1618E+00     0.1601E-01     0.1618E+00     0.1618E+00     0.7809E+00     0.5056E+01     0.0000E+00     0.0000E+00     0.0000E+00     0.0000E+00     0.4275E+01     0.0000E+00     0.7424E+01     0.1379E+01     0.1000E-04     0.0000E+00     0.3056E-01     0.0000E+00     0.3829E+03     0.3788E+02     0.3829E+03     0.8423E-03     0.2275E+01     0.1673E+01     0.1379E+01     0.6705E+01
   365    12    31  2018     768       1  m_3_768              0.6568E+00     0.2796E-02     0.6567E+00     0.6568E+00     0.3732E+02     0.2062E+03     0.0000E+00     0.0000E+00     0.1063E+02     0.0000E+00     0.1795E+03     0.0000E+00     0.1301E+02     0.7768E+00     0.1000E-04     0.0000E+00     0.2816E+00     0.0000E+00     0.1354E+03     0.5766E+00     0.1354E+03     0.3631E+00     0.9177E+01     0.1309E+02     0.7768E+00     0.4466E+01
   365    12    31  2018     769       1  m_2_769              0.1915E+00     0.1501E-02     0.1915E+00     0.1915E+00     0.7444E-01     0.7444E-01     0.0000E+00     0.0000E+00     0.0000E+00     0.8189E-02     0.0000E+00     0.0000E+00     0.9254E+01     0.6325E+00     0.9475E-03     0.1890E-04     0.0000E+00     0.0000E+00     0.6201E+02     0.4862E+00     0.6200E+02     0.1764E-02     0.2307E+01     0.5081E+01     0.6323E+00     0.2195E+02
   365    12    31  2018     770       1  m_2_770              0.2468E+00     0.2736E-01     0.2468E+00     0.2468E+00     0.1526E+00     0.1526E+00     0.0000E+00     0.0000E+00     0.0000E+00     0.3435E+03     0.0000E+00     0.0000E+00     0.9568E+01     0.3841E+02     0.2290E-02     0.1986E+01     0.0000E+00     0.0000E+00     0.7725E+02     0.8562E+01     0.7725E+02     0.2015E-03     0.3888E+01     0.5610E+01     0.1642E+02     0.2231E+05
   365    12    31  2018     771       1  t_1_771              0.8760E-01     0.2138E-02     0.8759E-01     0.8760E-01     0.4255E-01     0.4255E-01     0.0000E+00     0.0000E+00     0.0000E+00     0.0000E+00     0.0000E+00     0.0000E+00     0.6431E+01     0.1056E+01     0.5797E-03     0.0000E+00     0.0000E+00     0.0000E+00     0.4356E+03     0.1063E+02     0.4356E+03     0.1241E-04     0.1915E+01     0.9907E+00     0.1056E+01     0.2824E+02
   365    12    31  2018     772       1  t_1_772              0.1907E+00     0.6831E-02     0.1907E+00     0.1907E+00     0.2538E+01     0.1419E+02     0.0000E+00     0.0000E+00     0.0000E+00     0.0000E+00     0.1165E+02     0.0000E+00     0.7379E+01     0.1417E+01     0.1000E-04     0.0000E+00     0.2534E-01     0.0000E+00     0.3241E+03     0.1161E+02     0.3240E+03     0.9246E-02     0.2136E+01     0.2339E+01     0.1417E+01     0.6980E+01
   365    12    31  2018     773       1  m_3_773              0.7267E+00     0.1898E-01     0.7267E+00     0.7267E+00     0.2064E+03     0.1756E+03     0.0000E+00     0.0000E+00     0.5519E+02     0.0000E+00     0.2436E+02     0.0000E+00     0.1335E+02     0.7893E+00     0.1000E-04     0.0000E+00     0.2852E+00     0.0000E+00     0.1433E+03     0.3742E+01     0.1433E+03     0.4405E-01     0.1068E+02     0.1418E+02     0.7893E+00     0.4710E+01
   365    12    31  2018     774       1  t_2_774              0.3620E-01     0.5920E-02     0.3618E-01     0.3620E-01     0.4515E-04     0.4515E-04     0.0000E+00     0.0000E+00     0.0000E+00     0.0000E+00     0.0000E+00     0.0000E+00     0.5208E+01     0.4465E+00     0.7834E-03     0.0000E+00     0.0000E+00     0.0000E+00     0.5546E+02     0.9070E+01     0.5543E+02     0.3579E-07     0.3811E+00     0.1024E+01     0.4465E+00     0.6289E+01
   365    12    31  2018     775       1  t_1_775              0.3582E-01     0.1994E-01     0.3581E-01     0.4038E-01     0.2367E-04     0.2367E-04     0.0000E+00     0.0000E+00     0.0000E+00     0.1050E+03     0.0000E+00     0.0000E+00     0.5308E+01     0.2662E+02     0.4810E-02     0.1346E+01     0.0000E+00     0.0000E+00     0.3288E+03     0.1831E+03     0.3288E+03     0.1210E-01     0.8030E+00     0.5367E+00     0.1201E+02     0.1189E+05
   365    12    31  2018     776       1  t_2_776              0.1377E+00     0.1123E-01     0.1377E+00     0.1377E+00     0.1379E-01     0.1379E-01     0.0000E+00     0.0000E+00     0.0000E+00     0.8967E-01     0.0000E+00     0.0000E+00     0.8077E+01     0.6508E+00     0.4718E-03     0.3608E-02     0.0000E+00     0.0000E+00     0.4955E+02     0.4043E+01     0.4954E+02     0.3720E-03     0.1740E+01     0.3559E+01     0.6028E+00     0.1249E+02
   365    12    31  2018     777       1  t_1_777              0.2377E-01     0.9691E-02     0.2376E-01     0.2937E-01     0.2099E-04     0.2099E-04     0.0000E+00     0.0000E+00     0.0000E+00     0.2493E+01     0.0000E+00     0.0000E+00     0.5741E+01     0.2198E+01     0.2901E-02     0.3099E-01     0.0000E+00     0.0000E+00     0.2461E+03     0.1003E+03     0.2461E+03     0.2151E-01     0.4250E+00     0.4758E+00     0.1843E+01     0.1488E+03
   365    12    31  2018     778       1  t_2_778              0.6923E-01     0.1191E-01     0.6919E-01     0.6923E-01     0.8548E-04     0.8548E-04     0.0000E+00     0.0000E+00     0.0000E+00     0.0000E+00     0.0000E+00     0.0000E+00     0.6864E+01     0.1492E+01     0.1918E-03     0.0000E+00     0.0000E+00     0.0000E+00     0.8258E+02     0.1420E+02     0.8254E+02     0.9549E-07     0.7009E+00     0.1938E+01     0.1492E+01     0.3113E+02
   365    12    31  2018     779       1  m_3_779              0.5221E+00     0.1158E-01     0.5220E+00     0.5221E+00     0.5831E+02     0.3701E+02     0.0000E+00     0.0000E+00     0.3979E+02     0.0000E+00     0.1848E+02     0.0000E+00     0.1170E+02     0.7288E+00     0.1000E-04     0.0000E+00     0.2559E+00     0.0000E+00     0.1269E+03     0.2814E+01     0.1269E+03     0.8411E-02     0.7477E+01     0.9467E+01     0.7288E+00     0.3614E+01
   365    12    31  2018     780       1  t_1_780              0.5510E-01     0.4875E-02     0.5505E-01     0.5510E-01     0.2586E-01     0.2863E+00     0.0000E+00     0.0000E+00     0.0000E+00     0.0000E+00     0.2604E+00     0.0000E+00     0.6077E+01     0.1263E+01     0.1000E-04     0.0000E+00     0.7232E-03     0.0000E+00     0.2651E+03     0.2346E+02     0.2649E+03     0.3168E-03     0.1033E+01     0.1023E+01     0.1263E+01     0.4758E+01
   365    12    31  2018     781       1  m_2_781              0.2306E-01     0.7260E-02     0.2306E-01     0.2306E-01     0.2357E-04     0.2357E-04     0.0000E+00     0.0000E+00     0.0000E+00     0.0000E+00     0.0000E+00     0.0000E+00     0.8226E+01     0.5887E+00     0.3864E-03     0.0000E+00     0.0000E+00     0.0000E+00     0.8295E+01     0.2611E+01     0.8293E+01     0.1342E-01     0.3306E+00     0.5342E+00     0.5887E+00     0.1106E+02
   365    12    31  2018     782       1  t_1_782              0.2901E-01     0.1250E-01     0.2901E-01     0.3640E-01     0.1263E-01     0.1263E-01     0.0000E+00     0.0000E+00     0.0000E+00     0.2179E+02     0.0000E+00     0.0000E+00     0.5122E+01     0.1387E+02     0.8393E-02     0.6701E+00     0.0000E+00     0.0000E+00     0.3065E+03     0.1321E+03     0.3065E+03     0.5725E-05     0.5282E+00     0.3597E+00     0.6503E+01     0.3681E+04
   365    12    31  2018     783       1  m_2_783              0.2692E+00     0.2671E-02     0.2692E+00     0.2692E+00     0.1909E+00     0.2398E+02     0.0000E+00     0.0000E+00     0.1658E-03     0.0000E+00     0.2379E+02     0.0000E+00     0.9938E+01     0.6601E+00     0.1000E-04     0.0000E+00     0.1558E+00     0.0000E+00     0.8083E+02     0.8019E+00     0.8082E+02     0.1635E-01     0.4097E+01     0.6276E+01     0.6601E+00     0.2601E+01
   365    12    31  2018     784       1  m_2_784              0.2365E+00     0.2755E-02     0.2365E+00     0.2365E+00     0.1435E+02     0.3423E+02     0.0000E+00     0.0000E+00     0.0000E+00     0.0000E+00     0.1988E+02     0.0000E+00     0.7334E+01     0.1432E+01     0.1000E-04     0.0000E+00     0.6116E-01     0.0000E+00     0.3153E+03     0.3674E+01     0.3153E+03     0.1358E-01     0.2968E+01     0.3028E+01     0.1432E+01     0.7059E+01
   365    12    31  2018     785       1  t_1_785              0.6856E-01     0.5616E-01     0.6856E-01     0.9306E-01     0.1850E-04     0.1850E-04     0.0000E+00     0.0000E+00     0.0000E+00     0.2891E+03     0.0000E+00     0.0000E+00     0.5705E+01     0.5942E+02     0.4367E-02     0.3077E+01     0.0000E+00     0.0000E+00     0.8056E+03     0.6599E+03     0.8056E+03     0.1492E-01     0.1736E+01     0.4193E+00     0.2869E+02     0.8818E+05
   365    12    31  2018     786       1  t_1_786              0.1420E+00     0.2162E-01     0.1420E+00     0.1420E+00     0.2979E+00     0.2979E+00     0.0000E+00     0.0000E+00     0.0000E+00     0.0000E+00     0.0000E+00     0.0000E+00     0.7415E+01     0.1132E+01     0.2168E-03     0.0000E+00     0.0000E+00     0.0000E+00     0.3644E+03     0.5547E+02     0.3643E+03     0.3134E-03     0.2267E+01     0.1790E+01     0.1132E+01     0.2231E+02
   365    12    31  2018     787       1  t_1_787              0.2300E-01     0.1237E-01     0.2300E-01     0.3485E-01     0.1585E-04     0.1585E-04     0.0000E+00     0.0000E+00     0.0000E+00     0.2283E+02     0.0000E+00     0.0000E+00     0.5841E+01     0.6165E+01     0.3254E-02     0.2512E+00     0.0000E+00     0.0000E+00     0.3154E+03     0.1697E+03     0.3154E+03     0.4760E-04     0.4186E+00     0.3593E+00     0.3387E+01     0.5565E+03
   365    12    31  2018     788       1  t_1_788              0.3922E-01     0.4354E-02     0.3919E-01     0.3922E-01     0.2861E-01     0.2861E-01     0.0000E+00     0.0000E+00     0.0000E+00     0.0000E+00     0.0000E+00     0.0000E+00     0.6231E+01     0.1515E+01     0.1000E-04     0.0000E+00     0.0000E+00     0.0000E+00     0.2908E+03     0.3228E+02     0.2905E+03     0.2904E-03     0.6975E+00     0.5575E+00     0.1515E+01     0.6657E+01
   365    12    31  2018     789       1  t_1_789              0.4224E-01     0.9064E-02     0.4220E-01     0.4224E-01     0.4589E-01     0.4589E-01     0.0000E+00     0.0000E+00     0.0000E+00     0.0000E+00     0.0000E+00     0.0000E+00     0.6700E+01     0.1806E+01     0.1000E-04     0.0000E+00     0.0000E+00     0.0000E+00     0.2621E+03     0.5624E+02     0.2619E+03     0.5961E-03     0.7308E+00     0.7935E+00     0.1806E+01     0.9652E+01
   365    12    31  2018     790       1  t_1_790              0.1048E-01     0.3423E-02     0.1048E-01     0.2073E-01     0.1052E-04     0.1052E-04     0.0000E+00     0.0000E+00     0.0000E+00     0.0000E+00     0.0000E+00     0.0000E+00     0.5264E+01     0.1346E+01     0.5307E-03     0.0000E+00     0.0000E+00     0.0000E+00     0.2165E+03     0.7072E+02     0.2164E+03     0.3203E-04     0.1349E+00     0.2385E+00     0.1346E+01     0.3374E+02
   365    12    31  2018     791       1  t_1_791              0.5208E-03     0.5207E-03     0.5205E-03     0.2604E-02     0.8458E-05     0.1583E-04     0.0000E+00     0.0000E+00     0.9367E-06     0.0000E+00     0.8306E-05     0.0000E+00     0.5000E+00     0.1000E+00     0.1000E-04     0.0000E+00     0.6551E-05     0.0000E+00     0.1642E+07     0.1642E+07     0.1642E+07     0.1016E-06     0.3454E-01     0.8030E-06     0.1000E+00     0.5664E-02
   365    12    31  2018     792       1  m_6_792              0.5090E-01     0.1900E-02     0.5089E-01     0.5090E-01     0.7028E+01     0.7028E+01     0.0000E+00     0.0000E+00     0.0000E+00     0.0000E+00     0.0000E+00     0.0000E+00     0.5139E+02     0.3365E+01     0.1000E-04     0.0000E+00     0.0000E+00     0.0000E+00     0.2173E+00     0.8112E-02     0.2172E+00     0.3947E-01     0.1667E+01     0.1030E+01     0.3365E+01     0.2031E+03
   365    12    31  2018     793       1  m_3_793              0.1376E+00     0.2345E-03     0.1376E+00     0.1376E+00     0.3036E+02     0.3891E+02     0.0000E+00     0.0000E+00     0.6981E+00     0.0000E+00     0.9245E+01     0.0000E+00     0.9430E+01     0.6394E+00     0.1000E-04     0.0000E+00     0.1054E+00     0.0000E+00     0.5528E+00     0.9421E-03     0.5527E+00     0.7648E-01     0.2464E+01     0.3936E+01     0.6394E+00     0.2341E+01
   365    12    31  2018     794       1  t_1_794              0.9155E-03     0.1910E-03     0.9157E-03     0.9155E-03     0.1583E+00     0.1583E+00     0.0000E+00     0.0000E+00     0.0000E+00     0.0000E+00     0.0000E+00     0.0000E+00     0.3581E+02     0.2456E+01     0.1000E-04     0.0000E+00     0.0000E+00     0.0000E+00     0.3815E-02     0.7960E-03     0.3816E-02     0.6122E-02     0.1014E+00     0.2558E-01     0.2456E+01     0.8370E+02
   365    12    31  2018     795       1  t_1_795              0.8838E-01     0.1189E-02     0.8835E-01     0.8838E-01     0.1606E+02     0.1606E+02     0.0000E+00     0.0000E+00     0.0000E+00     0.0000E+00     0.0000E+00     0.0000E+00     0.3578E+02     0.2449E+01     0.1000E-04     0.0000E+00     0.0000E+00     0.0000E+00     0.3674E+00     0.4943E-02     0.3673E+00     0.1704E+00     0.1224E+01     0.2627E+01     0.2449E+01     0.8324E+02
   365    12    31  2018     796       1  t_1_796              0.4894E-01     0.6642E-03     0.4891E-01     0.4894E-01     0.9803E+01     0.1012E+02     0.0000E+00     0.0000E+00     0.0000E+00     0.0000E+00     0.3130E+00     0.0000E+00     0.5674E+01     0.1489E+01     0.1000E-04     0.0000E+00     0.5783E-03     0.0000E+00     0.1321E+03     0.1794E+01     0.1321E+03     0.1223E+00     0.5893E+00     0.1604E+01     0.1489E+01     0.5912E+01
   365    12    31  2018     797       1  m_6_797              0.5288E-02     0.1937E-03     0.5287E-02     0.5288E-02     0.7685E+00     0.1064E+01     0.0000E+00     0.0000E+00     0.0000E+00     0.0000E+00     0.2953E+00     0.0000E+00     0.2354E+01     0.2761E+00     0.1000E-04     0.0000E+00     0.1416E-01     0.0000E+00     0.2108E-01     0.7720E-03     0.2107E-01     0.3977E-02     0.1491E+00     0.1064E+00     0.2761E+00     0.1444E+00
   365    12    31  2018     798       1  t_6_798              0.5197E-02     0.1087E-02     0.5210E-02     0.5197E-02     0.8982E+00     0.8982E+00     0.0000E+00     0.0000E+00     0.0000E+00     0.0000E+00     0.0000E+00     0.0000E+00     0.5139E+02     0.3365E+01     0.1000E-04     0.0000E+00     0.0000E+00     0.0000E+00     0.2218E-01     0.4639E-02     0.2224E-01     0.4845E-01     0.6416E+00     0.1453E+00     0.3365E+01     0.2031E+03
   365    12    31  2018     799       1  t_1_799              0.5978E-01     0.2065E-03     0.5975E-01     0.5978E-01     0.1080E+02     0.2969E+02     0.0000E+00     0.0000E+00     0.8032E+00     0.0000E+00     0.1970E+02     0.0000E+00     0.6124E+01     0.4924E+00     0.1000E-04     0.0000E+00     0.1069E+00     0.0000E+00     0.1473E+03     0.5089E+00     0.1472E+03     0.1934E+00     0.9697E+00     0.1758E+01     0.4924E+00     0.9834E+00
   365    12    31  2018     800       1  m_6_800              0.1364E-02     0.2527E-03     0.1369E-02     0.1364E-02     0.2428E+00     0.2428E+00     0.0000E+00     0.0000E+00     0.0000E+00     0.0000E+00     0.0000E+00     0.0000E+00     0.5139E+02     0.3365E+01     0.1000E-04     0.0000E+00     0.0000E+00     0.0000E+00     0.5825E-02     0.1079E-02     0.5849E-02     0.9300E-02     0.1776E+00     0.3930E-01     0.3365E+01     0.2031E+03
   365    12    31  2018     801       1  t_1_801              0.2044E-02     0.9012E-03     0.2041E-02     0.2044E-02     0.2497E+00     0.8685E+00     0.0000E+00     0.0000E+00     0.0000E+00     0.0000E+00     0.6188E+00     0.0000E+00     0.1676E+01     0.2248E+00     0.1156E-04     0.0000E+00     0.2300E-01     0.0000E+00     0.4922E+01     0.2171E+01     0.4915E+01     0.5125E-02     0.6803E-01     0.4051E-01     0.2248E+00     0.7860E-01
   365    12    31  2018     802       1  t_6_802              0.8684E+00     0.3605E-04     0.8684E+00     0.8684E+00     0.3286E+03     0.3286E+03     0.0000E+00     0.0000E+00     0.0000E+00     0.1074E+03     0.0000E+00     0.0000E+00     0.6119E+02     0.1931E+02     0.2152E-01     0.9111E+00     0.0000E+00     0.0000E+00     0.3623E+01     0.1504E-03     0.3623E+01     0.1179E-01     0.1143E+02     0.1077E+02     0.9871E+01     0.7795E+05
   365    12    31  2018     803       1  m_3_803              0.2240E+01     0.5587E-03     0.2240E+01     0.2240E+01     0.8715E+03     0.8880E+03     0.0000E+00     0.0000E+00     0.0000E+00     0.0000E+00     0.1650E+02     0.0000E+00     0.4113E+02     0.2486E+01     0.1000E-04     0.0000E+00     0.5353E-01     0.0000E+00     0.9000E+01     0.2244E-02     0.9000E+01     0.4378E+00     0.1250E+03     0.2600E+02     0.2486E+01     0.9818E+02
   365    12    31  2018     804       1  t_1_804              0.8783E-02     0.1011E-03     0.8782E-02     0.8783E-02     0.6780E-01     0.6780E-01     0.0000E+00     0.0000E+00     0.0000E+00     0.0000E+00     0.0000E+00     0.0000E+00     0.3581E+02     0.2456E+01     0.1000E-04     0.0000E+00     0.0000E+00     0.0000E+00     0.3660E-01     0.4213E-03     0.3659E-01     0.4367E-03     0.2015E+00     0.2324E-01     0.2456E+01     0.8370E+02
   365    12    31  2018     805       1  t_1_805              0.4132E-01     0.7816E-03     0.4129E-01     0.4132E-01     0.8859E+01     0.8953E+01     0.0000E+00     0.0000E+00     0.0000E+00     0.0000E+00     0.9398E-01     0.0000E+00     0.6140E+01     0.1087E+01     0.1000E-04     0.0000E+00     0.2017E-03     0.0000E+00     0.1244E+03     0.2353E+01     0.1243E+03     0.1736E+00     0.4260E+00     0.1438E+01     0.1087E+01     0.3723E+01
   365    12    31  2018     806       1  m_3_806              0.2321E+01     0.1634E-02     0.2321E+01     0.2321E+01     0.3547E+03     0.3765E+03     0.0000E+00     0.0000E+00     0.0000E+00     0.0000E+00     0.2176E+02     0.0000E+00     0.4107E+02     0.2483E+01     0.1000E-04     0.0000E+00     0.5159E-01     0.0000E+00     0.9319E+01     0.6561E-02     0.9319E+01     0.3155E+00     0.8172E+02     0.2292E+02     0.2483E+01     0.9779E+02
   365    12    31  2018     807       1  m_6_807              0.3423E+01     0.7243E-03     0.3423E+01     0.3423E+01     0.5227E+03     0.5227E+03     0.0000E+00     0.0000E+00     0.0000E+00     0.0000E+00     0.0000E+00     0.0000E+00     0.5155E+02     0.3522E+01     0.1000E-04     0.0000E+00     0.0000E+00     0.0000E+00     0.1369E+02     0.2898E-02     0.1369E+02     0.6946E-01     0.7684E+02     0.3506E+02     0.3522E+01     0.2197E+03
   365    12    31  2018     808       1  m_6_808              0.3479E+01     0.3447E-03     0.3479E+01     0.3479E+01     0.5257E+03     0.5257E+03     0.0000E+00     0.0000E+00     0.0000E+00     0.0000E+00     0.0000E+00     0.0000E+00     0.5357E+02     0.3519E+01     0.1000E-04     0.0000E+00     0.0000E+00     0.0000E+00     0.1390E+02     0.1377E-02     0.1390E+02     0.2728E+00     0.7780E+02     0.3588E+02     0.3519E+01     0.2281E+03
   365    12    31  2018     809       1  t_1_809              0.3583E+01     0.3128E-03     0.3583E+01     0.3583E+01     0.5808E+03     0.5850E+03     0.0000E+00     0.0000E+00     0.0000E+00     0.0000E+00     0.4173E+01     0.0000E+00     0.6213E+02     0.2001E+01     0.1000E-04     0.0000E+00     0.4634E-01     0.0000E+00     0.1428E+02     0.1247E-02     0.1428E+02     0.8861E-01     0.8164E+02     0.3842E+02     0.2001E+01     0.1035E+03
   365    12    31  2018     810       1  t_1_810              0.8700E-01     0.1282E-02     0.8696E-01     0.8700E-01     0.1795E+02     0.1795E+02     0.0000E+00     0.0000E+00     0.0000E+00     0.0000E+00     0.0000E+00     0.0000E+00     0.6676E+01     0.1456E+01     0.1204E-02     0.0000E+00     0.0000E+00     0.0000E+00     0.1290E+03     0.1901E+01     0.1289E+03     0.2477E+00     0.9876E+00     0.2922E+01     0.1456E+01     0.7280E+02
   365    12    31  2018     811       1  t_3_811              0.7824E+00     0.2685E-03     0.7824E+00     0.7824E+00     0.5141E+02     0.1194E+03     0.0000E+00     0.0000E+00     0.1617E+02     0.0000E+00     0.8421E+02     0.0000E+00     0.1352E+02     0.7952E+00     0.1000E-04     0.0000E+00     0.6140E+00     0.0000E+00     0.1507E+03     0.5172E-01     0.1507E+03     0.3652E-01     0.7839E+01     0.8833E+01     0.7952E+00     0.4827E+01
   365    12    31  2018     812       1  t_1_812              0.1246E-01     0.1502E-02     0.1246E-01     0.1626E-01     0.2395E+01     0.2395E+01     0.0000E+00     0.0000E+00     0.0000E+00     0.0000E+00     0.0000E+00     0.0000E+00     0.5714E+01     0.1741E+01     0.1261E-03     0.0000E+00     0.0000E+00     0.0000E+00     0.1388E+03     0.1673E+02     0.1387E+03     0.1511E-01     0.1944E+00     0.3890E+00     0.1741E+01     0.2773E+02
   365    12    31  2018     813       1  m_6_813              0.7277E-03     0.3446E-03     0.7269E-03     0.7277E-03     0.8373E-01     0.8812E-01     0.0000E+00     0.0000E+00     0.0000E+00     0.0000E+00     0.4387E-02     0.0000E+00     0.1141E+01     0.1781E+00     0.1000E-04     0.0000E+00     0.5550E-03     0.0000E+00     0.3036E-02     0.1438E-02     0.3033E-02     0.6550E-03     0.2407E-01     0.1359E-01     0.1781E+00     0.3385E-01
   365    12    31  2018     814       1  m_6_814              0.9369E+00     0.2822E-03     0.9369E+00     0.9369E+00     0.3416E+03     0.3416E+03     0.0000E+00     0.0000E+00     0.0000E+00     0.0000E+00     0.0000E+00     0.0000E+00     0.5092E+02     0.3465E+01     0.1000E-04     0.0000E+00     0.0000E+00     0.0000E+00     0.3905E+01     0.1176E-02     0.3905E+01     0.1379E+00     0.1481E+02     0.1175E+02     0.3465E+01     0.2113E+03
   365    12    31  2018     815       1  t_1_815              0.1290E-01     0.3279E-02     0.1288E-01     0.1290E-01     0.2029E+01     0.2029E+01     0.0000E+00     0.0000E+00     0.0000E+00     0.0000E+00     0.0000E+00     0.0000E+00     0.3575E+02     0.2451E+01     0.1000E-04     0.0000E+00     0.0000E+00     0.0000E+00     0.5375E-01     0.1366E-01     0.5364E-01     0.8383E-01     0.4748E+00     0.3091E+00     0.2451E+01     0.8332E+02
   365    12    31  2018     816       1  m_6_816              0.9823E+00     0.7589E-03     0.9823E+00     0.9823E+00     0.3571E+03     0.3571E+03     0.0000E+00     0.0000E+00     0.0000E+00     0.0000E+00     0.0000E+00     0.0000E+00     0.5097E+02     0.3461E+01     0.1000E-04     0.0000E+00     0.0000E+00     0.0000E+00     0.4093E+01     0.3162E-02     0.4093E+01     0.6415E-01     0.1730E+02     0.1207E+02     0.3461E+01     0.2111E+03
   365    12    31  2018     817       1  m_3_817              0.2320E+01     0.1514E-02     0.2320E+01     0.2320E+01     0.1915E+03     0.1933E+03     0.0000E+00     0.0000E+00     0.0000E+00     0.0000E+00     0.1779E+01     0.0000E+00     0.4107E+02     0.2483E+01     0.1000E-04     0.0000E+00     0.4696E-01     0.0000E+00     0.9316E+01     0.6080E-02     0.9316E+01     0.1541E-01     0.6598E+02     0.2109E+02     0.2483E+01     0.9779E+02
   365    12    31  2018     818       1  m_6_818              0.3387E+01     0.3345E-03     0.3387E+01     0.3387E+01     0.4682E+03     0.4682E+03     0.0000E+00     0.0000E+00     0.0000E+00     0.0000E+00     0.0000E+00     0.0000E+00     0.5144E+02     0.3522E+01     0.1000E-04     0.0000E+00     0.0000E+00     0.0000E+00     0.1356E+02     0.1339E-02     0.1355E+02     0.9660E+00     0.7482E+02     0.3466E+02     0.3522E+01     0.2193E+03
   365    12    31  2018     819       1  t_6_819              0.3411E+01     0.1994E-03     0.3411E+01     0.3411E+01     0.4714E+03     0.4841E+03     0.0000E+00     0.0000E+00     0.0000E+00     0.0000E+00     0.1265E+02     0.0000E+00     0.5063E+02     0.1768E+01     0.1000E-04     0.0000E+00     0.2519E+00     0.0000E+00     0.1365E+02     0.7978E-03     0.1365E+02     0.2105E+00     0.7588E+02     0.3487E+02     0.1768E+01     0.6858E+02
   365    12    31  2018     820       1  m_6_820              0.4034E-02     0.1606E-02     0.4033E-02     0.4034E-02     0.5306E+00     0.6503E+00     0.0000E+00     0.0000E+00     0.0000E+00     0.0000E+00     0.1197E+00     0.0000E+00     0.2185E+01     0.2640E+00     0.1000E-04     0.0000E+00     0.1227E-01     0.0000E+00     0.1608E-01     0.6402E-02     0.1608E-01     0.1986E-02     0.1173E+00     0.8620E-01     0.2640E+00     0.1244E+00
   365    12    31  2018     821       1  m_6_821              0.1018E-01     0.9476E-03     0.1017E-01     0.1018E-01     0.2017E+01     0.2017E+01     0.0000E+00     0.0000E+00     0.0000E+00     0.0000E+00     0.0000E+00     0.0000E+00     0.5139E+02     0.3366E+01     0.1000E-04     0.0000E+00     0.0000E+00     0.0000E+00     0.4347E-01     0.4047E-02     0.4343E-01     0.4099E-01     0.1375E+00     0.3274E+00     0.3366E+01     0.2032E+03
   365    12    31  2018     822       1  m_3_822              0.3281E-02     0.1352E-02     0.3279E-02     0.3281E-02     0.4217E+00     0.6164E+00     0.0000E+00     0.0000E+00     0.0000E+00     0.0000E+00     0.1947E+00     0.0000E+00     0.2016E+01     0.2514E+00     0.1000E-04     0.0000E+00     0.8606E-02     0.0000E+00     0.4100E+00     0.1689E+00     0.4096E+00     0.4456E-02     0.9522E-01     0.6847E-01     0.2514E+00     0.1058E+00
   365    12    31  2018     823       1  m_3_823              0.2316E+01     0.1899E-02     0.2316E+01     0.2316E+01     0.3466E+03     0.3539E+03     0.0000E+00     0.0000E+00     0.0000E+00     0.0000E+00     0.7326E+01     0.0000E+00     0.4113E+02     0.2487E+01     0.1000E-04     0.0000E+00     0.5144E-01     0.0000E+00     0.9302E+01     0.7627E-02     0.9301E+01     0.1055E+00     0.8134E+02     0.2281E+02     0.2487E+01     0.9823E+02
   365    12    31  2018     824       1  m_3_824              0.2298E+01     0.1783E-02     0.2298E+01     0.2298E+01     0.6586E+03     0.6617E+03     0.0000E+00     0.0000E+00     0.0000E+00     0.0000E+00     0.3047E+01     0.0000E+00     0.4113E+02     0.2486E+01     0.1000E-04     0.0000E+00     0.5025E-01     0.0000E+00     0.9231E+01     0.7161E-02     0.9231E+01     0.8022E-01     0.1272E+03     0.2630E+02     0.2486E+01     0.9819E+02
   365    12    31  2018     825       1  t_3_825              0.7877E+00     0.3286E-03     0.7876E+00     0.7877E+00     0.1969E+03     0.2336E+03     0.0000E+00     0.0000E+00     0.0000E+00     0.9631E+00     0.3673E+02     0.0000E+00     0.1355E+02     0.9547E+00     0.3665E-03     0.8331E-02     0.3189E+00     0.0000E+00     0.1510E+03     0.6301E-01     0.1510E+03     0.3747E-01     0.8005E+01     0.8936E+01     0.8479E+00     0.3268E+02
   365    12    31  2018     826       1  t_1_826              0.5293E-01     0.2553E-02     0.5293E-01     0.5293E-01     0.9344E+01     0.9344E+01     0.0000E+00     0.0000E+00     0.0000E+00     0.0000E+00     0.0000E+00     0.0000E+00     0.5552E+01     0.1567E+01     0.1772E-02     0.0000E+00     0.0000E+00     0.0000E+00     0.1506E+03     0.7268E+01     0.1506E+03     0.1068E-02     0.9094E+00     0.1523E+01     0.1567E+01     0.8427E+02
   365    12    31  2018     827       1  t_1_827              0.5825E-02     0.3387E-02     0.5823E-02     0.1787E-01     0.5328E+00     0.5328E+00     0.0000E+00     0.0000E+00     0.0000E+00     0.0000E+00     0.0000E+00     0.0000E+00     0.5642E+01     0.1617E+01     0.1967E-03     0.0000E+00     0.0000E+00     0.0000E+00     0.2916E+03     0.1695E+03     0.2915E+03     0.1146E-01     0.2099E+00     0.8652E-01     0.1617E+01     0.3010E+02
   365    12    31  2018     828       1  t_3_828              0.7082E-01     0.2383E-03     0.7080E-01     0.7082E-01     0.5118E+00     0.5118E+00     0.0000E+00     0.0000E+00     0.0000E+00     0.0000E+00     0.0000E+00     0.0000E+00     0.1783E+02     0.9401E+00     0.1000E-04     0.0000E+00     0.0000E+00     0.0000E+00     0.8859E+01     0.2981E-01     0.8857E+01     0.2386E-02     0.2479E+01     0.9043E-01     0.9401E+00     0.8419E+01
   365    12    31  2018     829       1  m_6_829              0.9556E+00     0.3060E-03     0.9555E+00     0.9556E+00     0.3444E+03     0.3444E+03     0.0000E+00     0.0000E+00     0.0000E+00     0.0000E+00     0.0000E+00     0.0000E+00     0.5094E+02     0.3464E+01     0.1000E-04     0.0000E+00     0.0000E+00     0.0000E+00     0.3982E+01     0.1275E-02     0.3982E+01     0.3662E+00     0.1610E+02     0.1201E+02     0.3464E+01     0.2113E+03
   365    12    31  2018     830       1  t_6_830              0.1897E-02     0.7063E-03     0.1889E-02     0.1897E-02     0.2603E+00     0.2603E+00     0.0000E+00     0.0000E+00     0.0000E+00     0.0000E+00     0.0000E+00     0.0000E+00     0.5118E+02     0.2884E+01     0.8839E-03     0.0000E+00     0.0000E+00     0.0000E+00     0.7906E-02     0.2943E-02     0.7870E-02     0.1378E+00     0.4686E-01     0.4203E-01     0.2884E+01     0.1472E+04
   365    12    31  2018     831       1  t_1_831              0.5549E-02     0.1067E-02     0.5549E-02     0.1376E-01     0.8570E+00     0.8570E+00     0.0000E+00     0.0000E+00     0.0000E+00     0.0000E+00     0.0000E+00     0.0000E+00     0.5364E+01     0.1285E+01     0.1000E-04     0.0000E+00     0.0000E+00     0.0000E+00     0.1722E+03     0.3312E+02     0.1722E+03     0.9249E-03     0.1185E+00     0.1396E+00     0.1285E+01     0.4352E+01
   365    12    31  2018     832       1  m_6_832              0.1356E-02     0.8926E-03     0.1347E-02     0.1356E-02     0.1012E+00     0.1012E+00     0.0000E+00     0.0000E+00     0.0000E+00     0.0000E+00     0.0000E+00     0.0000E+00     0.5155E+02     0.3522E+01     0.1000E-04     0.0000E+00     0.0000E+00     0.0000E+00     0.5425E-02     0.3572E-02     0.5391E-02     0.5367E-01     0.5051E-01     0.1630E-01     0.3522E+01     0.2198E+03
   365    12    31  2018     833       1  m_6_833              0.3506E+01     0.1961E-02     0.3506E+01     0.3506E+01     0.5557E+03     0.5557E+03     0.0000E+00     0.0000E+00     0.0000E+00     0.0000E+00     0.0000E+00     0.0000E+00     0.5355E+02     0.3518E+01     0.1000E-04     0.0000E+00     0.0000E+00     0.0000E+00     0.1399E+02     0.7825E-02     0.1399E+02     0.1589E+00     0.7984E+02     0.3657E+02     0.3518E+01     0.2279E+03
   365    12    31  2018     834       1  m_1_834              0.4683E-01     0.2379E-02     0.4683E-01     0.4683E-01     0.8711E+01     0.8869E+01     0.0000E+00     0.0000E+00     0.0000E+00     0.0000E+00     0.1577E+00     0.0000E+00     0.6582E+01     0.9482E+00     0.1000E-04     0.0000E+00     0.1604E-02     0.0000E+00     0.1445E+03     0.7342E+01     0.1445E+03     0.3458E-01     0.7035E+00     0.1419E+01     0.9482E+00     0.3163E+01
   365    12    31  2018     835       1  t_1_835              0.4114E-02     0.2860E-02     0.4111E-02     0.4950E-02     0.2740E+00     0.2740E+00     0.0000E+00     0.0000E+00     0.0000E+00     0.0000E+00     0.0000E+00     0.0000E+00     0.5805E+01     0.1729E+01     0.1000E-04     0.0000E+00     0.0000E+00     0.0000E+00     0.4111E+02     0.2858E+02     0.4109E+02     0.4308E-02     0.1624E+00     0.4448E-01     0.1729E+01     0.7827E+01
   365    12    31  2018     836       1  t_6_836              0.2561E-02     0.2481E-02     0.2559E-02     0.2561E-02     0.1751E-01     0.2058E+00     0.0000E+00     0.0000E+00     0.1448E-02     0.0000E+00     0.1897E+00     0.0000E+00     0.6577E+00     0.1276E+00     0.1000E-04     0.0000E+00     0.5789E-01     0.0000E+00     0.1068E-01     0.1035E-01     0.1068E-01     0.1950E-03     0.1325E+00     0.2838E-02     0.1276E+00     0.1118E-01
   365    12    31  2018     837       1  m_3_837              0.1227E+00     0.6897E-02     0.1227E+00     0.1227E+00     0.2522E+02     0.2791E+02     0.0000E+00     0.0000E+00     0.5465E+00     0.0000E+00     0.3238E+01     0.0000E+00     0.9184E+01     0.6293E+00     0.1000E-04     0.0000E+00     0.3019E+00     0.0000E+00     0.1340E+02     0.7527E+00     0.1340E+02     0.3369E-01     0.1944E+01     0.3567E+01     0.6293E+00     0.2220E+01
   365    12    31  2018     838       1  t_1_838              0.8187E-02     0.1443E-02     0.8186E-02     0.3520E-01     0.1366E+00     0.1366E+00     0.0000E+00     0.0000E+00     0.0000E+00     0.0000E+00     0.0000E+00     0.0000E+00     0.5590E+01     0.1164E+01     0.1000E-04     0.0000E+00     0.0000E+00     0.0000E+00     0.1585E+04     0.2794E+03     0.1585E+04     0.1268E-02     0.2778E+00     0.2237E-01     0.1164E+01     0.3819E+01
   365    12    31  2018     839       1  m_6_839              0.9815E+00     0.2490E-02     0.9815E+00     0.9815E+00     0.3567E+03     0.3567E+03     0.0000E+00     0.0000E+00     0.0000E+00     0.0000E+00     0.0000E+00     0.0000E+00     0.5097E+02     0.3461E+01     0.1000E-04     0.0000E+00     0.0000E+00     0.0000E+00     0.4090E+01     0.1038E-01     0.4090E+01     0.2984E+00     0.1721E+02     0.1206E+02     0.3461E+01     0.2111E+03
   365    12    31  2018     840       1  m_6_840              0.1077E+01     0.7819E-03     0.1077E+01     0.1077E+01     0.3664E+03     0.3664E+03     0.0000E+00     0.0000E+00     0.0000E+00     0.0000E+00     0.0000E+00     0.0000E+00     0.5096E+02     0.3463E+01     0.1000E-04     0.0000E+00     0.0000E+00     0.0000E+00     0.4476E+01     0.3249E-02     0.4475E+01     0.1099E+01     0.1893E+02     0.1451E+02     0.3463E+01     0.2113E+03
   365    12    31  2018     841       1  m_6_841              0.3413E+01     0.4654E-03     0.3413E+01     0.3413E+01     0.4847E+03     0.4847E+03     0.0000E+00     0.0000E+00     0.0000E+00     0.0000E+00     0.0000E+00     0.0000E+00     0.5155E+02     0.3522E+01     0.1000E-04     0.0000E+00     0.0000E+00     0.0000E+00     0.1366E+02     0.1862E-02     0.1366E+02     0.1912E+00     0.7615E+02     0.3490E+02     0.3522E+01     0.2198E+03
   365    12    31  2018     842       1  m_6_842              0.3819E-02     0.3711E-02     0.3809E-02     0.3819E-02     0.2360E-01     0.2360E-01     0.0000E+00     0.0000E+00     0.0000E+00     0.0000E+00     0.0000E+00     0.0000E+00     0.5357E+02     0.3519E+01     0.1000E-04     0.0000E+00     0.0000E+00     0.0000E+00     0.1526E-01     0.1482E-01     0.1521E-01     0.2593E-01     0.1884E+00     0.3759E-02     0.3519E+01     0.2265E+03
   365    12    31  2018     843       1  t_6_843              0.3554E+01     0.1657E-02     0.3554E+01     0.3554E+01     0.5649E+03     0.5649E+03     0.0000E+00     0.0000E+00     0.0000E+00     0.4848E+03     0.0000E+00     0.0000E+00     0.6213E+02     0.8402E+02     0.1441E-01     0.4314E+01     0.0000E+00     0.0000E+00     0.1417E+02     0.6606E-02     0.1417E+02     0.1196E-01     0.8068E+02     0.3799E+02     0.4494E+02     0.9877E+06
   365    12    31  2018     844       1  t_1_844              0.1459E-01     0.1164E-02     0.1459E-01     0.1787E-01     0.2567E+01     0.1142E+02     0.0000E+00     0.0000E+00     0.2937E-01     0.0000E+00     0.8884E+01     0.0000E+00     0.3710E+01     0.3636E+00     0.1000E-04     0.0000E+00     0.1442E+00     0.0000E+00     0.1493E+03     0.1191E+02     0.1493E+03     0.3312E-01     0.2595E+00     0.4232E+00     0.3636E+00     0.3595E+00
   365    12    31  2018     845       1  t_1_845              0.5729E-02     0.1330E-02     0.5726E-02     0.5729E-02     0.9614E+00     0.9614E+00     0.0000E+00     0.0000E+00     0.0000E+00     0.0000E+00     0.0000E+00     0.0000E+00     0.6484E+01     0.1627E+01     0.3386E-04     0.0000E+00     0.0000E+00     0.0000E+00     0.1479E+02     0.3435E+01     0.1478E+02     0.1687E-01     0.1067E+00     0.1561E+00     0.1627E+01     0.1437E+02
   365    12    31  2018     846       1  t_1_846              0.9774E-02     0.4737E-02     0.9764E-02     0.1112E-01     0.4636E+00     0.4636E+00     0.0000E+00     0.0000E+00     0.0000E+00     0.0000E+00     0.0000E+00     0.0000E+00     0.6066E+01     0.1397E+01     0.1000E-04     0.0000E+00     0.0000E+00     0.0000E+00     0.9080E+02     0.4400E+02     0.9070E+02     0.8557E-02     0.4012E+00     0.7724E-01     0.1397E+01     0.5642E+01
   365    12    31  2018     847       1  t_1_847              0.1828E-01     0.4702E-02     0.1827E-01     0.1828E-01     0.3233E+01     0.6479E+01     0.0000E+00     0.0000E+00     0.0000E+00     0.0000E+00     0.3246E+01     0.0000E+00     0.3883E+01     0.3738E+00     0.1000E-04     0.0000E+00     0.3170E-01     0.0000E+00     0.3008E+02     0.7737E+01     0.3006E+02     0.4002E-01     0.4041E+00     0.4404E+00     0.3738E+00     0.3941E+00
   365    12    31  2018     848       1  m_6_848              0.9307E+00     0.3347E-02     0.9306E+00     0.9307E+00     0.3405E+03     0.3405E+03     0.0000E+00     0.0000E+00     0.0000E+00     0.0000E+00     0.0000E+00     0.0000E+00     0.5092E+02     0.3466E+01     0.1000E-04     0.0000E+00     0.0000E+00     0.0000E+00     0.3880E+01     0.1395E-01     0.3879E+01     0.4099E+00     0.1448E+02     0.1166E+02     0.3466E+01     0.2114E+03
   365    12    31  2018     849       1  t_6_849              0.5516E-03     0.5516E-03     0.5532E-03     0.5516E-03     0.8458E-05     0.8456E-05     0.0000E+00     0.0000E+00     0.0000E+00     0.0000E+00     0.0000E+00     0.0000E+00     0.6263E+02     0.2011E+01     0.7734E-02     0.0000E+00     0.0000E+00     0.0000E+00     0.2299E-02     0.2298E-02     0.2305E-02     0.1149E-01     0.2658E-01     0.5932E-06     0.2011E+01     0.2903E+04
   365    12    31  2018     850       1  m_3_850              0.2304E+01     0.3443E-02     0.2304E+01     0.2304E+01     0.6622E+03     0.7023E+03     0.0000E+00     0.0000E+00     0.0000E+00     0.0000E+00     0.4015E+02     0.0000E+00     0.4113E+02     0.2487E+01     0.1000E-04     0.0000E+00     0.1829E+00     0.0000E+00     0.9252E+01     0.1383E-01     0.9252E+01     0.2672E+00     0.1275E+03     0.2637E+02     0.2487E+01     0.9823E+02
   365    12    31  2018     851       1  t_6_851              0.1036E-02     0.1651E-03     0.1028E-02     0.1036E-02     0.1903E+00     0.1903E+00     0.0000E+00     0.0000E+00     0.0000E+00     0.0000E+00     0.0000E+00     0.0000E+00     0.5145E+02     0.3522E+01     0.1000E-04     0.0000E+00     0.0000E+00     0.0000E+00     0.4145E-02     0.6606E-03     0.4114E-02     0.8170E-01     0.1357E-01     0.3069E-01     0.3522E+01     0.2194E+03
   365    12    31  2018     852       1  m_6_852              0.3942E-02     0.3476E-02     0.3915E-02     0.3942E-02     0.1020E+00     0.1020E+00     0.0000E+00     0.0000E+00     0.0000E+00     0.0000E+00     0.0000E+00     0.0000E+00     0.5155E+02     0.3522E+01     0.1000E-04     0.0000E+00     0.0000E+00     0.0000E+00     0.1577E-01     0.1391E-01     0.1566E-01     0.7013E-01     0.1648E+00     0.1639E-01     0.3522E+01     0.2198E+03
   365    12    31  2018     853       1  t_1_853              0.5026E-01     0.7499E-02     0.5026E-01     0.5026E-01     0.9346E+01     0.9346E+01     0.0000E+00     0.0000E+00     0.0000E+00     0.1906E+00     0.0000E+00     0.0000E+00     0.5545E+01     0.1743E+01     0.1981E-02     0.9396E-02     0.0000E+00     0.0000E+00     0.1434E+03     0.2140E+02     0.1434E+03     0.2072E-01     0.7630E+00     0.1519E+01     0.1622E+01     0.9460E+02
   365    12    31  2018     854       1  m_6_854              0.4704E-02     0.7139E-03     0.4702E-02     0.4704E-02     0.4419E+00     0.1113E+01     0.0000E+00     0.0000E+00     0.8647E-03     0.0000E+00     0.6724E+00     0.0000E+00     0.1689E+01     0.2258E+00     0.1000E-04     0.0000E+00     0.5927E-01     0.0000E+00     0.1962E-01     0.2978E-02     0.1962E-01     0.2102E-02     0.1959E+00     0.4138E-01     0.2258E+00     0.7420E-01
   365    12    31  2018     855       1  t_3_855              0.7837E+00     0.3963E-03     0.7837E+00     0.7837E+00     0.1197E+03     0.1964E+03     0.0000E+00     0.0000E+00     0.2660E+02     0.0000E+00     0.1033E+03     0.0000E+00     0.1351E+02     0.7950E+00     0.1000E-04     0.0000E+00     0.6646E+00     0.0000E+00     0.1507E+03     0.7622E-01     0.1507E+03     0.6302E-01     0.7888E+01     0.8865E+01     0.7950E+00     0.4824E+01
   365    12    31  2018     856       1  m_6_856              0.8538E+00     0.3244E-03     0.8537E+00     0.8538E+00     0.3161E+03     0.3161E+03     0.0000E+00     0.0000E+00     0.0000E+00     0.0000E+00     0.0000E+00     0.0000E+00     0.5096E+02     0.3471E+01     0.1000E-04     0.0000E+00     0.0000E+00     0.0000E+00     0.3564E+01     0.1354E-02     0.3563E+01     0.7841E+00     0.1112E+02     0.1034E+02     0.3471E+01     0.2121E+03
   365    12    31  2018     857       1  m_6_857              0.4512E-01     0.1037E-02     0.4506E-01     0.4512E-01     0.5995E+01     0.5995E+01     0.0000E+00     0.0000E+00     0.0000E+00     0.0000E+00     0.0000E+00     0.0000E+00     0.5139E+02     0.3365E+01     0.1000E-04     0.0000E+00     0.0000E+00     0.0000E+00     0.1926E+00     0.4428E-02     0.1924E+00     0.2482E+00     0.1204E+01     0.9467E+00     0.3365E+01     0.2031E+03
   365    12    31  2018     858       1  m_6_858              0.3500E+01     0.1365E-02     0.3499E+01     0.3500E+01     0.5526E+03     0.5526E+03     0.0000E+00     0.0000E+00     0.0000E+00     0.0000E+00     0.0000E+00     0.0000E+00     0.5348E+02     0.3519E+01     0.1000E-04     0.0000E+00     0.0000E+00     0.0000E+00     0.1397E+02     0.5448E-02     0.1397E+02     0.1122E+01     0.7953E+02     0.3641E+02     0.3519E+01     0.2277E+03
   365    12    31  2018     859       1  m_5_859              0.2190E+02     0.2442E-03     0.2190E+02     0.2190E+02     0.6632E+04     0.1501E+05     0.0000E+00     0.0000E+00     0.2851E+03     0.0000E+00     0.8667E+04     0.0000E+00     0.4406E+02     0.2829E+01     0.1000E-04     0.0000E+00     0.1949E+01     0.0000E+00     0.1773E+03     0.1977E-02     0.1773E+03     0.7292E+01     0.2555E+03     0.8537E+02     0.2829E+01     0.1304E+03
   365    12    31  2018     860       1  m_3_860              0.2010E+01     0.9155E-03     0.2010E+01     0.2010E+01     0.1728E+04     0.1600E+04     0.0000E+00     0.0000E+00     0.1347E+03     0.0000E+00     0.7131E+01     0.0000E+00     0.1497E+02     0.1728E+01     0.1000E-04     0.0000E+00     0.4373E+00     0.0000E+00     0.2521E+03     0.1148E+00     0.2521E+03     0.1711E-01     0.1190E+03     0.2190E+02     0.1728E+01     0.1951E+02
   365    12    31  2018     861       1  m_3_861              0.3848E-02     0.3298E-02     0.3843E-02     0.3848E-02     0.1203E+00     0.1332E+01     0.0000E+00     0.0000E+00     0.3553E-02     0.0000E+00     0.1215E+01     0.0000E+00     0.1296E+01     0.1924E+00     0.1000E-04     0.0000E+00     0.6195E-01     0.0000E+00     0.1546E-01     0.1325E-01     0.1544E-01     0.4309E-02     0.1544E+00     0.1951E-01     0.1924E+00     0.4369E-01
   365    12    31  2018     862       1  t_1_862              0.5436E-01     0.1605E-02     0.5436E-01     0.5436E-01     0.8891E+01     0.8891E+01     0.0000E+00     0.0000E+00     0.0000E+00     0.0000E+00     0.0000E+00     0.0000E+00     0.3584E+02     0.2454E+01     0.1000E-04     0.0000E+00     0.0000E+00     0.0000E+00     0.2262E+00     0.6677E-02     0.2262E+00     0.1456E-01     0.8299E+00     0.1462E+01     0.2454E+01     0.8368E+02
   365    12    31  2018     863       1  t_3_863              0.2242E+01     0.3171E-03     0.2242E+01     0.2242E+01     0.8917E+03     0.8917E+03     0.0000E+00     0.0000E+00     0.0000E+00     0.7259E+03     0.0000E+00     0.0000E+00     0.1882E+02     0.1439E+04     0.1833E-01     0.7561E+02     0.0000E+00     0.0000E+00     0.9007E+01     0.1274E-02     0.9007E+01     0.1563E-01     0.1252E+03     0.2602E+02     0.7120E+03     0.7675E+09
   365    12    31  2018     864       1  m_6_864              0.4782E-01     0.1060E-02     0.4782E-01     0.4782E-01     0.6764E+01     0.6764E+01     0.0000E+00     0.0000E+00     0.0000E+00     0.0000E+00     0.0000E+00     0.0000E+00     0.5139E+02     0.3365E+01     0.1000E-04     0.0000E+00     0.0000E+00     0.0000E+00     0.2041E+00     0.4524E-02     0.2041E+00     0.1412E-01     0.1332E+01     0.1007E+01     0.3365E+01     0.2031E+03
   365    12    31  2018     865       1  m_6_865              0.9545E+00     0.6304E-03     0.9544E+00     0.9545E+00     0.3432E+03     0.3432E+03     0.0000E+00     0.0000E+00     0.0000E+00     0.0000E+00     0.0000E+00     0.0000E+00     0.5092E+02     0.3464E+01     0.1000E-04     0.0000E+00     0.0000E+00     0.0000E+00     0.3978E+01     0.2627E-02     0.3977E+01     0.7319E+00     0.1582E+02     0.1197E+02     0.3464E+01     0.2112E+03
   365    12    31  2018     866       1  m_3_866              0.2444E-02     0.6820E-03     0.2438E-02     0.2444E-02     0.3852E+00     0.3852E+00     0.0000E+00     0.0000E+00     0.0000E+00     0.0000E+00     0.0000E+00     0.0000E+00     0.1505E+02     0.1730E+01     0.1000E-04     0.0000E+00     0.0000E+00     0.0000E+00     0.3060E+00     0.8538E-01     0.3052E+00     0.2222E-01     0.4455E-01     0.6243E-01     0.1730E+01     0.1964E+02
   365    12    31  2018     867       1  t_6_867              0.1107E-01     0.9468E-04     0.1107E-01     0.1107E-01     0.8651E-01     0.8651E-01     0.0000E+00     0.0000E+00     0.0000E+00     0.0000E+00     0.0000E+00     0.0000E+00     0.5092E+02     0.3463E+01     0.1000E-04     0.0000E+00     0.0000E+00     0.0000E+00     0.4613E-01     0.3946E-03     0.4612E-01     0.3159E-03     0.3214E+00     0.1538E-01     0.3463E+01     0.2111E+03
   365    12    31  2018     868       1  t_1_868              0.4150E-01     0.1762E-03     0.4150E-01     0.4150E-01     0.8764E+01     0.8766E+01     0.0000E+00     0.0000E+00     0.0000E+00     0.0000E+00     0.1947E-02     0.0000E+00     0.6146E+01     0.1088E+01     0.1000E-04     0.0000E+00     0.1307E-03     0.0000E+00     0.1248E+03     0.5299E+00     0.1248E+03     0.4550E-02     0.4342E+00     0.1440E+01     0.1088E+01     0.3732E+01
   365    12    31  2018     869       1  m_3_869              0.2239E+01     0.2204E-02     0.2239E+01     0.2239E+01     0.8691E+03     0.8713E+03     0.0000E+00     0.0000E+00     0.0000E+00     0.0000E+00     0.2142E+01     0.0000E+00     0.4113E+02     0.2486E+01     0.1000E-04     0.0000E+00     0.4978E-01     0.0000E+00     0.8995E+01     0.8853E-02     0.8995E+01     0.6084E-01     0.1248E+03     0.2598E+02     0.2486E+01     0.9818E+02
   365    12    31  2018     870       1  t_3_870              0.2013E+01     0.2647E-02     0.2013E+01     0.2013E+01     0.1600E+04     0.8290E+03     0.0000E+00     0.0000E+00     0.8034E+03     0.0000E+00     0.3207E+02     0.0000E+00     0.1803E+02     0.9466E+00     0.1000E-04     0.0000E+00     0.4515E+00     0.0000E+00     0.2523E+03     0.3318E+00     0.2523E+03     0.1128E+00     0.1191E+03     0.2192E+02     0.9466E+00     0.8613E+01
   365    12    31  2018     871       1  t_1_871              0.7090E-01     0.5882E-03     0.7088E-01     0.7090E-01     0.1537E+02     0.1537E+02     0.0000E+00     0.0000E+00     0.0000E+00     0.0000E+00     0.0000E+00     0.0000E+00     0.6278E+01     0.2385E+01     0.1059E-03     0.0000E+00     0.0000E+00     0.0000E+00     0.1231E+03     0.1021E+01     0.1230E+03     0.1240E+00     0.7023E+00     0.2497E+01     0.2385E+01     0.4822E+02
   365    12    31  2018     872       1  m_1_872              0.1571E-01     0.3420E-02     0.1571E-01     0.1881E-01     0.2686E+01     0.2686E+01     0.0000E+00     0.0000E+00     0.0000E+00     0.0000E+00     0.0000E+00     0.0000E+00     0.5263E+01     0.7553E+00     0.5514E-02     0.0000E+00     0.0000E+00     0.0000E+00     0.1560E+03     0.3396E+02     0.1560E+03     0.6324E-02     0.2704E+00     0.4365E+00     0.7553E+00     0.4065E+02
   365    12    31  2018     873       1  m_3_873              0.1857E+01     0.2251E-03     0.1857E+01     0.1857E+01     0.1930E+04     0.1680E+04     0.0000E+00     0.0000E+00     0.2937E+03     0.0000E+00     0.4424E+02     0.0000E+00     0.1534E+02     0.1651E+01     0.1000E-04     0.0000E+00     0.4144E+00     0.0000E+00     0.2582E+03     0.3130E-01     0.2582E+03     0.1256E+00     0.1162E+03     0.1852E+02     0.1651E+01     0.1853E+02
   365    12    31  2018     874       1  t_2_874              0.2781E-01     0.2781E-01     0.2775E-01     0.2781E-01     0.8458E-05     0.4384E-02     0.0000E+00     0.0000E+00     0.0000E+00     0.0000E+00     0.4375E-02     0.0000E+00     0.8276E+01     0.5909E+00     0.1000E-04     0.0000E+00     0.4327E-03     0.0000E+00     0.3640E+02     0.3640E+02     0.3632E+02     0.3875E-03     0.1164E+01     0.1784E-06     0.5909E+00     0.1787E+01
   365    12    31  2018     875       1  m_3_875              0.2297E+01     0.1305E-02     0.2297E+01     0.2297E+01     0.1885E+03     0.1887E+03     0.0000E+00     0.0000E+00     0.0000E+00     0.0000E+00     0.2496E+00     0.0000E+00     0.4107E+02     0.2483E+01     0.1000E-04     0.0000E+00     0.4917E-01     0.0000E+00     0.9223E+01     0.5240E-02     0.9223E+01     0.2076E-02     0.6530E+02     0.2108E+02     0.2483E+01     0.9779E+02
   365    12    31  2018     876       1  m_3_876              0.2242E+01     0.1165E-02     0.2242E+01     0.2242E+01     0.8884E+03     0.8916E+03     0.0000E+00     0.0000E+00     0.0000E+00     0.0000E+00     0.3174E+01     0.0000E+00     0.4114E+02     0.2486E+01     0.1000E-04     0.0000E+00     0.1688E+00     0.0000E+00     0.9006E+01     0.4681E-02     0.9006E+01     0.1056E+00     0.1251E+03     0.2602E+02     0.2486E+01     0.9820E+02
   365    12    31  2018     877       1  t_1_877              0.1705E-01     0.5947E-03     0.1705E-01     0.1705E-01     0.3597E+01     0.3597E+01     0.0000E+00     0.0000E+00     0.0000E+00     0.0000E+00     0.0000E+00     0.0000E+00     0.5816E+01     0.1098E+01     0.1628E-02     0.0000E+00     0.0000E+00     0.0000E+00     0.1265E+03     0.4410E+01     0.1264E+03     0.1569E-01     0.1820E+00     0.5844E+00     0.1098E+01     0.4586E+02
   365    12    31  2018     878       1  t_3_878              0.2519E-02     0.1606E-02     0.2507E-02     0.2519E-02     0.1994E+00     0.1994E+00     0.0000E+00     0.0000E+00     0.0000E+00     0.0000E+00     0.0000E+00     0.0000E+00     0.1353E+02     0.7955E+00     0.1000E-04     0.0000E+00     0.0000E+00     0.0000E+00     0.4844E+00     0.3089E+00     0.4821E+00     0.1122E-01     0.7287E-01     0.3230E-01     0.7955E+00     0.4835E+01
   365    12    31  2018     879       1  t_1_879              0.1360E-01     0.4566E-02     0.1359E-01     0.3784E-01     0.6654E+00     0.6654E+00     0.0000E+00     0.0000E+00     0.0000E+00     0.0000E+00     0.0000E+00     0.0000E+00     0.5228E+01     0.1191E+01     0.1000E-04     0.0000E+00     0.0000E+00     0.0000E+00     0.5383E+03     0.1808E+03     0.5381E+03     0.2545E-02     0.4242E+00     0.1094E+00     0.1191E+01     0.3724E+01
   365    12    31  2018     880       1  t_2_880              0.1342E+00     0.3624E-02     0.1342E+00     0.1342E+00     0.2482E+02     0.2969E+02     0.0000E+00     0.0000E+00     0.0000E+00     0.0000E+00     0.4861E+01     0.0000E+00     0.6634E+01     0.2221E+01     0.1000E-04     0.0000E+00     0.2822E-01     0.0000E+00     0.1756E+03     0.4743E+01     0.1756E+03     0.2915E-01     0.2107E+01     0.3311E+01     0.2221E+01     0.1372E+02
   365    12    31  2018     881       1  t_2_881              0.1519E+00     0.1565E-01     0.1519E+00     0.1519E+00     0.3014E+02     0.4763E+02     0.0000E+00     0.0000E+00     0.0000E+00     0.0000E+00     0.1749E+02     0.0000E+00     0.6653E+01     0.2202E+01     0.1000E-04     0.0000E+00     0.3787E-01     0.0000E+00     0.1945E+03     0.2004E+02     0.1945E+03     0.8298E-01     0.2777E+01     0.3383E+01     0.2202E+01     0.1355E+02
   365    12    31  2018     882       1  t_1_882              0.4409E-02     0.5501E-03     0.4409E-02     0.1104E-01     0.8434E+00     0.8434E+00     0.0000E+00     0.0000E+00     0.0000E+00     0.0000E+00     0.0000E+00     0.0000E+00     0.5376E+01     0.1288E+01     0.1000E-04     0.0000E+00     0.0000E+00     0.0000E+00     0.1394E+03     0.1740E+02     0.1394E+03     0.1992E-02     0.5960E-01     0.1371E+00     0.1288E+01     0.4379E+01
   365    12    31  2018     883       1  t_1_883              0.3280E-01     0.3103E-02     0.3278E-01     0.3280E-01     0.6491E+01     0.6491E+01     0.0000E+00     0.0000E+00     0.0000E+00     0.0000E+00     0.0000E+00     0.0000E+00     0.5656E+01     0.1402E+01     0.1000E-04     0.0000E+00     0.0000E+00     0.0000E+00     0.1348E+03     0.1275E+02     0.1347E+03     0.8348E-01     0.4058E+00     0.1054E+01     0.1402E+01     0.5311E+01
   365    12    31  2018     884       1  m_6_884              0.9072E+00     0.4348E-02     0.9070E+00     0.9072E+00     0.3320E+03     0.3320E+03     0.0000E+00     0.0000E+00     0.0000E+00     0.0000E+00     0.0000E+00     0.0000E+00     0.5092E+02     0.3470E+01     0.1000E-04     0.0000E+00     0.0000E+00     0.0000E+00     0.3784E+01     0.1813E-01     0.3783E+01     0.1160E+01     0.1360E+02     0.1114E+02     0.3470E+01     0.2118E+03
   365    12    31  2018     885       1  t_6_885              0.3559E+01     0.3316E-02     0.3559E+01     0.3559E+01     0.5653E+03     0.5780E+03     0.0000E+00     0.0000E+00     0.0000E+00     0.0000E+00     0.1268E+02     0.0000E+00     0.6213E+02     0.2001E+01     0.1000E-04     0.0000E+00     0.4986E-01     0.0000E+00     0.1419E+02     0.1322E-01     0.1419E+02     0.2490E+00     0.8106E+02     0.3804E+02     0.2001E+01     0.1035E+03
   365    12    31  2018     886       1  t_3_886              0.7056E-01     0.6736E-01     0.7055E-01     0.7056E-01     0.5183E+00     0.5183E+00     0.0000E+00     0.0000E+00     0.0000E+00     0.0000E+00     0.0000E+00     0.0000E+00     0.1783E+02     0.9401E+00     0.3133E-02     0.0000E+00     0.0000E+00     0.0000E+00     0.8827E+01     0.8427E+01     0.8825E+01     0.9100E-02     0.2466E+01     0.8934E-01     0.9401E+00     0.1490E+03
   365    12    31  2018     887       1  t_3_887              0.2252E+01     0.9558E-03     0.2252E+01     0.2252E+01     0.6764E+03     0.6549E+03     0.0000E+00     0.0000E+00     0.3550E+02     0.0000E+00     0.1394E+02     0.0000E+00     0.1883E+02     0.9717E+00     0.1000E-04     0.0000E+00     0.1587E+01     0.0000E+00     0.9047E+01     0.3840E-02     0.9047E+01     0.4895E-01     0.1255E+03     0.2605E+02     0.9717E+00     0.9394E+01
   365    12    31  2018     888       1  m_3_888              0.2301E+01     0.4055E-02     0.2301E+01     0.2301E+01     0.1888E+03     0.1913E+03     0.0000E+00     0.0000E+00     0.0000E+00     0.0000E+00     0.2511E+01     0.0000E+00     0.4107E+02     0.2483E+01     0.1000E-04     0.0000E+00     0.4946E-01     0.0000E+00     0.9240E+01     0.1628E-01     0.9240E+01     0.2076E-01     0.6548E+02     0.2109E+02     0.2483E+01     0.9779E+02
   365    12    31  2018     889       1  t_1_889              0.9035E-01     0.2951E-02     0.9035E-01     0.9035E-01     0.1786E+02     0.1796E+02     0.0000E+00     0.0000E+00     0.0000E+00     0.0000E+00     0.1004E+00     0.0000E+00     0.7325E+01     0.1540E+01     0.1000E-04     0.0000E+00     0.1439E-02     0.0000E+00     0.1332E+03     0.4352E+01     0.1332E+03     0.2157E-01     0.1096E+01     0.2938E+01     0.1540E+01     0.7987E+01
   365    12    31  2018     890       1  t_1_890              0.1988E-01     0.2807E-02     0.1988E-01     0.1988E-01     0.3564E+01     0.3564E+01     0.0000E+00     0.0000E+00     0.0000E+00     0.0000E+00     0.0000E+00     0.0000E+00     0.6094E+01     0.1089E+01     0.1000E-04     0.0000E+00     0.0000E+00     0.0000E+00     0.1472E+03     0.2079E+02     0.1472E+03     0.1342E-02     0.2815E+00     0.5851E+00     0.1089E+01     0.3703E+01
   365    12    31  2018     891       1  t_1_891              0.7918E-02     0.2657E-03     0.7902E-02     0.7918E-02     0.1672E+01     0.1672E+01     0.0000E+00     0.0000E+00     0.0000E+00     0.0000E+00     0.0000E+00     0.0000E+00     0.5574E+01     0.1522E+01     0.1000E-04     0.0000E+00     0.0000E+00     0.0000E+00     0.4865E+02     0.1633E+01     0.4855E+02     0.5513E-01     0.7676E-01     0.2712E+00     0.1522E+01     0.6041E+01
   365    12    31  2018     892       1  t_1_892              0.8219E-02     0.5951E-02     0.8215E-02     0.2591E-01     0.4955E+00     0.4955E+00     0.0000E+00     0.0000E+00     0.0000E+00     0.0000E+00     0.0000E+00     0.0000E+00     0.4493E+01     0.1234E+01     0.1824E-03     0.0000E+00     0.0000E+00     0.0000E+00     0.4424E+03     0.3203E+03     0.4422E+03     0.5721E-02     0.2289E+00     0.8050E-01     0.1234E+01     0.1466E+02
   365    12    31  2018     893       1  m_6_893              0.9597E+00     0.3851E-02     0.9597E+00     0.9597E+00     0.3449E+03     0.3449E+03     0.0000E+00     0.0000E+00     0.0000E+00     0.0000E+00     0.0000E+00     0.0000E+00     0.5094E+02     0.3464E+01     0.1000E-04     0.0000E+00     0.0000E+00     0.0000E+00     0.3999E+01     0.1605E-01     0.3999E+01     0.1748E+00     0.1636E+02     0.1202E+02     0.3464E+01     0.2113E+03
   365    12    31  2018     894       1  t_3_894              0.2250E+01     0.8048E-02     0.2250E+01     0.2250E+01     0.8918E+03     0.6763E+03     0.0000E+00     0.0000E+00     0.2462E+03     0.0000E+00     0.3069E+02     0.0000E+00     0.1883E+02     0.9715E+00     0.1000E-04     0.0000E+00     0.4839E+00     0.0000E+00     0.9041E+01     0.3233E-01     0.9041E+01     0.9040E-01     0.1255E+03     0.2603E+02     0.9715E+00     0.9390E+01
   365    12    31  2018     895       1  m_6_895              0.3401E+01     0.8668E-02     0.3401E+01     0.3401E+01     0.4705E+03     0.4705E+03     0.0000E+00     0.0000E+00     0.0000E+00     0.0000E+00     0.0000E+00     0.0000E+00     0.5145E+02     0.3522E+01     0.1000E-04     0.0000E+00     0.0000E+00     0.0000E+00     0.1361E+02     0.3469E-01     0.1361E+02     0.1073E+00     0.7548E+02     0.3471E+02     0.3522E+01     0.2194E+03
   365    12    31  2018     896       1  m_6_896              0.3409E+01     0.2223E-02     0.3409E+01     0.3409E+01     0.4709E+03     0.4709E+03     0.0000E+00     0.0000E+00     0.0000E+00     0.0000E+00     0.0000E+00     0.0000E+00     0.5153E+02     0.3522E+01     0.1000E-04     0.0000E+00     0.0000E+00     0.0000E+00     0.1364E+02     0.8897E-02     0.1364E+02     0.2177E-01     0.7564E+02     0.3480E+02     0.3522E+01     0.2197E+03
   365    12    31  2018     897       1  t_1_897              0.1487E-02     0.1076E-02     0.1484E-02     0.1736E-02     0.8982E-01     0.8982E-01     0.0000E+00     0.0000E+00     0.0000E+00     0.0000E+00     0.0000E+00     0.0000E+00     0.1170E+01     0.1808E+00     0.1000E-04     0.0000E+00     0.0000E+00     0.0000E+00     0.1428E+02     0.1033E+02     0.1426E+02     0.8114E-03     0.4005E-01     0.1458E-01     0.1808E+00     0.3557E-01
   365    12    31  2018     898       1  t_1_898              0.1347E-01     0.7547E-02     0.1346E-01     0.2662E-01     0.1294E+01     0.1294E+01     0.0000E+00     0.0000E+00     0.0000E+00     0.0000E+00     0.0000E+00     0.0000E+00     0.4923E+01     0.1693E+01     0.1574E-02     0.0000E+00     0.0000E+00     0.0000E+00     0.2776E+03     0.1556E+03     0.2775E+03     0.8873E-02     0.3105E+00     0.2103E+00     0.1693E+01     0.8144E+02
   365    12    31  2018     899       1  m_3_899              0.1854E+01     0.1007E-01     0.1854E+01     0.1854E+01     0.1227E+04     0.1929E+04     0.0000E+00     0.0000E+00     0.8572E+03     0.0000E+00     0.1558E+04     0.0000E+00     0.1535E+02     0.1648E+01     0.1000E-04     0.0000E+00     0.8126E+00     0.0000E+00     0.2586E+03     0.1403E+01     0.2586E+03     0.1550E+01     0.1161E+03     0.1843E+02     0.1648E+01     0.1847E+02
   365    12    31  2018     900       1  m_6_900              0.3607E+01     0.5584E-02     0.3606E+01     0.3607E+01     0.5890E+03     0.5890E+03     0.0000E+00     0.0000E+00     0.0000E+00     0.0000E+00     0.0000E+00     0.0000E+00     0.5398E+02     0.3508E+01     0.1000E-04     0.0000E+00     0.0000E+00     0.0000E+00     0.1436E+02     0.2224E-01     0.1436E+02     0.7376E+00     0.8282E+02     0.3898E+02     0.3508E+01     0.2287E+03
   365    12    31  2018     901       1  t_1_901              0.2559E-01     0.2223E-02     0.2558E-01     0.3410E-01     0.2310E+01     0.2310E+01     0.0000E+00     0.0000E+00     0.0000E+00     0.0000E+00     0.0000E+00     0.0000E+00     0.5921E+01     0.1637E+01     0.1000E-04     0.0000E+00     0.0000E+00     0.0000E+00     0.2932E+03     0.2547E+02     0.2931E+03     0.1295E-01     0.5774E+00     0.3781E+00     0.1637E+01     0.7251E+01
   365    12    31  2018     902       1  m_3_902              0.2235E+00     0.5685E-02     0.2235E+00     0.2235E+00     0.3992E+02     0.3992E+02     0.0000E+00     0.0000E+00     0.0000E+00     0.0000E+00     0.0000E+00     0.0000E+00     0.4113E+02     0.2486E+01     0.1000E-04     0.0000E+00     0.0000E+00     0.0000E+00     0.8978E+00     0.2284E-01     0.8978E+00     0.1852E-01     0.5576E+01     0.4054E+01     0.2486E+01     0.9818E+02
   365    12    31  2018     903       1  t_1_903              0.6487E-02     0.6114E-02     0.6486E-02     0.2958E-01     0.8145E-01     0.8145E-01     0.0000E+00     0.0000E+00     0.0000E+00     0.0000E+00     0.0000E+00     0.0000E+00     0.5609E+01     0.1160E+01     0.1000E-04     0.0000E+00     0.0000E+00     0.0000E+00     0.2124E+04     0.2002E+04     0.2124E+04     0.8199E-03     0.2010E+00     0.1323E-01     0.1160E+01     0.3812E+01
   365    12    31  2018     904       1  t_3_904              0.7977E+00     0.3225E-02     0.7977E+00     0.7977E+00     0.2359E+03     0.3076E+03     0.0000E+00     0.0000E+00     0.6701E+02     0.0000E+00     0.1387E+03     0.0000E+00     0.1361E+02     0.7985E+00     0.1000E-04     0.0000E+00     0.6615E+00     0.0000E+00     0.3330E+01     0.1347E-01     0.3330E+01     0.1291E+00     0.8795E+01     0.9139E+01     0.7985E+00     0.4896E+01
   365    12    31  2018     905       1  t_6_905              0.8811E+00     0.1259E-01     0.8810E+00     0.8811E+00     0.3287E+03     0.3287E+03     0.0000E+00     0.0000E+00     0.0000E+00     0.0000E+00     0.0000E+00     0.0000E+00     0.6119E+02     0.1983E+01     0.1000E-04     0.0000E+00     0.0000E+00     0.0000E+00     0.3676E+01     0.5251E-01     0.3676E+01     0.1491E+00     0.1191E+02     0.1077E+02     0.1983E+01     0.1004E+03
   365    12    31  2018     906       1  m_3_906              0.2177E+00     0.8636E-02     0.2177E+00     0.2177E+00     0.3960E+02     0.3960E+02     0.0000E+00     0.0000E+00     0.0000E+00     0.0000E+00     0.0000E+00     0.0000E+00     0.4113E+02     0.2486E+01     0.1000E-04     0.0000E+00     0.0000E+00     0.0000E+00     0.8746E+00     0.3470E-01     0.8746E+00     0.1085E+00     0.5364E+01     0.4051E+01     0.2486E+01     0.9818E+02
   365    12    31  2018     907       1  t_1_907              0.1889E-01     0.9856E-02     0.1888E-01     0.1889E-01     0.1680E+00     0.1146E+02     0.0000E+00     0.0000E+00     0.2950E-01     0.0000E+00     0.1132E+02     0.0000E+00     0.1533E+01     0.2130E+00     0.1000E-04     0.0000E+00     0.6399E+00     0.0000E+00     0.7870E-01     0.4107E-01     0.7869E-01     0.1258E-01     0.5040E+00     0.3201E-01     0.2130E+00     0.6112E-01
   365    12    31  2018     908       1  t_6_908              0.1092E-01     0.1055E-01     0.1091E-01     0.1092E-01     0.8145E-01     0.8145E-01     0.0000E+00     0.0000E+00     0.0000E+00     0.0000E+00     0.0000E+00     0.0000E+00     0.5104E+02     0.2872E+01     0.2712E-02     0.0000E+00     0.0000E+00     0.0000E+00     0.4552E-01     0.4396E-01     0.4548E-01     0.5236E-01     0.3168E+00     0.1316E-01     0.2872E+01     0.2552E+04
   365    12    31  2018     909       1  m_6_909              0.3391E+01     0.4455E-02     0.3391E+01     0.3391E+01     0.4701E+03     0.4701E+03     0.0000E+00     0.0000E+00     0.0000E+00     0.0000E+00     0.0000E+00     0.0000E+00     0.5145E+02     0.3522E+01     0.1000E-04     0.0000E+00     0.0000E+00     0.0000E+00     0.1357E+02     0.1783E-01     0.1357E+02     0.1001E+00     0.7506E+02     0.3467E+02     0.3522E+01     0.2194E+03
   365    12    31  2018     910       1  t_6_910              0.3418E+01     0.9772E-03     0.3418E+01     0.3418E+01     0.4859E+03     0.5219E+03     0.0000E+00     0.0000E+00     0.0000E+00     0.0000E+00     0.3599E+02     0.0000E+00     0.5063E+02     0.1768E+01     0.1000E-04     0.0000E+00     0.8042E-01     0.0000E+00     0.1367E+02     0.3909E-02     0.1367E+02     0.3507E+00     0.7656E+02     0.3504E+02     0.1768E+01     0.6859E+02
   365    12    31  2018     911       1  t_6_911              0.3483E+01     0.5576E-04     0.3482E+01     0.3483E+01     0.5269E+03     0.5495E+03     0.0000E+00     0.0000E+00     0.0000E+00     0.0000E+00     0.2258E+02     0.0000E+00     0.5068E+02     0.1769E+01     0.1000E-04     0.0000E+00     0.8469E-01     0.0000E+00     0.1391E+02     0.2227E-03     0.1391E+02     0.2111E+00     0.7804E+02     0.3599E+02     0.1769E+01     0.6872E+02
   365    12    31  2018     912       1  t_6_912              0.5146E-03     0.4902E-03     0.5145E-03     0.5146E-03     0.5328E-02     0.5328E-02     0.0000E+00     0.0000E+00     0.0000E+00     0.0000E+00     0.0000E+00     0.0000E+00     0.5000E+00     0.1000E+00     0.1000E-04     0.0000E+00     0.0000E+00     0.0000E+00     0.2051E-02     0.1954E-02     0.2051E-02     0.1407E-04     0.1463E-01     0.8644E-03     0.1000E+00     0.5665E-02
   365    12    31  2018     913       1  t_1_913              0.2076E+00     0.7538E-03     0.2072E+00     0.2076E+00     0.6168E+02     0.1207E+04     0.0000E+00     0.0000E+00     0.0000E+00     0.0000E+00     0.1145E+04     0.0000E+00     0.8312E+01     0.1849E+01     0.1000E-04     0.0000E+00     0.2683E+00     0.0000E+00     0.1289E+03     0.4678E+00     0.1286E+03     0.6506E+01     0.2309E+01     0.6965E+01     0.1849E+01     0.1232E+02
   365    12    31  2018     914       1  t_1_914              0.2132E-01     0.5172E-02     0.2132E-01     0.3307E-01     0.1869E+01     0.1869E+01     0.0000E+00     0.0000E+00     0.0000E+00     0.0000E+00     0.0000E+00     0.0000E+00     0.5297E+01     0.1664E+01     0.1000E-04     0.0000E+00     0.0000E+00     0.0000E+00     0.3024E+03     0.7337E+02     0.3024E+03     0.3200E-02     0.4858E+00     0.3055E+00     0.1664E+01     0.6734E+01
   365    12    31  2018     915       1  t_6_915              0.2812E-01     0.1621E-01     0.2810E-01     0.2812E-01     0.2299E+01     0.2299E+01     0.0000E+00     0.0000E+00     0.0000E+00     0.0000E+00     0.0000E+00     0.0000E+00     0.4892E+02     0.1732E+01     0.1000E-04     0.0000E+00     0.0000E+00     0.0000E+00     0.1201E+00     0.6923E-01     0.1200E+00     0.4185E-01     0.6016E+00     0.3891E+00     0.1732E+01     0.6402E+02
   365    12    31  2018     916       1  t_1_916              0.2363E-01     0.1301E-01     0.2363E-01     0.3156E-01     0.2321E+01     0.2321E+01     0.0000E+00     0.0000E+00     0.0000E+00     0.0000E+00     0.0000E+00     0.0000E+00     0.5460E+01     0.1297E+01     0.1806E-02     0.0000E+00     0.0000E+00     0.0000E+00     0.2716E+03     0.1496E+03     0.2715E+03     0.5968E-02     0.4760E+00     0.3771E+00     0.1297E+01     0.6042E+02
   365    12    31  2018     917       1  t_2_917              0.1065E+00     0.5001E-03     0.1065E+00     0.1065E+00     0.2105E+02     0.2132E+02     0.0000E+00     0.0000E+00     0.0000E+00     0.0000E+00     0.2734E+00     0.0000E+00     0.8289E+01     0.1472E+01     0.1000E-04     0.0000E+00     0.1529E-02     0.0000E+00     0.9291E+02     0.4364E+00     0.9291E+02     0.6479E-01     0.1341E+01     0.3443E+01     0.1472E+01     0.8334E+01
   365    12    31  2018     918       1  m_3_918              0.1152E+00     0.4529E-02     0.1152E+00     0.1152E+00     0.2215E+02     0.2505E+02     0.0000E+00     0.0000E+00     0.2909E+00     0.0000E+00     0.3193E+01     0.0000E+00     0.9169E+01     0.6286E+00     0.1000E-04     0.0000E+00     0.8452E-01     0.0000E+00     0.1258E+02     0.4947E+00     0.1258E+02     0.3016E-01     0.1570E+01     0.3542E+01     0.6286E+00     0.2212E+01
   365    12    31  2018     919       1  t_1_919              0.9515E-01     0.2184E-01     0.9513E-01     0.9515E-01     0.1578E+02     0.2038E+02     0.0000E+00     0.0000E+00     0.0000E+00     0.0000E+00     0.4602E+01     0.0000E+00     0.6317E+01     0.2402E+01     0.1000E-04     0.0000E+00     0.1534E-01     0.0000E+00     0.1596E+03     0.3664E+02     0.1596E+03     0.4288E-01     0.1277E+01     0.2583E+01     0.2402E+01     0.1509E+02
   365    12    31  2018     920       1  m_3_920              0.4375E-01     0.6465E-02     0.4374E-01     0.4375E-01     0.2568E+01     0.3534E+01     0.0000E+00     0.0000E+00     0.1522E+01     0.0000E+00     0.2488E+01     0.0000E+00     0.3046E+01     0.3227E+00     0.1000E-04     0.0000E+00     0.9044E-01     0.0000E+00     0.1757E+00     0.2597E-01     0.1757E+00     0.4801E-02     0.1531E+01     0.2214E+00     0.3227E+00     0.2421E+00
   365    12    31  2018     921       1  m_3_921              0.2319E+01     0.1743E-01     0.2319E+01     0.2319E+01     0.1914E+03     0.1915E+03     0.0000E+00     0.0000E+00     0.0000E+00     0.0000E+00     0.1089E+00     0.0000E+00     0.6345E+02     0.2027E+01     0.1000E-04     0.0000E+00     0.4238E-01     0.0000E+00     0.9310E+01     0.6998E-01     0.9310E+01     0.1591E-02     0.6587E+02     0.2109E+02     0.2027E+01     0.1080E+03
   365    12    31  2018     922       1  t_1_922              0.1353E-01     0.7877E-04     0.1353E-01     0.1353E-01     0.2612E+01     0.2612E+01     0.0000E+00     0.0000E+00     0.0000E+00     0.0000E+00     0.0000E+00     0.0000E+00     0.6221E+01     0.1699E+01     0.1000E-04     0.0000E+00     0.0000E+00     0.0000E+00     0.3003E+02     0.1748E+00     0.3003E+02     0.1433E-01     0.1929E+00     0.4305E+00     0.1699E+01     0.8100E+01
   365    12    31  2018     923       1  t_1_923              0.1642E-01     0.3615E-02     0.1642E-01     0.1642E-01     0.6343E+01     0.6343E+01     0.0000E+00     0.0000E+00     0.0000E+00     0.0000E+00     0.0000E+00     0.0000E+00     0.5802E+01     0.1025E+01     0.1000E-04     0.0000E+00     0.0000E+00     0.0000E+00     0.1232E+03     0.2713E+02     0.1232E+03     0.1202E-01     0.6923E+00     0.3609E+00     0.1025E+01     0.3188E+01
   365    12    31  2018     924       1  m_1_924              0.6951E-01     0.1024E-01     0.6949E-01     0.6951E-01     0.2935E+02     0.2935E+02     0.0000E+00     0.0000E+00     0.0000E+00     0.3570E+00     0.0000E+00     0.0000E+00     0.6071E+01     0.1551E+01     0.3053E-02     0.2093E-01     0.0000E+00     0.0000E+00     0.1127E+03     0.1661E+02     0.1127E+03     0.4514E-01     0.2584E+01     0.1671E+01     0.1289E+01     0.8682E+02
   365    12    31  2018     925       1  m_3_925              0.7935E+00     0.6321E-03     0.7934E+00     0.7935E+00     0.2760E+03     0.3854E+03     0.0000E+00     0.0000E+00     0.0000E+00     0.5121E-01     0.1095E+03     0.0000E+00     0.1125E+02     0.1246E+01     0.1004E-03     0.7461E-03     0.9034E+00     0.0000E+00     0.2139E+03     0.1704E+00     0.2139E+03     0.3394E+00     0.1465E+02     0.8178E+01     0.1236E+01     0.2658E+02
   365    12    31  2018     926       1  t_1_926              0.4075E-01     0.8291E-02     0.4074E-01     0.4075E-01     0.1608E+02     0.1608E+02     0.0000E+00     0.0000E+00     0.0000E+00     0.2595E+01     0.0000E+00     0.0000E+00     0.5775E+01     0.4049E+01     0.2241E-02     0.1662E+00     0.0000E+00     0.0000E+00     0.1207E+03     0.2455E+02     0.1206E+03     0.3393E-01     0.1646E+01     0.9147E+00     0.2056E+01     0.1856E+03
   365    12    31  2018     927       1  m_3_927              0.5337E+00     0.7023E-03     0.5337E+00     0.5337E+00     0.9988E+02     0.9583E+02     0.0000E+00     0.0000E+00     0.8908E+01     0.0000E+00     0.4856E+01     0.0000E+00     0.1071E+02     0.1194E+01     0.1000E-04     0.0000E+00     0.2350E+00     0.0000E+00     0.2455E+03     0.3230E+00     0.2455E+03     0.8550E-02     0.1783E+02     0.5127E+01     0.1194E+01     0.7537E+01
   365    12    31  2018     928       1  t_1_928              0.5253E-01     0.6965E-03     0.5250E-01     0.5253E-01     0.2139E+02     0.2437E+02     0.0000E+00     0.0000E+00     0.0000E+00     0.0000E+00     0.2979E+01     0.0000E+00     0.6553E+01     0.8850E+00     0.1000E-04     0.0000E+00     0.2892E-01     0.0000E+00     0.1159E+03     0.1537E+01     0.1158E+03     0.7808E-01     0.1983E+01     0.1226E+01     0.8850E+00     0.2805E+01
   365    12    31  2018     929       1  t_1_929              0.9974E-01     0.4442E-02     0.9972E-01     0.9974E-01     0.2329E+02     0.2329E+02     0.0000E+00     0.0000E+00     0.0000E+00     0.1062E-02     0.0000E+00     0.0000E+00     0.7022E+01     0.9531E+00     0.4515E-03     0.2573E-04     0.0000E+00     0.0000E+00     0.1472E+03     0.6556E+01     0.1472E+03     0.1526E-01     0.3523E+01     0.1534E+01     0.9527E+00     0.2284E+02
   365    12    31  2018     930       1  t_1_930              0.5332E-01     0.2298E-01     0.5331E-01     0.5332E-01     0.1321E+02     0.1321E+02     0.0000E+00     0.0000E+00     0.0000E+00     0.3815E+02     0.0000E+00     0.0000E+00     0.5553E+01     0.3236E+02     0.3610E-02     0.1664E+01     0.0000E+00     0.0000E+00     0.2023E+03     0.8717E+02     0.2022E+03     0.3040E-01     0.3029E+01     0.7134E+00     0.1289E+02     0.1363E+05
   365    12    31  2018     931       1  m_3_931              0.5932E+00     0.9138E-02     0.5932E+00     0.5932E+00     0.1428E+03     0.1695E+03     0.0000E+00     0.0000E+00     0.6848E+01     0.0000E+00     0.3361E+02     0.0000E+00     0.1068E+02     0.1204E+01     0.1000E-04     0.0000E+00     0.2858E+00     0.0000E+00     0.2647E+03     0.4077E+01     0.2647E+03     0.3340E-01     0.1281E+02     0.4759E+01     0.1204E+01     0.7619E+01
   365    12    31  2018     932       1  t_1_932              0.7169E-01     0.6575E-02     0.7165E-01     0.7169E-01     0.2611E+02     0.3011E+02     0.0000E+00     0.0000E+00     0.8638E+00     0.0000E+00     0.4861E+01     0.0000E+00     0.6496E+01     0.8205E+00     0.1000E-04     0.0000E+00     0.5646E-01     0.0000E+00     0.1294E+03     0.1187E+02     0.1294E+03     0.7417E-01     0.2999E+01     0.1500E+01     0.8205E+00     0.2449E+01
   365    12    31  2018     933       1  t_1_933              0.6406E-01     0.5810E-02     0.6406E-01     0.6406E-01     0.1550E+02     0.1615E+02     0.0000E+00     0.0000E+00     0.0000E+00     0.0000E+00     0.6559E+00     0.0000E+00     0.6685E+01     0.8403E+00     0.1000E-04     0.0000E+00     0.2130E-01     0.0000E+00     0.2034E+03     0.1844E+02     0.2033E+03     0.1561E-01     0.3657E+01     0.8527E+00     0.8403E+00     0.2622E+01
   365    12    31  2018     934       1  t_1_934              0.6314E-01     0.1190E-01     0.6311E-01     0.6314E-01     0.2538E+02     0.2538E+02     0.0000E+00     0.0000E+00     0.0000E+00     0.2250E+03     0.0000E+00     0.0000E+00     0.5979E+01     0.1845E+02     0.6102E-02     0.9343E+00     0.0000E+00     0.0000E+00     0.1184E+03     0.2233E+02     0.1184E+03     0.5807E-01     0.2396E+01     0.1444E+01     0.7691E+01     0.5407E+04
   365    12    31  2018     935       1  t_1_935              0.8131E-01     0.2261E-01     0.8111E-01     0.8131E-01     0.1114E+02     0.1639E+02     0.0000E+00     0.0000E+00     0.0000E+00     0.0000E+00     0.5247E+01     0.0000E+00     0.6659E+01     0.8810E+00     0.1000E-04     0.0000E+00     0.1578E+00     0.0000E+00     0.1534E+03     0.4266E+02     0.1531E+03     0.4530E-01     0.2723E+01     0.1135E+01     0.8810E+00     0.2828E+01
   365    12    31  2018     936       1  t_1_936              0.8334E-01     0.5746E-01     0.8334E-01     0.8334E-01     0.4012E+01     0.4012E+01     0.0000E+00     0.0000E+00     0.0000E+00     0.1146E+01     0.0000E+00     0.0000E+00     0.5519E+01     0.2330E+01     0.2125E-02     0.7739E-01     0.0000E+00     0.0000E+00     0.4051E+03     0.2793E+03     0.4051E+03     0.1737E-02     0.4667E+01     0.4703E+00     0.1383E+01     0.7918E+02
   365    12    31  2018     937       1  t_2_937              0.2377E+00     0.1398E-01     0.2377E+00     0.2377E+00     0.1984E+02     0.2358E+02     0.0000E+00     0.0000E+00     0.1093E+01     0.0000E+00     0.4830E+01     0.0000E+00     0.6761E+01     0.1208E+01     0.1000E-04     0.0000E+00     0.1469E+00     0.0000E+00     0.3960E+03     0.2329E+02     0.3960E+03     0.6158E-02     0.1015E+02     0.1497E+01     0.1208E+01     0.4889E+01
   365    12    31  2018     938       1  m_3_938              0.6919E+00     0.2473E-01     0.6919E+00     0.6919E+00     0.2006E+03     0.2203E+03     0.0000E+00     0.0000E+00     0.2132E+02     0.0000E+00     0.4105E+02     0.0000E+00     0.1094E+02     0.1173E+01     0.1000E-04     0.0000E+00     0.3204E+00     0.0000E+00     0.2454E+03     0.8772E+01     0.2454E+03     0.6081E-01     0.1765E+02     0.6323E+01     0.1173E+01     0.7472E+01
   365    12    31  2018     939       1  t_2_939              0.2951E+00     0.2487E-01     0.2951E+00     0.2951E+00     0.4227E+02     0.7624E+02     0.0000E+00     0.0000E+00     0.3428E+01     0.0000E+00     0.3740E+02     0.0000E+00     0.8413E+01     0.1170E+01     0.1000E-04     0.0000E+00     0.1409E+00     0.0000E+00     0.1878E+03     0.1582E+02     0.1878E+03     0.9479E-01     0.7608E+01     0.3625E+01     0.1170E+01     0.5734E+01
   365    12    31  2018     940       1  t_1_940              0.3271E-01     0.1359E-01     0.3270E-01     0.3271E-01     0.7609E+01     0.7609E+01     0.0000E+00     0.0000E+00     0.0000E+00     0.0000E+00     0.0000E+00     0.0000E+00     0.5487E+01     0.9981E+00     0.1895E-02     0.0000E+00     0.0000E+00     0.0000E+00     0.2028E+03     0.8427E+02     0.2027E+03     0.1570E-01     0.1677E+01     0.4366E+00     0.9981E+00     0.3975E+02
   365    12    31  2018     941       1  m_3_941              0.7140E+00     0.1378E-01     0.7139E+00     0.7140E+00     0.2245E+03     0.4778E+03     0.0000E+00     0.0000E+00     0.1056E+02     0.0000E+00     0.2639E+03     0.0000E+00     0.1105E+02     0.1168E+01     0.1000E-04     0.0000E+00     0.3771E+00     0.0000E+00     0.2457E+03     0.4743E+01     0.2457E+03     0.3566E+00     0.1886E+02     0.6558E+01     0.1168E+01     0.7491E+01
   365    12    31  2018     942       1  t_2_942              0.2523E+00     0.4597E-02     0.2522E+00     0.2523E+00     0.3330E+02     0.3330E+02     0.0000E+00     0.0000E+00     0.0000E+00     0.1340E+02     0.0000E+00     0.0000E+00     0.7502E+01     0.8198E+01     0.1856E-02     0.3767E+00     0.0000E+00     0.0000E+00     0.1822E+03     0.3321E+01     0.1822E+03     0.3236E-01     0.5403E+01     0.3117E+01     0.3514E+01     0.6299E+03
   365    12    31  2018     943       1  t_1_943              0.2494E-01     0.6535E-02     0.2493E-01     0.2494E-01     0.9115E+01     0.9115E+01     0.0000E+00     0.0000E+00     0.0000E+00     0.0000E+00     0.0000E+00     0.0000E+00     0.5475E+01     0.8844E+00     0.2437E-02     0.0000E+00     0.0000E+00     0.0000E+00     0.1302E+03     0.3413E+02     0.1302E+03     0.1375E-01     0.9311E+00     0.5187E+00     0.8844E+00     0.3666E+02
   365    12    31  2018     944       1  t_1_944              0.1703E+00     0.4841E-02     0.1703E+00     0.1703E+00     0.8270E+01     0.8270E+01     0.0000E+00     0.0000E+00     0.0000E+00     0.0000E+00     0.0000E+00     0.0000E+00     0.6380E+01     0.1107E+01     0.1866E-03     0.0000E+00     0.0000E+00     0.0000E+00     0.4820E+03     0.1370E+02     0.4820E+03     0.9512E-02     0.6426E+01     0.8283E+00     0.1107E+01     0.1720E+02
   365    12    31  2018     945       1  t_1_945              0.1882E-01     0.5030E-02     0.1881E-01     0.1882E-01     0.6833E+01     0.7602E+01     0.0000E+00     0.0000E+00     0.2173E+00     0.0000E+00     0.9871E+00     0.0000E+00     0.4594E+01     0.4138E+00     0.1000E-04     0.0000E+00     0.2466E-01     0.0000E+00     0.1312E+03     0.3504E+02     0.1310E+03     0.2681E-01     0.6972E+00     0.3886E+00     0.4138E+00     0.5522E+00
   365    12    31  2018     946       1  t_1_946              0.4368E-01     0.6080E-02     0.4367E-01     0.4368E-01     0.9939E+01     0.9939E+01     0.0000E+00     0.0000E+00     0.0000E+00     0.0000E+00     0.0000E+00     0.0000E+00     0.5865E+01     0.1034E+01     0.1294E-02     0.0000E+00     0.0000E+00     0.0000E+00     0.2057E+03     0.2863E+02     0.2057E+03     0.1191E-01     0.2200E+01     0.5747E+00     0.1034E+01     0.3722E+02
   365    12    31  2018     947       1  t_1_947              0.9132E-01     0.2705E-01     0.9131E-01     0.9132E-01     0.1619E+02     0.1670E+02     0.0000E+00     0.0000E+00     0.3498E+00     0.0000E+00     0.8606E+00     0.0000E+00     0.6714E+01     0.8372E+00     0.1000E-04     0.0000E+00     0.1481E+00     0.0000E+00     0.2879E+03     0.8529E+02     0.2879E+03     0.1483E-01     0.5358E+01     0.8584E+00     0.8372E+00     0.2617E+01
   365    12    31  2018     948       1  t_2_948              0.2233E+00     0.6407E-02     0.2233E+00     0.2233E+00     0.1958E+02     0.1958E+02     0.0000E+00     0.0000E+00     0.0000E+00     0.3294E+00     0.0000E+00     0.0000E+00     0.6477E+01     0.1313E+01     0.1474E-02     0.3852E-02     0.0000E+00     0.0000E+00     0.3749E+03     0.1076E+02     0.3749E+03     0.7741E-02     0.9117E+01     0.1484E+01     0.1263E+01     0.6143E+02
   365    12    31  2018     949       1  m_3_949              0.5823E+00     0.4340E-01     0.5822E+00     0.5823E+00     0.4666E+02     0.1418E+03     0.0000E+00     0.0000E+00     0.1188E+01     0.0000E+00     0.9633E+02     0.0000E+00     0.1064E+02     0.1210E+01     0.1000E-04     0.0000E+00     0.2683E+00     0.0000E+00     0.2621E+03     0.1954E+02     0.2621E+03     0.5564E-01     0.1195E+02     0.4706E+01     0.1210E+01     0.7650E+01
   365    12    31  2018     950       1  t_1_950              0.1358E+00     0.2230E-01     0.1358E+00     0.1358E+00     0.3006E+02     0.3006E+02     0.0000E+00     0.0000E+00     0.0000E+00     0.1204E+01     0.0000E+00     0.0000E+00     0.6922E+01     0.1414E+01     0.1477E-02     0.2153E-01     0.0000E+00     0.0000E+00     0.1654E+03     0.2716E+02     0.1654E+03     0.8497E-01     0.5253E+01     0.1922E+01     0.1133E+01     0.5513E+02
   365    12    31  2018     951       1  t_1_951              0.1513E+00     0.6924E-01     0.1513E+00     0.1513E+00     0.1979E+01     0.1240E+01     0.0000E+00     0.0000E+00     0.8908E+00     0.0000E+00     0.1513E+00     0.0000E+00     0.5215E+01     0.4468E+00     0.1000E-04     0.0000E+00     0.3633E+00     0.0000E+00     0.7354E+03     0.3365E+03     0.7354E+03     0.1599E-04     0.5700E+01     0.4281E+00     0.4468E+00     0.7122E+00
   365    12    31  2018     952       1  m_6_952              0.2657E+02     0.1218E-02     0.2657E+02     0.2657E+02     0.1945E+05     0.1990E+05     0.0000E+00     0.0000E+00     0.0000E+00     0.0000E+00     0.4488E+03     0.0000E+00     0.5566E+02     0.3515E+01     0.1000E-04     0.0000E+00     0.4757E+01     0.0000E+00     0.1042E+03     0.4780E-02     0.1042E+03     0.1679E+00     0.3601E+03     0.1398E+03     0.3515E+01     0.2366E+03
   365    12    31  2018     953       1  t_6_953              0.3728E-01     0.1414E-02     0.3727E-01     0.3728E-01     0.1639E+01     0.1639E+01     0.0000E+00     0.0000E+00     0.0000E+00     0.0000E+00     0.0000E+00     0.0000E+00     0.5547E+02     0.3342E+01     0.1543E-03     0.0000E+00     0.0000E+00     0.0000E+00     0.1462E+00     0.5544E-02     0.1461E+00     0.6371E-02     0.1426E+01     0.4475E+00     0.3342E+01     0.8514E+03
   365    12    31  2018     954       1  t_1_954              0.6920E-02     0.6920E-02     0.6914E-02     0.6920E-02     0.6295E-05     0.1644E-02     0.0000E+00     0.0000E+00     0.0000E+00     0.0000E+00     0.1638E-02     0.0000E+00     0.4460E+01     0.4064E+00     0.1000E-04     0.0000E+00     0.6831E-03     0.0000E+00     0.5245E+02     0.5245E+02     0.5240E+02     0.5812E-04     0.4091E+00     0.4845E-06     0.4064E+00     0.5164E+00
   365    12    31  2018     955       1  t_1_955              0.1833E-01     0.4286E-02     0.1832E-01     0.1833E-01     0.2619E+01     0.2619E+01     0.0000E+00     0.0000E+00     0.0000E+00     0.1234E+00     0.0000E+00     0.0000E+00     0.5197E+01     0.8582E+00     0.6069E-02     0.1007E-01     0.0000E+00     0.0000E+00     0.1389E+03     0.3248E+02     0.1389E+03     0.2530E-02     0.1641E+01     0.4375E+00     0.7217E+00     0.3924E+02
   365    12    31  2018     956       1  t_2_956              0.1612E+00     0.3308E-02     0.1612E+00     0.1612E+00     0.2241E+02     0.2828E+02     0.0000E+00     0.0000E+00     0.2156E+01     0.0000E+00     0.8021E+01     0.0000E+00     0.7188E+01     0.1011E+01     0.1000E-04     0.0000E+00     0.8566E-01     0.0000E+00     0.1885E+03     0.3868E+01     0.1884E+03     0.1298E-01     0.7863E+01     0.2427E+01     0.1011E+01     0.3840E+01
   365    12    31  2018     957       1  m_6_957              0.2661E+02     0.3065E-03     0.2661E+02     0.2661E+02     0.1990E+05     0.2086E+05     0.0000E+00     0.0000E+00     0.0000E+00     0.0000E+00     0.9531E+03     0.0000E+00     0.5566E+02     0.3515E+01     0.1000E-04     0.0000E+00     0.4676E+01     0.0000E+00     0.1043E+03     0.1202E-02     0.1043E+03     0.3736E+00     0.3617E+03     0.1402E+03     0.3515E+01     0.2366E+03
   365    12    31  2018     958       1  t_6_958              0.3387E-01     0.4502E-02     0.3385E-01     0.3387E-01     0.2524E+01     0.2524E+01     0.0000E+00     0.0000E+00     0.0000E+00     0.0000E+00     0.0000E+00     0.0000E+00     0.5566E+02     0.3515E+01     0.1000E-04     0.0000E+00     0.0000E+00     0.0000E+00     0.1328E+00     0.1765E-01     0.1327E+00     0.8550E-02     0.2294E+01     0.4226E+00     0.3515E+01     0.2366E+03
   365    12    31  2018     959       1  t_2_959              0.1654E+00     0.3671E-03     0.1654E+00     0.1654E+00     0.2901E+02     0.8172E+02     0.0000E+00     0.0000E+00     0.1359E+00     0.0000E+00     0.5284E+02     0.0000E+00     0.7880E+01     0.1123E+01     0.1000E-04     0.0000E+00     0.1338E+00     0.0000E+00     0.1855E+03     0.4119E+00     0.1855E+03     0.5935E-01     0.8292E+01     0.2546E+01     0.1123E+01     0.5018E+01
   365    12    31  2018     960       1  m_6_960              0.2650E+02     0.6865E-02     0.2650E+02     0.2650E+02     0.1045E+05     0.1049E+05     0.0000E+00     0.0000E+00     0.0000E+00     0.0000E+00     0.3097E+02     0.0000E+00     0.5570E+02     0.3517E+01     0.1000E-04     0.0000E+00     0.1272E+01     0.0000E+00     0.1036E+03     0.2683E-01     0.1036E+03     0.2554E-01     0.3101E+03     0.1355E+03     0.3517E+01     0.2369E+03
   365    12    31  2018     961       1  t_6_961              0.3914E-02     0.3884E-02     0.3902E-02     0.3914E-02     0.5665E-02     0.5665E-02     0.0000E+00     0.0000E+00     0.0000E+00     0.0000E+00     0.0000E+00     0.0000E+00     0.5556E+02     0.2876E+01     0.5000E-02     0.0000E+00     0.0000E+00     0.0000E+00     0.1536E-01     0.1524E-01     0.1531E-01     0.2021E-01     0.2234E+00     0.8713E-03     0.2876E+01     0.3754E+04
   365    12    31  2018     962       1  m_6_962              0.2627E+02     0.1439E-01     0.2627E+02     0.2627E+02     0.5793E+04     0.6408E+04     0.0000E+00     0.0000E+00     0.0000E+00     0.0000E+00     0.6150E+03     0.0000E+00     0.5574E+02     0.3515E+01     0.1000E-04     0.0000E+00     0.4117E+01     0.0000E+00     0.1026E+03     0.5621E-01     0.1026E+03     0.8477E-01     0.2742E+03     0.1294E+03     0.3515E+01     0.2369E+03
   365    12    31  2018     963       1  t_1_963              0.8723E-01     0.1362E-01     0.8723E-01     0.8723E-01     0.5439E+01     0.5956E+01     0.0000E+00     0.0000E+00     0.0000E+00     0.0000E+00     0.5170E+00     0.0000E+00     0.7056E+01     0.9889E+00     0.1000E-04     0.0000E+00     0.6773E-01     0.0000E+00     0.1705E+03     0.2663E+02     0.1705E+03     0.1441E-02     0.2314E+01     0.1288E+01     0.9889E+00     0.3636E+01
   365    12    31  2018     964       1  t_1_964              0.5943E-01     0.4159E-02     0.5942E-01     0.5943E-01     0.5574E+01     0.7843E+01     0.0000E+00     0.0000E+00     0.0000E+00     0.0000E+00     0.2269E+01     0.0000E+00     0.6806E+01     0.9774E+00     0.1000E-04     0.0000E+00     0.8875E-01     0.0000E+00     0.1253E+03     0.8773E+01     0.1253E+03     0.9321E-02     0.1526E+01     0.1336E+01     0.9774E+00     0.3441E+01
   365    12    31  2018     965       1  t_1_965              0.3477E-01     0.3821E-02     0.3477E-01     0.3477E-01     0.5772E+01     0.6013E+01     0.0000E+00     0.0000E+00     0.0000E+00     0.0000E+00     0.2411E+00     0.0000E+00     0.6422E+01     0.8578E+00     0.1000E-04     0.0000E+00     0.5482E-01     0.0000E+00     0.1196E+03     0.1314E+02     0.1196E+03     0.3920E-02     0.3279E+01     0.9644E+00     0.8578E+00     0.2609E+01
   365    12    31  2018     966       1  m_6_966              0.2632E+02     0.2473E-01     0.2632E+02     0.2632E+02     0.6412E+04     0.6412E+04     0.0000E+00     0.0000E+00     0.0000E+00     0.4422E+03     0.0000E+00     0.0000E+00     0.5560E+02     0.8276E+01     0.2993E-03     0.2720E+00     0.0000E+00     0.0000E+00     0.1027E+03     0.9653E-01     0.1027E+03     0.3115E+01     0.2785E+03     0.1300E+03     0.6012E+01     0.3248E+04
   365    12    31  2018     967       1  m_6_967              0.2608E+02     0.5527E-02     0.2608E+02     0.2608E+02     0.4851E+04     0.5100E+04     0.0000E+00     0.0000E+00     0.0000E+00     0.0000E+00     0.2493E+03     0.0000E+00     0.5574E+02     0.3513E+01     0.1000E-04     0.0000E+00     0.1064E+01     0.0000E+00     0.1017E+03     0.2155E-01     0.1017E+03     0.1085E+00     0.2498E+03     0.1248E+03     0.3513E+01     0.2368E+03
   365    12    31  2018     968       1  m_6_968              0.2608E+02     0.2052E-03     0.2608E+02     0.2608E+02     0.3209E+04     0.4848E+04     0.0000E+00     0.0000E+00     0.0000E+00     0.0000E+00     0.1639E+04     0.0000E+00     0.5574E+02     0.3513E+01     0.1000E-04     0.0000E+00     0.1086E+01     0.0000E+00     0.1017E+03     0.8002E-03     0.1017E+03     0.6698E+00     0.2493E+03     0.1248E+03     0.3513E+01     0.2368E+03
   365    12    31  2018     969       1  t_1_969              0.1111E+00     0.1463E-01     0.1111E+00     0.1111E+00     0.7694E+01     0.1683E+02     0.0000E+00     0.0000E+00     0.0000E+00     0.0000E+00     0.9135E+01     0.0000E+00     0.7354E+01     0.1029E+01     0.1000E-04     0.0000E+00     0.3826E-01     0.0000E+00     0.1856E+03     0.2443E+02     0.1856E+03     0.2068E-01     0.3977E+01     0.1577E+01     0.1029E+01     0.4050E+01
   365    12    31  2018     970       1  t_1_970              0.7217E-01     0.1118E-01     0.7216E-01     0.7217E-01     0.8153E+01     0.1001E+02     0.0000E+00     0.0000E+00     0.0000E+00     0.0000E+00     0.1858E+01     0.0000E+00     0.7014E+01     0.9795E+00     0.1000E-04     0.0000E+00     0.2716E-01     0.0000E+00     0.1476E+03     0.2288E+02     0.1476E+03     0.6446E-02     0.2223E+01     0.1385E+01     0.9795E+00     0.3557E+01
   365    12    31  2018     971       1  t_6_971              0.3231E-01     0.2840E-01     0.3228E-01     0.3231E-01     0.4819E-02     0.4819E-02     0.0000E+00     0.0000E+00     0.0000E+00     0.0000E+00     0.0000E+00     0.0000E+00     0.6397E+02     0.2037E+01     0.1000E-04     0.0000E+00     0.0000E+00     0.0000E+00     0.1267E+00     0.1114E+00     0.1266E+00     0.1039E-01     0.1538E+01     0.8535E-03     0.2037E+01     0.1097E+03
   365    12    31  2018     972       1  t_1_972              0.1251E-01     0.4285E-02     0.1249E-01     0.1251E-01     0.2469E+00     0.2469E+00     0.0000E+00     0.0000E+00     0.0000E+00     0.0000E+00     0.0000E+00     0.0000E+00     0.5777E+01     0.7546E+00     0.1000E-04     0.0000E+00     0.0000E+00     0.0000E+00     0.8673E+02     0.2970E+02     0.8656E+02     0.2228E-02     0.7209E+00     0.4087E-01     0.7546E+00     0.1895E+01
   365    12    31  2018     973       1  m_6_973              0.2653E+02     0.1316E-01     0.2653E+02     0.2653E+02     0.1854E+05     0.1888E+05     0.0000E+00     0.0000E+00     0.0000E+00     0.0000E+00     0.3384E+03     0.0000E+00     0.5566E+02     0.3517E+01     0.1000E-04     0.0000E+00     0.1368E+01     0.0000E+00     0.1041E+03     0.5163E-01     0.1041E+03     0.4655E+00     0.3579E+03     0.1397E+03     0.3517E+01     0.2368E+03
   365    12    31  2018     974       1  t_6_974              0.2403E-02     0.1786E-02     0.2346E-02     0.2403E-02     0.1150E+00     0.1150E+00     0.0000E+00     0.0000E+00     0.0000E+00     0.0000E+00     0.0000E+00     0.0000E+00     0.6258E+02     0.2010E+01     0.1000E-04     0.0000E+00     0.0000E+00     0.0000E+00     0.9429E-02     0.7009E-02     0.9203E-02     0.8230E-01     0.1356E+00     0.1891E-01     0.2010E+01     0.1050E+03
   365    12    31  2018     975       1  t_6_975              0.1697E-01     0.2803E-02     0.1690E-01     0.1697E-01     0.2091E+00     0.2091E+00     0.0000E+00     0.0000E+00     0.0000E+00     0.0000E+00     0.0000E+00     0.0000E+00     0.5566E+02     0.3515E+01     0.1000E-04     0.0000E+00     0.0000E+00     0.0000E+00     0.6657E-01     0.1100E-01     0.6630E-01     0.8339E-02     0.7671E+00     0.3444E-01     0.3515E+01     0.2365E+03
   365    12    31  2018     976       1  t_6_976              0.1317E-01     0.1309E-01     0.1313E-01     0.1317E-01     0.1530E-01     0.1530E-01     0.0000E+00     0.0000E+00     0.0000E+00     0.0000E+00     0.0000E+00     0.0000E+00     0.5566E+02     0.3517E+01     0.1000E-04     0.0000E+00     0.0000E+00     0.0000E+00     0.5167E-01     0.5135E-01     0.5153E-01     0.2150E-01     0.5567E+00     0.2519E-02     0.3517E+01     0.2368E+03
   365    12    31  2018     977       1  m_6_977              0.2652E+02     0.5497E-02     0.2652E+02     0.2652E+02     0.1720E+05     0.1854E+05     0.0000E+00     0.0000E+00     0.0000E+00     0.0000E+00     0.1336E+04     0.0000E+00     0.5566E+02     0.3517E+01     0.1000E-04     0.0000E+00     0.1393E+01     0.0000E+00     0.1040E+03     0.2157E-01     0.1040E+03     0.1785E+01     0.3571E+03     0.1397E+03     0.3517E+01     0.2368E+03
   365    12    31  2018     978       1  m_6_978              0.2606E+02     0.9214E-02     0.2606E+02     0.2606E+02     0.3206E+04     0.3206E+04     0.0000E+00     0.0000E+00     0.0000E+00     0.1830E+04     0.0000E+00     0.0000E+00     0.5574E+02     0.1462E+03     0.1400E-02     0.7536E+01     0.0000E+00     0.0000E+00     0.1017E+03     0.3595E-01     0.1017E+03     0.1502E+00     0.2466E+03     0.1243E+03     0.7355E+02     0.8904E+06
   365    12    31  2018     979       1  m_6_979              0.2652E+02     0.1332E-01     0.2652E+02     0.2652E+02     0.1049E+05     0.1148E+05     0.0000E+00     0.0000E+00     0.0000E+00     0.0000E+00     0.9983E+03     0.0000E+00     0.5573E+02     0.3515E+01     0.1000E-04     0.0000E+00     0.4676E+01     0.0000E+00     0.1036E+03     0.5203E-01     0.1036E+03     0.2180E+00     0.3111E+03     0.1356E+03     0.3515E+01     0.2369E+03
   365    12    31  2018     980       1  m_6_980              0.2626E+02     0.1123E-01     0.2626E+02     0.2626E+02     0.5736E+04     0.5793E+04     0.0000E+00     0.0000E+00     0.0000E+00     0.0000E+00     0.5662E+02     0.0000E+00     0.5573E+02     0.3515E+01     0.1000E-04     0.0000E+00     0.1125E+01     0.0000E+00     0.1026E+03     0.4387E-01     0.1026E+03     0.2907E-01     0.2728E+03     0.1292E+03     0.3515E+01     0.2369E+03
   365    12    31  2018     981       1  t_1_981              0.2058E-01     0.2245E-02     0.2058E-01     0.2058E-01     0.2612E+01     0.2617E+01     0.0000E+00     0.0000E+00     0.0000E+00     0.0000E+00     0.5305E-02     0.0000E+00     0.5729E+01     0.7540E+00     0.1000E-04     0.0000E+00     0.6577E-03     0.0000E+00     0.1558E+03     0.1699E+02     0.1558E+03     0.7570E-03     0.1722E+01     0.4380E+00     0.7540E+00     0.1877E+01
   365    12    31  2018     982       1  m_6_982              0.2653E+02     0.9791E-03     0.2653E+02     0.2653E+02     0.1888E+05     0.1945E+05     0.0000E+00     0.0000E+00     0.0000E+00     0.0000E+00     0.5733E+03     0.0000E+00     0.5566E+02     0.3515E+01     0.1000E-04     0.0000E+00     0.1432E+01     0.0000E+00     0.1041E+03     0.3841E-02     0.1041E+03     0.7678E+00     0.3584E+03     0.1398E+03     0.3515E+01     0.2366E+03
   365    12    31  2018     983       1  t_1_983              0.3181E-01     0.1768E-02     0.3179E-01     0.3181E-01     0.4382E+01     0.4846E+01     0.0000E+00     0.0000E+00     0.0000E+00     0.0000E+00     0.4648E+00     0.0000E+00     0.6391E+01     0.8482E+00     0.1000E-04     0.0000E+00     0.5191E-02     0.0000E+00     0.1440E+03     0.8003E+01     0.1439E+03     0.1161E-01     0.2717E+01     0.7325E+00     0.8482E+00     0.2548E+01
   365    12    31  2018     984       1  t_1_984              0.5465E-01     0.1737E-02     0.5464E-01     0.5465E-01     0.9392E+01     0.1086E+02     0.0000E+00     0.0000E+00     0.2647E-01     0.0000E+00     0.1498E+01     0.0000E+00     0.6754E+01     0.9126E+00     0.1000E-04     0.0000E+00     0.3561E-01     0.0000E+00     0.1185E+03     0.3765E+01     0.1185E+03     0.8353E-02     0.5143E+01     0.1530E+01     0.9126E+00     0.3043E+01
   365    12    31  2018     985       1  t_2_985              0.1702E+00     0.7066E-02     0.1702E+00     0.1702E+00     0.3972E+02     0.4089E+02     0.0000E+00     0.0000E+00     0.4172E+00     0.0000E+00     0.1584E+01     0.0000E+00     0.7881E+01     0.1123E+01     0.1000E-04     0.0000E+00     0.2158E+00     0.0000E+00     0.1909E+03     0.7927E+01     0.1909E+03     0.7805E-03     0.3464E+01     0.2079E+01     0.1123E+01     0.5018E+01
   365    12    31  2018     986       1  t_1_986              0.6727E-01     0.2790E-01     0.6722E-01     0.6727E-01     0.2366E+02     0.2366E+02     0.0000E+00     0.0000E+00     0.0000E+00     0.0000E+00     0.0000E+00     0.0000E+00     0.6627E+01     0.9001E+00     0.3132E-03     0.0000E+00     0.0000E+00     0.0000E+00     0.1661E+03     0.6887E+02     0.1659E+03     0.7537E-01     0.5181E+01     0.4267E+00     0.9001E+00     0.1633E+02
   365    12    31  2018     987       1  t_1_987              0.1798E-01     0.9755E-02     0.1796E-01     0.1817E-01     0.8312E+01     0.8312E+01     0.0000E+00     0.0000E+00     0.0000E+00     0.0000E+00     0.0000E+00     0.0000E+00     0.5936E+01     0.1046E+01     0.9250E-03     0.0000E+00     0.0000E+00     0.0000E+00     0.1436E+03     0.7792E+02     0.1435E+03     0.2236E-01     0.1539E+01     0.1165E+00     0.1046E+01     0.3246E+02
   365    12    31  2018     988       1  m_2_988              0.2198E+00     0.3521E-02     0.2197E+00     0.2198E+00     0.5707E+02     0.7014E+02     0.0000E+00     0.0000E+00     0.3342E+00     0.0000E+00     0.1341E+02     0.0000E+00     0.8449E+01     0.1223E+01     0.1000E-04     0.0000E+00     0.9340E-01     0.0000E+00     0.1647E+03     0.2639E+01     0.1647E+03     0.7983E-01     0.6323E+01     0.1188E+01     0.1223E+01     0.6208E+01
   365    12    31  2018     989       1  t_1_989              0.7331E-02     0.4448E-02     0.7294E-02     0.1035E-01     0.1149E+02     0.1149E+02     0.0000E+00     0.0000E+00     0.0000E+00     0.0000E+00     0.0000E+00     0.0000E+00     0.5737E+01     0.1032E+01     0.1000E-04     0.0000E+00     0.0000E+00     0.0000E+00     0.9100E+02     0.5521E+02     0.9054E+02     0.5556E-01     0.1143E+01     0.1083E+00     0.1032E+01     0.3193E+01
   365    12    31  2018     990       1  m_2_990              0.2182E+00     0.1201E-02     0.2182E+00     0.2182E+00     0.3507E+02     0.4574E+02     0.0000E+00     0.0000E+00     0.0000E+00     0.0000E+00     0.1067E+02     0.0000E+00     0.8432E+01     0.1217E+01     0.1000E-04     0.0000E+00     0.1172E+00     0.0000E+00     0.1630E+03     0.8972E+00     0.1630E+03     0.1114E-01     0.4730E+01     0.1134E+01     0.1217E+01     0.6140E+01
   365    12    31  2018     991       1  t_1_991              0.2913E-01     0.7528E-02     0.2910E-01     0.2913E-01     0.4557E+02     0.4557E+02     0.0000E+00     0.0000E+00     0.0000E+00     0.0000E+00     0.0000E+00     0.0000E+00     0.6190E+01     0.8946E+00     0.1650E-03     0.0000E+00     0.0000E+00     0.0000E+00     0.9095E+02     0.2350E+02     0.9086E+02     0.6959E-01     0.4542E+01     0.4332E+00     0.8946E+00     0.1097E+02
   365    12    31  2018     992       1  m_2_992              0.2013E+00     0.8764E-02     0.2013E+00     0.2013E+00     0.9636E+02     0.1244E+03     0.0000E+00     0.0000E+00     0.8897E+00     0.0000E+00     0.2895E+02     0.0000E+00     0.8420E+01     0.1209E+01     0.1000E-04     0.0000E+00     0.1274E+00     0.0000E+00     0.1671E+03     0.7272E+01     0.1670E+03     0.1510E+00     0.1426E+02     0.1337E+01     0.1209E+01     0.6065E+01
   365    12    31  2018     993       1  m_2_993              0.1920E+00     0.9080E-02     0.1920E+00     0.1920E+00     0.8534E+02     0.9390E+02     0.0000E+00     0.0000E+00     0.6770E+01     0.0000E+00     0.1533E+02     0.0000E+00     0.7769E+01     0.1127E+01     0.1000E-04     0.0000E+00     0.8426E-01     0.0000E+00     0.1616E+03     0.7643E+01     0.1616E+03     0.1787E+00     0.1327E+02     0.1314E+01     0.1127E+01     0.4984E+01
   365    12    31  2018     994       1  m_1_994              0.4810E-01     0.7374E-02     0.4810E-01     0.4810E-01     0.3243E+02     0.3243E+02     0.0000E+00     0.0000E+00     0.0000E+00     0.1200E+02     0.0000E+00     0.0000E+00     0.5936E+01     0.5244E+01     0.1054E-01     0.2299E+00     0.0000E+00     0.0000E+00     0.1624E+03     0.2489E+02     0.1624E+03     0.1272E-01     0.5226E+01     0.3474E+00     0.2581E+01     0.6425E+03
   365    12    31  2018     995       1  t_1_995              0.1764E-01     0.1015E-01     0.1762E-01     0.1764E-01     0.2983E+02     0.2983E+02     0.0000E+00     0.0000E+00     0.0000E+00     0.4389E+02     0.0000E+00     0.0000E+00     0.5111E+01     0.7283E+01     0.2298E-01     0.3481E+00     0.0000E+00     0.0000E+00     0.8435E+02     0.4856E+02     0.8427E+02     0.2594E-01     0.2829E+01     0.2832E+00     0.3263E+01     0.1431E+04
   365    12    31  2018     996       1  m_1_996              0.9817E-01     0.8556E-02     0.9817E-01     0.9817E-01     0.2352E+02     0.2352E+02     0.0000E+00     0.0000E+00     0.0000E+00     0.2996E+03     0.0000E+00     0.0000E+00     0.6242E+01     0.6503E+02     0.4845E-02     0.3383E+01     0.0000E+00     0.0000E+00     0.1911E+03     0.1666E+02     0.1911E+03     0.1890E-01     0.4037E+01     0.5226E+00     0.2818E+02     0.9909E+05
   365    12    31  2018     997       1  m_1_997              0.1133E+00     0.7884E-02     0.1132E+00     0.1133E+00     0.5225E+02     0.5225E+02     0.0000E+00     0.0000E+00     0.0000E+00     0.2820E+00     0.0000E+00     0.0000E+00     0.6936E+01     0.9576E+00     0.3600E-03     0.1838E-02     0.0000E+00     0.0000E+00     0.1584E+03     0.1103E+02     0.1584E+03     0.1116E+00     0.6616E+01     0.7954E+00     0.9354E+00     0.1954E+02
   365    12    31  2018     998       1  t_1_998              0.3637E-01     0.8113E-02     0.3636E-01     0.3637E-01     0.1164E+02     0.1167E+02     0.0000E+00     0.0000E+00     0.0000E+00     0.0000E+00     0.3120E-01     0.0000E+00     0.6168E+01     0.8850E+00     0.1000E-04     0.0000E+00     0.2080E-02     0.0000E+00     0.1133E+03     0.2527E+02     0.1133E+03     0.1491E-02     0.1715E+01     0.3141E+00     0.8850E+00     0.2642E+01
   365    12    31  2018     999       1  t_1_999              0.4040E-01     0.1667E-01     0.4037E-01     0.4040E-01     0.3117E+02     0.3117E+02     0.0000E+00     0.0000E+00     0.0000E+00     0.3223E+01     0.0000E+00     0.0000E+00     0.5973E+01     0.1577E+01     0.2564E-02     0.3449E-01     0.0000E+00     0.0000E+00     0.1411E+03     0.5825E+02     0.1410E+03     0.5285E-01     0.4462E+01     0.3341E+00     0.1170E+01     0.6706E+02
   365    12    31  2018    1000       1  m_2_1000             0.3143E+00     0.9584E-01     0.3143E+00     0.3143E+00     0.4665E+02     0.4665E+02     0.0000E+00     0.0000E+00     0.0000E+00     0.2492E+03     0.0000E+00     0.0000E+00     0.7990E+01     0.1458E+03     0.9455E-02     0.7618E+01     0.0000E+00     0.0000E+00     0.2336E+03     0.7123E+02     0.2336E+03     0.2327E-02     0.1249E+02     0.1143E+01     0.6540E+02     0.1146E+07
   365    12    31  2018    1001       1  m_1_1001             0.8776E-01     0.3533E-01     0.8775E-01     0.8776E-01     0.2600E+02     0.2600E+02     0.0000E+00     0.0000E+00     0.0000E+00     0.0000E+00     0.0000E+00     0.0000E+00     0.6694E+01     0.8883E+00     0.1075E-03     0.0000E+00     0.0000E+00     0.0000E+00     0.2048E+03     0.8247E+02     0.2048E+03     0.1740E-01     0.5170E+01     0.4312E+00     0.8883E+00     0.9451E+01
   365    12    31  2018    1002       1  t_1_1002             0.1493E+00     0.1132E-01     0.1493E+00     0.1739E+00     0.1391E+02     0.1391E+02     0.0000E+00     0.0000E+00     0.0000E+00     0.8213E+03     0.0000E+00     0.0000E+00     0.5113E+01     0.2090E+03     0.1010E-01     0.1096E+02     0.0000E+00     0.0000E+00     0.1430E+04     0.1084E+03     0.1430E+04     0.1101E-01     0.1041E+02     0.2259E+00     0.9316E+02     0.3012E+07
   365    12    31  2018    1003       1  t_2_1003             0.5457E+00     0.8993E-02     0.5456E+00     0.5457E+00     0.2765E+03     0.3173E+03     0.0000E+00     0.0000E+00     0.2302E+02     0.0000E+00     0.6378E+02     0.0000E+00     0.9509E+01     0.1255E+01     0.1000E-04     0.0000E+00     0.2790E+00     0.0000E+00     0.2573E+03     0.4241E+01     0.2573E+03     0.2913E+00     0.2811E+02     0.2607E+01     0.1255E+01     0.7282E+01
   365    12    31  2018    1004       1  t_2_1004             0.2875E+00     0.1366E-01     0.2875E+00     0.2875E+00     0.2092E+03     0.2170E+03     0.0000E+00     0.0000E+00     0.8819E+01     0.0000E+00     0.1657E+02     0.0000E+00     0.7851E+01     0.1169E+01     0.1000E-04     0.0000E+00     0.1548E+00     0.0000E+00     0.3168E+03     0.1505E+02     0.3168E+03     0.1667E+00     0.1655E+02     0.1961E+01     0.1169E+01     0.5350E+01
   365    12    31  2018    1005       1  t_1_1005             0.3845E-02     0.2237E-02     0.3844E-02     0.9558E-02     0.8092E+01     0.8092E+01     0.0000E+00     0.0000E+00     0.0000E+00     0.0000E+00     0.0000E+00     0.0000E+00     0.2711E+01     0.3007E+00     0.1897E-02     0.0000E+00     0.0000E+00     0.0000E+00     0.1199E+03     0.6974E+02     0.1198E+03     0.3607E-02     0.3857E+00     0.6970E-01     0.3007E+00     0.2640E+01
   365    12    31  2018    1006       1  m_3_1006             0.1393E+01     0.6043E-02     0.1393E+01     0.1393E+01     0.4491E+03     0.3858E+03     0.0000E+00     0.0000E+00     0.8388E+02     0.0000E+00     0.2063E+02     0.0000E+00     0.1394E+02     0.1364E+01     0.1000E-04     0.0000E+00     0.4784E+00     0.0000E+00     0.2211E+03     0.9591E+00     0.2211E+03     0.1710E-01     0.2935E+02     0.8024E+01     0.1364E+01     0.1223E+02
   365    12    31  2018    1007       1  t_2_1007             0.4488E+00     0.1585E-01     0.4487E+00     0.4488E+00     0.1724E+03     0.2124E+03     0.0000E+00     0.0000E+00     0.9153E+01     0.0000E+00     0.4914E+02     0.0000E+00     0.9391E+01     0.1264E+01     0.1000E-04     0.0000E+00     0.2128E+00     0.0000E+00     0.2386E+03     0.8425E+01     0.2386E+03     0.2467E+00     0.2369E+02     0.2130E+01     0.1264E+01     0.7285E+01
   365    12    31  2018    1008       1  t_1_1008             0.1042E+00     0.3781E-02     0.1042E+00     0.1042E+00     0.1015E+03     0.1015E+03     0.0000E+00     0.0000E+00     0.0000E+00     0.0000E+00     0.0000E+00     0.0000E+00     0.6448E+01     0.8759E+00     0.1335E-02     0.0000E+00     0.0000E+00     0.0000E+00     0.2582E+03     0.9369E+01     0.2582E+03     0.7031E-01     0.8621E+01     0.8761E+00     0.8759E+00     0.3134E+02
   365    12    31  2018    1009       1  t_2_1009             0.4410E+00     0.6404E-02     0.4409E+00     0.4410E+00     0.5517E+03     0.6684E+03     0.0000E+00     0.0000E+00     0.2580E+02     0.0000E+00     0.1425E+03     0.0000E+00     0.1001E+02     0.1288E+01     0.1000E-04     0.0000E+00     0.1591E+00     0.0000E+00     0.1865E+03     0.2709E+01     0.1865E+03     0.2185E+01     0.2227E+02     0.4884E+01     0.1288E+01     0.8007E+01
   365    12    31  2018    1010       1  m_1_1010             0.4006E-01     0.1472E-01     0.4005E-01     0.4006E-01     0.6308E+02     0.6312E+02     0.0000E+00     0.0000E+00     0.0000E+00     0.0000E+00     0.3527E-01     0.0000E+00     0.6695E+01     0.9751E+00     0.1000E-04     0.0000E+00     0.4219E-03     0.0000E+00     0.1593E+03     0.5854E+02     0.1593E+03     0.1468E+00     0.3642E+01     0.5447E+00     0.9751E+00     0.3372E+01
   365    12    31  2018    1011       1  m_3_1011             0.1337E+01     0.2953E-01     0.1337E+01     0.1337E+01     0.1346E+04     0.1381E+04     0.0000E+00     0.0000E+00     0.1327E+03     0.0000E+00     0.1673E+03     0.0000E+00     0.1395E+02     0.1364E+01     0.1000E-04     0.0000E+00     0.4779E+00     0.0000E+00     0.2123E+03     0.4688E+01     0.2122E+03     0.1063E+01     0.7058E+02     0.1023E+02     0.1364E+01     0.1224E+02
   365    12    31  2018    1012       1  t_3_1012             0.1016E+01     0.2713E-01     0.1016E+01     0.1016E+01     0.9958E+03     0.9793E+03     0.0000E+00     0.0000E+00     0.1035E+03     0.0000E+00     0.8704E+02     0.0000E+00     0.1320E+02     0.1342E+01     0.1000E-04     0.0000E+00     0.3553E+00     0.0000E+00     0.2245E+03     0.5997E+01     0.2245E+03     0.6469E+00     0.5285E+02     0.7576E+01     0.1342E+01     0.1128E+02
   365    12    31  2018    1013       1  t_2_1013             0.3083E+00     0.5014E-02     0.3083E+00     0.3083E+00     0.1364E+03     0.1445E+03     0.0000E+00     0.0000E+00     0.8924E+00     0.0000E+00     0.9040E+01     0.0000E+00     0.8460E+01     0.1295E+01     0.1000E-04     0.0000E+00     0.9090E-01     0.0000E+00     0.2637E+03     0.4288E+01     0.2637E+03     0.7298E-01     0.9653E+01     0.2287E+01     0.1295E+01     0.6847E+01
   365    12    31  2018    1014       1  t_1_1014             0.2164E-02     0.1670E-02     0.2163E-02     0.8256E-02     0.2484E+01     0.2628E+01     0.0000E+00     0.0000E+00     0.2577E+00     0.0000E+00     0.4020E+00     0.0000E+00     0.1789E+01     0.2338E+00     0.1000E-04     0.0000E+00     0.5463E-01     0.0000E+00     0.2198E+03     0.1696E+03     0.2197E+03     0.1332E-02     0.1945E+00     0.2140E-01     0.2338E+00     0.8328E-01
   365    12    31  2018    1015       1  m_2_1015             0.1820E+00     0.3019E-01     0.1820E+00     0.1820E+00     0.5404E+02     0.5508E+02     0.0000E+00     0.0000E+00     0.0000E+00     0.0000E+00     0.1048E+01     0.0000E+00     0.8636E+01     0.1189E+01     0.1000E-04     0.0000E+00     0.4913E-01     0.0000E+00     0.1638E+03     0.2717E+02     0.1638E+03     0.3793E-02     0.5617E+01     0.1227E+01     0.1189E+01     0.6052E+01
   365    12    31  2018    1016       1  t_1_1016             0.7362E-01     0.4251E-01     0.7362E-01     0.1016E+00     0.1457E+02     0.4077E+02     0.0000E+00     0.0000E+00     0.5916E+00     0.0000E+00     0.2679E+02     0.0000E+00     0.6104E+01     0.9077E+00     0.1000E-04     0.0000E+00     0.2494E+00     0.0000E+00     0.8847E+03     0.5108E+03     0.8846E+03     0.5368E-01     0.5572E+01     0.1506E+00     0.9077E+00     0.2730E+01
   365    12    31  2018    1017       1  t_1_1017             0.1621E-01     0.8732E-02     0.1620E-01     0.1621E-01     0.3762E+02     0.3762E+02     0.0000E+00     0.0000E+00     0.0000E+00     0.4063E-01     0.0000E+00     0.0000E+00     0.4976E+01     0.7335E+00     0.4885E-02     0.4990E-03     0.0000E+00     0.0000E+00     0.1087E+03     0.5855E+02     0.1086E+03     0.7622E-01     0.1601E+01     0.3237E+00     0.7273E+00     0.3398E+02
   365    12    31  2018    1018       1  t_1_1018             0.2616E-01     0.1348E-01     0.2614E-01     0.2616E-01     0.6379E+02     0.6379E+02     0.0000E+00     0.0000E+00     0.0000E+00     0.7477E+01     0.0000E+00     0.0000E+00     0.5609E+01     0.1679E+01     0.1427E-01     0.4909E-01     0.0000E+00     0.0000E+00     0.1034E+03     0.5329E+02     0.1034E+03     0.1303E+00     0.2607E+01     0.5491E+00     0.1140E+01     0.1476E+03
   365    12    31  2018    1019       1  t_2_1019             0.3029E+00     0.6531E-02     0.3029E+00     0.3029E+00     0.2617E+03     0.2617E+03     0.0000E+00     0.0000E+00     0.0000E+00     0.1359E+01     0.0000E+00     0.0000E+00     0.8349E+01     0.1757E+01     0.3186E-03     0.2566E-01     0.0000E+00     0.0000E+00     0.2792E+03     0.6020E+01     0.2792E+03     0.4237E+00     0.1822E+02     0.2347E+01     0.1487E+01     0.4858E+02
   365    12    31  2018    1020       1  t_2_1020             0.2687E+00     0.2377E-02     0.2687E+00     0.2687E+00     0.1835E+03     0.1835E+03     0.0000E+00     0.0000E+00     0.0000E+00     0.6871E+02     0.0000E+00     0.0000E+00     0.7189E+01     0.1994E+03     0.3740E-02     0.1044E+02     0.0000E+00     0.0000E+00     0.3336E+03     0.2951E+01     0.3336E+03     0.2050E-01     0.1476E+02     0.1739E+01     0.8793E+02     0.1628E+07
   365    12    31  2018    1021       1  m_3_1021             0.1281E+01     0.2559E-02     0.1281E+01     0.1281E+01     0.1261E+04     0.1315E+04     0.0000E+00     0.0000E+00     0.2075E+03     0.0000E+00     0.2619E+03     0.0000E+00     0.1392E+02     0.1368E+01     0.1000E-04     0.0000E+00     0.4662E+00     0.0000E+00     0.2077E+03     0.4149E+00     0.2077E+03     0.1658E+01     0.6612E+02     0.9955E+01     0.1368E+01     0.1227E+02
   365    12    31  2018    1022       1  m_1_1022             0.8831E-01     0.2875E-01     0.8827E-01     0.8831E-01     0.1229E+03     0.1265E+03     0.0000E+00     0.0000E+00     0.0000E+00     0.0000E+00     0.3608E+01     0.0000E+00     0.7084E+01     0.9558E+00     0.1000E-04     0.0000E+00     0.1685E-01     0.0000E+00     0.1353E+03     0.4405E+02     0.1352E+03     0.5622E+00     0.5999E+01     0.1307E+01     0.9558E+00     0.3447E+01
   365    12    31  2018    1023       1  t_2_1023             0.4166E+00     0.5654E-02     0.4165E+00     0.4166E+00     0.3776E+03     0.4607E+03     0.0000E+00     0.0000E+00     0.1020E+02     0.0000E+00     0.9327E+02     0.0000E+00     0.9745E+01     0.1304E+01     0.1000E-04     0.0000E+00     0.1437E+00     0.0000E+00     0.2079E+03     0.2821E+01     0.2079E+03     0.1212E+01     0.1939E+02     0.4101E+01     0.1304E+01     0.7956E+01
   365    12    31  2018    1024       1  t_2_1024             0.3272E+00     0.1183E-01     0.3272E+00     0.3272E+00     0.5206E+02     0.6342E+02     0.0000E+00     0.0000E+00     0.1804E+01     0.0000E+00     0.1317E+02     0.0000E+00     0.8790E+01     0.1212E+01     0.1000E-04     0.0000E+00     0.1430E+00     0.0000E+00     0.2261E+03     0.8174E+01     0.2261E+03     0.2325E-01     0.1354E+02     0.1189E+01     0.1212E+01     0.6354E+01
   365    12    31  2018    1025       1  m_2_1025             0.1427E+00     0.7227E-02     0.1426E+00     0.1427E+00     0.1810E+03     0.1894E+03     0.0000E+00     0.0000E+00     0.0000E+00     0.0000E+00     0.8441E+01     0.0000E+00     0.8642E+01     0.1192E+01     0.1000E-04     0.0000E+00     0.1855E-01     0.0000E+00     0.1285E+03     0.6507E+01     0.1284E+03     0.1000E+01     0.9209E+01     0.2004E+01     0.1192E+01     0.6077E+01
   365    12    31  2018    1026       1  t_1_1026             0.1010E-01     0.6409E-02     0.1009E-01     0.1521E-01     0.1855E+02     0.1855E+02     0.0000E+00     0.0000E+00     0.0000E+00     0.0000E+00     0.0000E+00     0.0000E+00     0.5731E+01     0.8108E+00     0.1000E-04     0.0000E+00     0.0000E+00     0.0000E+00     0.1373E+03     0.8718E+02     0.1373E+03     0.1952E-01     0.9426E+00     0.1598E+00     0.8108E+00     0.2121E+01
   365    12    31  2018    1027       1  t_1_1027             0.3982E-02     0.1675E-02     0.3981E-02     0.1421E-01     0.3345E+01     0.3706E+01     0.0000E+00     0.0000E+00     0.3603E+00     0.0000E+00     0.7204E+00     0.0000E+00     0.1957E+01     0.2469E+00     0.1000E-04     0.0000E+00     0.3172E+00     0.0000E+00     0.3135E+03     0.1319E+03     0.3135E+03     0.1929E-02     0.3395E+00     0.2758E-01     0.2469E+00     0.9965E-01
   365    12    31  2018    1028       1  t_2_1028             0.1152E-01     0.7495E-02     0.1150E-01     0.1152E-01     0.2027E+02     0.2027E+02     0.0000E+00     0.0000E+00     0.0000E+00     0.0000E+00     0.0000E+00     0.0000E+00     0.8156E+01     0.9624E+00     0.5817E-02     0.0000E+00     0.0000E+00     0.0000E+00     0.8082E+01     0.5256E+01     0.8069E+01     0.9689E-01     0.1055E+01     0.1734E+00     0.9624E+00     0.9667E+02
   365    12    31  2018    1029       1  t_1_1029             0.2801E-01     0.2528E-01     0.2800E-01     0.5155E-01     0.1373E+02     0.1373E+02     0.0000E+00     0.0000E+00     0.0000E+00     0.9396E+03     0.0000E+00     0.0000E+00     0.3774E+01     0.1678E+03     0.3059E-01     0.8792E+01     0.0000E+00     0.0000E+00     0.5146E+03     0.4645E+03     0.5145E+03     0.1198E-01     0.2238E+01     0.1181E+00     0.7355E+02     0.2838E+07
   365    12    31  2018    1030       1  t_1_1030             0.1979E-01     0.8869E-02     0.1977E-01     0.2576E-01     0.2269E+02     0.2269E+02     0.0000E+00     0.0000E+00     0.0000E+00     0.0000E+00     0.7065E-02     0.0000E+00     0.5927E+01     0.8110E+00     0.1000E-04     0.0000E+00     0.3765E-03     0.0000E+00     0.2197E+03     0.9846E+02     0.2195E+03     0.7283E-01     0.1705E+01     0.1950E+00     0.8110E+00     0.2194E+01
   365    12    31  2018    1031       1  t_1_1031             0.8568E-01     0.7510E-02     0.8561E-01     0.8568E-01     0.4637E+02     0.5299E+02     0.0000E+00     0.0000E+00     0.0000E+00     0.0000E+00     0.6618E+01     0.0000E+00     0.6366E+01     0.8921E+00     0.1000E-04     0.0000E+00     0.2410E-01     0.0000E+00     0.4438E+03     0.3890E+02     0.4434E+03     0.3030E+00     0.3350E+01     0.3759E+00     0.8921E+00     0.2763E+01
   365    12    31  2018    1032       1  m_2_1032             0.2555E+00     0.3965E-01     0.2552E+00     0.2555E+00     0.1619E+03     0.2423E+03     0.0000E+00     0.0000E+00     0.6613E+01     0.0000E+00     0.8702E+02     0.0000E+00     0.8802E+01     0.1201E+01     0.1000E-04     0.0000E+00     0.1042E+00     0.0000E+00     0.1720E+03     0.2670E+02     0.1719E+03     0.1257E+01     0.1198E+02     0.2033E+01     0.1201E+01     0.6271E+01
   365    12    31  2018    1033       1  t_2_1033             0.3207E+00     0.1003E-01     0.3206E+00     0.3207E+00     0.1561E+03     0.1788E+03     0.0000E+00     0.0000E+00     0.2398E+00     0.0000E+00     0.2295E+02     0.0000E+00     0.8786E+01     0.1301E+01     0.1000E-04     0.0000E+00     0.9154E-01     0.0000E+00     0.2639E+03     0.8254E+01     0.2639E+03     0.2076E+00     0.1071E+02     0.2386E+01     0.1301E+01     0.7156E+01
   365    12    31  2018    1034       1  t_1_1034             0.2602E-01     0.2239E-01     0.2602E-01     0.6352E-01     0.1952E+01     0.1952E+01     0.0000E+00     0.0000E+00     0.0000E+00     0.1647E+01     0.0000E+00     0.0000E+00     0.2745E+01     0.1311E+02     0.1959E-02     0.6737E+00     0.0000E+00     0.0000E+00     0.7827E+03     0.6734E+03     0.7827E+03     0.2085E-03     0.1747E+01     0.4292E-01     0.5858E+01     0.1131E+04
   365    12    31  2018    1035       1  t_1_1035             0.9067E-01     0.7148E-01     0.9066E-01     0.9067E-01     0.5253E+02     0.5253E+02     0.0000E+00     0.0000E+00     0.0000E+00     0.2100E+01     0.0000E+00     0.0000E+00     0.5376E+01     0.1290E+01     0.6127E-02     0.2751E-01     0.0000E+00     0.0000E+00     0.4340E+03     0.3421E+03     0.4339E+03     0.6502E-01     0.7104E+01     0.4531E+00     0.9536E+00     0.6749E+02
   365    12    31  2018    1036       1  t_1_1036             0.5437E-01     0.3885E-01     0.5435E-01     0.5437E-01     0.7813E+02     0.7813E+02     0.0000E+00     0.0000E+00     0.0000E+00     0.7537E+02     0.0000E+00     0.0000E+00     0.5583E+01     0.3732E+02     0.5182E-02     0.1925E+01     0.0000E+00     0.0000E+00     0.1756E+03     0.1254E+03     0.1755E+03     0.1581E+00     0.4668E+01     0.6725E+00     0.1621E+02     0.2663E+05
   365    12    31  2018    1037       1  t_1_1037             0.3053E-01     0.2588E-02     0.3053E-01     0.4686E-01     0.1163E+02     0.1169E+02     0.0000E+00     0.0000E+00     0.0000E+00     0.0000E+00     0.6705E-01     0.0000E+00     0.5926E+01     0.9163E+00     0.1000E-04     0.0000E+00     0.1467E-02     0.0000E+00     0.4264E+03     0.3614E+02     0.4264E+03     0.1664E-01     0.2171E+01     0.1261E+00     0.9163E+00     0.2694E+01
   365    12    31  2018    1038       1  t_1_1038             0.5670E-01     0.3677E-01     0.5669E-01     0.7205E-01     0.2328E+02     0.2370E+02     0.0000E+00     0.0000E+00     0.0000E+00     0.0000E+00     0.4206E+00     0.0000E+00     0.5915E+01     0.8123E+00     0.1000E-04     0.0000E+00     0.2083E-01     0.0000E+00     0.6092E+03     0.3951E+03     0.6092E+03     0.1506E-01     0.4294E+01     0.2014E+00     0.8123E+00     0.2195E+01
   365    12    31  2018    1039       1  m_1_1039             0.2367E-01     0.1276E-01     0.2365E-01     0.2367E-01     0.5492E+02     0.5492E+02     0.0000E+00     0.0000E+00     0.0000E+00     0.0000E+00     0.0000E+00     0.0000E+00     0.6277E+01     0.9631E+00     0.1000E-04     0.0000E+00     0.0000E+00     0.0000E+00     0.1088E+03     0.5862E+02     0.1086E+03     0.2286E+00     0.2227E+01     0.4721E+00     0.9631E+00     0.3100E+01
   365    12    31  2018    1040       1  t_1_1040             0.2398E-01     0.7888E-02     0.2398E-01     0.2398E-01     0.8099E+02     0.8099E+02     0.0000E+00     0.0000E+00     0.0000E+00     0.3041E+00     0.0000E+00     0.0000E+00     0.6390E+01     0.1224E+01     0.3470E-02     0.2099E-01     0.0000E+00     0.0000E+00     0.7471E+02     0.2457E+02     0.7469E+02     0.5683E-01     0.2532E+01     0.6982E+00     0.1006E+01     0.6394E+02
   365    12    31  2018    1041       1  t_2_1041             0.2376E+00     0.1993E-01     0.2375E+00     0.2376E+00     0.1658E+03     0.1658E+03     0.0000E+00     0.0000E+00     0.0000E+00     0.6043E+04     0.0000E+00     0.0000E+00     0.7047E+01     0.1648E+03     0.7953E-02     0.8622E+01     0.0000E+00     0.0000E+00     0.3229E+03     0.2709E+02     0.3229E+03     0.2301E+00     0.1224E+02     0.1588E+01     0.7228E+02     0.1439E+07
   365    12    31  2018    1042       1  t_1_1042             0.2346E-01     0.1640E-01     0.2343E-01     0.3448E-01     0.1721E+02     0.1721E+02     0.0000E+00     0.0000E+00     0.0000E+00     0.0000E+00     0.0000E+00     0.0000E+00     0.6417E+01     0.1143E+01     0.4093E-03     0.0000E+00     0.0000E+00     0.0000E+00     0.3081E+03     0.2154E+03     0.3077E+03     0.7974E-01     0.1656E+01     0.1591E+00     0.1143E+01     0.2707E+02
   365    12    31  2018    1043       1  m_2_1043             0.2011E+00     0.1516E-01     0.2011E+00     0.2011E+00     0.7510E+02     0.8787E+02     0.0000E+00     0.0000E+00     0.0000E+00     0.0000E+00     0.1277E+02     0.0000E+00     0.8673E+01     0.1197E+01     0.1000E-04     0.0000E+00     0.5854E-01     0.0000E+00     0.1689E+03     0.1273E+02     0.1689E+03     0.1546E+00     0.7148E+01     0.1398E+01     0.1197E+01     0.6143E+01
   365    12    31  2018    1044       1  t_1_1044             0.4079E-01     0.1739E-01     0.4078E-01     0.4079E-01     0.2290E+02     0.2290E+02     0.0000E+00     0.0000E+00     0.0000E+00     0.0000E+00     0.0000E+00     0.0000E+00     0.6999E+01     0.9450E+00     0.3212E-03     0.0000E+00     0.0000E+00     0.0000E+00     0.1238E+03     0.5277E+02     0.1238E+03     0.1296E-01     0.1834E+01     0.4227E+00     0.9450E+00     0.1894E+02
   365    12    31  2018    1045       1  t_1_1045             0.1374E+00     0.8074E-01     0.1374E+00     0.1746E+00     0.2367E+02     0.1105E+02     0.0000E+00     0.0000E+00     0.1275E+02     0.0000E+00     0.1308E+00     0.0000E+00     0.3944E+01     0.3773E+00     0.1000E-04     0.0000E+00     0.3371E+00     0.0000E+00     0.1477E+04     0.8675E+03     0.1477E+04     0.3252E-03     0.9370E+01     0.2014E+00     0.3773E+00     0.4066E+00
   365    12    31  2018    1046       1  t_1_1046             0.6343E-01     0.3729E-01     0.6343E-01     0.6343E-01     0.6355E+02     0.6355E+02     0.0000E+00     0.0000E+00     0.0000E+00     0.0000E+00     0.0000E+00     0.0000E+00     0.6039E+01     0.8767E+00     0.1176E-02     0.0000E+00     0.0000E+00     0.0000E+00     0.2508E+03     0.1474E+03     0.2508E+03     0.1565E-02     0.4848E+01     0.5491E+00     0.8767E+00     0.2763E+02
   365    12    31  2018    1047       1  m_1_1047             0.3054E-01     0.1288E-01     0.3053E-01     0.3054E-01     0.2469E+02     0.2469E+02     0.0000E+00     0.0000E+00     0.0000E+00     0.0000E+00     0.0000E+00     0.0000E+00     0.6271E+01     0.1726E+01     0.8494E-03     0.0000E+00     0.0000E+00     0.0000E+00     0.1608E+03     0.6779E+02     0.1607E+03     0.2061E-01     0.2202E+01     0.5798E+00     0.1726E+01     0.7725E+02
   365    12    31  2018    1048       1  m_2_1048             0.5104E+00     0.2668E-01     0.5103E+00     0.5104E+00     0.5166E+03     0.5166E+03     0.0000E+00     0.0000E+00     0.0000E+00     0.1261E+02     0.0000E+00     0.0000E+00     0.1124E+02     0.2199E+01     0.3350E-03     0.4654E-01     0.0000E+00     0.0000E+00     0.2094E+03     0.1095E+02     0.2094E+03     0.5485E+00     0.2205E+02     0.6771E+01     0.1668E+01     0.8144E+02
   365    12    31  2018    1049       1  m_2_1049             0.3762E+00     0.2941E-02     0.3762E+00     0.3762E+00     0.1341E+03     0.1798E+03     0.0000E+00     0.0000E+00     0.4621E+01     0.0000E+00     0.5035E+02     0.0000E+00     0.8729E+01     0.1292E+01     0.1000E-04     0.0000E+00     0.1578E+00     0.0000E+00     0.2503E+03     0.1956E+01     0.2503E+03     0.2077E+00     0.1205E+02     0.3920E+01     0.1292E+01     0.7027E+01
   365    12    31  2018    1050       1  t_1_1050             0.1563E-01     0.1898E-03     0.1561E-01     0.1563E-01     0.2194E+02     0.2194E+02     0.0000E+00     0.0000E+00     0.0000E+00     0.0000E+00     0.0000E+00     0.0000E+00     0.5651E+01     0.1541E+01     0.2671E-02     0.0000E+00     0.0000E+00     0.0000E+00     0.9319E+02     0.1132E+01     0.9311E+02     0.4016E-01     0.1269E+01     0.5121E+00     0.1541E+01     0.1022E+03
   365    12    31  2018    1051       1  t_1_1051             0.3318E-01     0.7230E-02     0.3318E-01     0.4887E-01     0.4802E+01     0.4802E+01     0.0000E+00     0.0000E+00     0.0000E+00     0.2558E+00     0.0000E+00     0.0000E+00     0.5249E+01     0.1281E+01     0.3258E-02     0.2784E-01     0.0000E+00     0.0000E+00     0.4370E+03     0.9524E+02     0.4370E+03     0.5338E-03     0.1087E+01     0.2011E+00     0.9663E+00     0.4819E+02
   365    12    31  2018    1052       1  t_1_1052             0.1623E+00     0.2763E-01     0.1623E+00     0.1623E+00     0.3368E+02     0.3368E+02     0.0000E+00     0.0000E+00     0.0000E+00     0.0000E+00     0.0000E+00     0.0000E+00     0.7507E+01     0.1223E+01     0.5407E-03     0.0000E+00     0.0000E+00     0.0000E+00     0.3934E+03     0.6697E+02     0.3933E+03     0.3685E-01     0.7428E+01     0.1036E+01     0.1223E+01     0.4064E+02
   365    12    31  2018    1053       1  t_1_1053             0.3604E-01     0.2196E-02     0.3603E-01     0.4975E-01     0.5745E+01     0.5745E+01     0.0000E+00     0.0000E+00     0.0000E+00     0.6812E+00     0.0000E+00     0.0000E+00     0.5280E+01     0.2797E+01     0.3597E-02     0.1072E+00     0.0000E+00     0.0000E+00     0.4335E+03     0.2642E+02     0.4335E+03     0.1798E-02     0.1261E+01     0.2231E+00     0.1590E+01     0.1317E+03
   365    12    31  2018    1054       1  t_1_1054             0.1666E+00     0.3492E-02     0.1666E+00     0.1666E+00     0.3489E+02     0.3489E+02     0.0000E+00     0.0000E+00     0.0000E+00     0.0000E+00     0.0000E+00     0.0000E+00     0.7587E+01     0.1225E+01     0.6199E-03     0.0000E+00     0.0000E+00     0.0000E+00     0.3946E+03     0.8271E+01     0.3946E+03     0.1551E-01     0.7696E+01     0.1066E+01     0.1225E+01     0.4412E+02
   365    12    31  2018    1055       1  t_1_1055             0.2887E-01     0.1134E-01     0.2887E-01     0.2887E-01     0.9111E+01     0.9111E+01     0.0000E+00     0.0000E+00     0.0000E+00     0.0000E+00     0.0000E+00     0.0000E+00     0.6467E+01     0.1249E+01     0.1000E-04     0.0000E+00     0.0000E+00     0.0000E+00     0.1620E+03     0.6362E+02     0.1620E+03     0.4123E-02     0.9781E+00     0.4567E+00     0.1249E+01     0.4956E+01
   365    12    31  2018    1056       1  t_1_1056             0.3616E-01     0.9426E-02     0.3615E-01     0.3616E-01     0.9073E+01     0.9073E+01     0.0000E+00     0.0000E+00     0.0000E+00     0.0000E+00     0.0000E+00     0.0000E+00     0.6901E+01     0.1222E+01     0.1118E-02     0.0000E+00     0.0000E+00     0.0000E+00     0.1618E+03     0.4217E+02     0.1617E+03     0.8442E-02     0.1087E+01     0.4596E+00     0.1222E+01     0.5376E+02
   365    12    31  2018    1057       1  t_1_1057             0.4189E-01     0.3799E-02     0.4188E-01     0.4649E-01     0.6492E+01     0.6492E+01     0.0000E+00     0.0000E+00     0.0000E+00     0.0000E+00     0.0000E+00     0.0000E+00     0.6516E+01     0.9234E+00     0.1000E-04     0.0000E+00     0.0000E+00     0.0000E+00     0.3769E+03     0.3418E+02     0.3767E+03     0.1727E-01     0.1145E+01     0.2872E+00     0.9234E+00     0.2996E+01
   365    12    31  2018    1058       1  m_2_1058             0.4612E+00     0.8549E-02     0.4611E+00     0.4612E+00     0.2697E+03     0.4844E+03     0.0000E+00     0.0000E+00     0.0000E+00     0.0000E+00     0.2147E+03     0.0000E+00     0.9474E+01     0.1311E+01     0.3897E-04     0.0000E+00     0.2537E+00     0.0000E+00     0.2104E+03     0.3900E+01     0.2104E+03     0.8318E+00     0.1857E+02     0.6023E+01     0.1311E+01     0.1541E+02
   365    12    31  2018    1059       1  t_1_1059             0.1767E-01     0.1404E-02     0.1766E-01     0.1767E-01     0.2311E+02     0.2311E+02     0.0000E+00     0.0000E+00     0.0000E+00     0.0000E+00     0.0000E+00     0.0000E+00     0.6568E+01     0.1267E+01     0.1000E-04     0.0000E+00     0.0000E+00     0.0000E+00     0.1000E+03     0.7946E+01     0.9994E+02     0.3256E-01     0.1403E+01     0.5400E+00     0.1267E+01     0.5152E+01
   365    12    31  2018    1060       1  t_1_1060             0.1103E-01     0.7304E-03     0.1100E-01     0.1218E-01     0.1463E+02     0.1463E+02     0.0000E+00     0.0000E+00     0.0000E+00     0.0000E+00     0.0000E+00     0.0000E+00     0.6106E+01     0.9873E+00     0.3587E-03     0.0000E+00     0.0000E+00     0.0000E+00     0.9859E+02     0.6531E+01     0.9833E+02     0.6930E-01     0.8607E+00     0.3408E+00     0.9873E+00     0.1884E+02
   365    12    31  2018    1061       1  t_2_1061             0.2597E+00     0.3328E-02     0.2597E+00     0.2597E+00     0.8060E+02     0.1045E+03     0.0000E+00     0.0000E+00     0.1411E+01     0.0000E+00     0.2527E+02     0.0000E+00     0.7905E+01     0.1247E+01     0.1000E-04     0.0000E+00     0.1091E+00     0.0000E+00     0.2614E+03     0.3349E+01     0.2614E+03     0.1471E+00     0.8632E+01     0.2606E+01     0.1247E+01     0.6007E+01
   365    12    31  2018    1062       1  t_1_1062             0.1671E-01     0.1069E-01     0.1669E-01     0.2729E-01     0.8549E+01     0.8549E+01     0.0000E+00     0.0000E+00     0.0000E+00     0.0000E+00     0.0000E+00     0.0000E+00     0.5539E+01     0.8537E+00     0.1000E-04     0.0000E+00     0.0000E+00     0.0000E+00     0.2556E+03     0.1636E+03     0.2554E+03     0.1175E-01     0.1009E+01     0.1996E+00     0.8537E+00     0.2238E+01
   365    12    31  2018    1063       1  t_1_1063             0.2581E-01     0.8657E-02     0.2580E-01     0.4009E-01     0.9157E+01     0.9237E+01     0.0000E+00     0.0000E+00     0.0000E+00     0.0000E+00     0.7910E-01     0.0000E+00     0.5507E+01     0.8257E+00     0.1000E-04     0.0000E+00     0.5720E-02     0.0000E+00     0.3668E+03     0.1230E+03     0.3665E+03     0.1686E-01     0.1456E+01     0.2146E+00     0.8257E+00     0.2103E+01
   365    12    31  2018    1064       1  t_1_1064             0.1040E+00     0.1552E-02     0.1039E+00     0.1040E+00     0.4459E+02     0.4459E+02     0.0000E+00     0.0000E+00     0.0000E+00     0.0000E+00     0.0000E+00     0.0000E+00     0.7390E+01     0.1198E+01     0.5985E-03     0.0000E+00     0.0000E+00     0.0000E+00     0.2314E+03     0.3453E+01     0.2313E+03     0.1100E+00     0.5132E+01     0.1284E+01     0.1198E+01     0.4066E+02
   365    12    31  2018    1065       1  t_1_1065             0.1089E+00     0.5543E-02     0.1089E+00     0.1089E+00     0.2292E+02     0.2292E+02     0.0000E+00     0.0000E+00     0.0000E+00     0.0000E+00     0.0000E+00     0.0000E+00     0.7341E+01     0.1135E+01     0.8065E-03     0.0000E+00     0.0000E+00     0.0000E+00     0.2376E+03     0.1210E+02     0.2376E+03     0.5584E-02     0.2827E+01     0.1157E+01     0.1135E+01     0.4284E+02
   365    12    31  2018    1066       1  t_1_1066             0.2653E-01     0.6428E-02     0.2652E-01     0.2653E-01     0.2727E+02     0.2727E+02     0.0000E+00     0.0000E+00     0.0000E+00     0.3450E-01     0.0000E+00     0.0000E+00     0.6594E+01     0.1088E+01     0.3830E-02     0.1132E-02     0.0000E+00     0.0000E+00     0.1259E+03     0.3050E+02     0.1259E+03     0.1241E-01     0.1911E+01     0.6430E+00     0.1078E+01     0.7702E+02
   365    12    31  2018    1067       1  t_1_1067             0.9063E-01     0.5104E-01     0.9060E-01     0.9063E-01     0.1393E+02     0.1393E+02     0.0000E+00     0.0000E+00     0.0000E+00     0.0000E+00     0.0000E+00     0.0000E+00     0.7227E+01     0.1211E+01     0.5085E-03     0.0000E+00     0.0000E+00     0.0000E+00     0.3473E+03     0.1956E+03     0.3472E+03     0.1488E-01     0.3623E+01     0.5736E+00     0.1211E+01     0.3736E+02
   365    12    31  2018    1068       1  t_1_1068             0.2096E+00     0.7830E-02     0.2095E+00     0.2096E+00     0.6720E+02     0.6720E+02     0.0000E+00     0.0000E+00     0.0000E+00     0.0000E+00     0.0000E+00     0.0000E+00     0.7635E+01     0.1237E+01     0.1347E-03     0.0000E+00     0.0000E+00     0.0000E+00     0.2532E+03     0.9459E+01     0.2531E+03     0.2196E+00     0.6885E+01     0.2153E+01     0.1237E+01     0.2104E+02
   365    12    31  2018    1069       1  t_1_1069             0.8203E-01     0.4862E-01     0.8203E-01     0.8203E-01     0.1556E+02     0.1556E+02     0.0000E+00     0.0000E+00     0.0000E+00     0.0000E+00     0.0000E+00     0.0000E+00     0.6176E+01     0.1233E+01     0.1390E-02     0.0000E+00     0.0000E+00     0.0000E+00     0.3606E+03     0.2137E+03     0.3605E+03     0.2702E-02     0.3335E+01     0.6075E+00     0.1233E+01     0.5466E+02
   365    12    31  2018    1070       1  t_1_1070             0.1270E+00     0.3012E-01     0.1270E+00     0.1270E+00     0.2286E+02     0.2286E+02     0.0000E+00     0.0000E+00     0.0000E+00     0.0000E+00     0.0000E+00     0.0000E+00     0.6930E+01     0.1433E+01     0.1246E-02     0.0000E+00     0.0000E+00     0.0000E+00     0.3853E+03     0.9134E+02     0.3853E+03     0.1433E-01     0.5307E+01     0.7836E+00     0.1433E+01     0.7469E+02
   365    12    31  2018    1071       1  t_6_1071             0.9418E-02     0.2303E-02     0.9359E-02     0.9418E-02     0.2083E+01     0.2083E+01     0.0000E+00     0.0000E+00     0.0000E+00     0.0000E+00     0.0000E+00     0.0000E+00     0.7885E+02     0.3493E+01     0.1000E-04     0.0000E+00     0.0000E+00     0.0000E+00     0.3511E-01     0.8586E-02     0.3489E-01     0.1178E+00     0.5601E+00     0.8365E-01     0.3493E+01     0.3320E+03
   365    12    31  2018    1072       1  m_6_1072             0.2837E+02     0.9585E-02     0.2837E+02     0.2837E+02     0.4444E+04     0.4444E+04     0.0000E+00     0.0000E+00     0.0000E+00     0.1821E+04     0.0000E+00     0.0000E+00     0.7843E+02     0.1395E+02     0.2816E-03     0.5685E+00     0.0000E+00     0.0000E+00     0.1056E+03     0.3568E-01     0.1056E+03     0.3254E+01     0.2519E+03     0.1351E+03     0.8434E+01     0.8146E+04
   365    12    31  2018    1073       1  m_6_1073             0.2643E+02     0.2146E-02     0.2643E+02     0.2643E+02     0.5860E+04     0.5905E+04     0.0000E+00     0.0000E+00     0.0000E+00     0.0000E+00     0.4541E+02     0.0000E+00     0.5593E+02     0.3524E+01     0.1000E-04     0.0000E+00     0.1024E+01     0.0000E+00     0.1025E+03     0.8322E-02     0.1025E+03     0.2286E-01     0.2563E+03     0.1278E+03     0.3524E+01     0.2387E+03
   365    12    31  2018    1074       1  m_3_1074             0.1435E+01     0.1914E-02     0.1435E+01     0.1435E+01     0.4316E+03     0.8444E+03     0.0000E+00     0.0000E+00     0.1565E+02     0.0000E+00     0.4285E+03     0.0000E+00     0.1432E+02     0.1387E+01     0.1000E-04     0.0000E+00     0.5219E+00     0.0000E+00     0.2165E+03     0.2888E+00     0.2165E+03     0.8008E+00     0.3120E+02     0.9230E+01     0.1387E+01     0.1292E+02
   365    12    31  2018    1075       1  m_6_1075             0.2832E+02     0.3687E-02     0.2832E+02     0.2832E+02     0.4393E+04     0.4412E+04     0.0000E+00     0.0000E+00     0.0000E+00     0.0000E+00     0.1807E+02     0.0000E+00     0.6513E+02     0.2059E+01     0.1000E-04     0.0000E+00     0.2344E+01     0.0000E+00     0.1056E+03     0.1375E-01     0.1056E+03     0.5628E-02     0.2483E+03     0.1338E+03     0.2059E+01     0.1138E+03
   365    12    31  2018    1076       1  t_1_1076             0.4727E-01     0.5757E-02     0.4723E-01     0.4727E-01     0.3681E+02     0.3681E+02     0.0000E+00     0.0000E+00     0.0000E+00     0.2022E-01     0.0000E+00     0.0000E+00     0.7052E+01     0.1669E+01     0.3688E-03     0.1528E-03     0.0000E+00     0.0000E+00     0.1009E+03     0.1229E+02     0.1008E+03     0.1928E+00     0.1063E+01     0.1473E+01     0.1667E+01     0.5356E+02
   365    12    31  2018    1077       1  t_1_1077             0.1522E+00     0.5776E-02     0.1520E+00     0.1522E+00     0.6679E+02     0.1061E+03     0.0000E+00     0.0000E+00     0.1553E+01     0.0000E+00     0.4089E+02     0.0000E+00     0.7167E+01     0.9810E+00     0.1000E-04     0.0000E+00     0.8561E-01     0.0000E+00     0.1875E+03     0.7115E+01     0.1872E+03     0.5268E+00     0.2909E+01     0.2538E+01     0.9810E+00     0.3643E+01
   365    12    31  2018    1078       1  t_1_1078             0.2410E-01     0.2351E-02     0.2408E-01     0.2410E-01     0.1929E+02     0.1929E+02     0.0000E+00     0.0000E+00     0.0000E+00     0.0000E+00     0.0000E+00     0.0000E+00     0.5730E+01     0.1526E+01     0.1162E-02     0.0000E+00     0.0000E+00     0.0000E+00     0.9817E+02     0.9574E+01     0.9807E+02     0.8451E-01     0.5139E+00     0.7717E+00     0.1526E+01     0.6712E+02
   365    12    31  2018    1079       1  m_6_1079             0.2632E+02     0.5392E-02     0.2632E+02     0.2632E+02     0.4979E+04     0.6003E+04     0.0000E+00     0.0000E+00     0.0000E+00     0.0000E+00     0.1023E+04     0.0000E+00     0.5620E+02     0.3527E+01     0.1000E-04     0.0000E+00     0.9602E+00     0.0000E+00     0.1016E+03     0.2082E-01     0.1016E+03     0.5383E+00     0.2327E+03     0.1256E+03     0.3527E+01     0.2402E+03
   365    12    31  2018    1080       1  m_6_1080             0.2830E+02     0.7982E-02     0.2830E+02     0.2830E+02     0.4335E+04     0.4386E+04     0.0000E+00     0.0000E+00     0.0000E+00     0.0000E+00     0.5115E+02     0.0000E+00     0.7885E+02     0.3493E+01     0.1000E-04     0.0000E+00     0.2450E+00     0.0000E+00     0.1055E+03     0.2976E-01     0.1055E+03     0.1077E+00     0.2465E+03     0.1336E+03     0.3493E+01     0.3320E+03
   365    12    31  2018    1081       1  m_6_1081             0.2618E+02     0.1507E-02     0.2618E+02     0.2618E+02     0.3459E+04     0.3534E+04     0.0000E+00     0.0000E+00     0.0000E+00     0.0000E+00     0.7550E+02     0.0000E+00     0.5593E+02     0.3523E+01     0.1000E-04     0.0000E+00     0.9265E+00     0.0000E+00     0.1015E+03     0.5842E-02     0.1015E+03     0.2552E-01     0.2267E+03     0.1225E+03     0.3523E+01     0.2387E+03
   365    12    31  2018    1082       1  t_1_1082             0.2286E+00     0.2146E-01     0.2286E+00     0.2286E+00     0.6450E+02     0.8026E+02     0.0000E+00     0.0000E+00     0.7308E+00     0.0000E+00     0.1649E+02     0.0000E+00     0.7297E+01     0.1201E+01     0.1000E-04     0.0000E+00     0.1223E+00     0.0000E+00     0.2235E+03     0.2098E+02     0.2235E+03     0.4291E-01     0.4465E+01     0.2212E+01     0.1201E+01     0.5213E+01
   365    12    31  2018    1083       1  m_6_1083             0.2622E+02     0.1723E-01     0.2622E+02     0.2622E+02     0.3551E+04     0.4919E+04     0.0000E+00     0.0000E+00     0.0000E+00     0.0000E+00     0.1368E+04     0.0000E+00     0.5593E+02     0.3523E+01     0.1000E-04     0.0000E+00     0.9523E+00     0.0000E+00     0.1015E+03     0.6674E-01     0.1015E+03     0.6013E+00     0.2291E+03     0.1232E+03     0.3523E+01     0.2387E+03
   365    12    31  2018    1084       1  t_1_1084             0.3666E-01     0.3219E-01     0.3657E-01     0.7076E-01     0.3962E+01     0.7016E+01     0.0000E+00     0.0000E+00     0.0000E+00     0.0000E+00     0.3054E+01     0.0000E+00     0.5462E+01     0.1171E+01     0.1000E-04     0.0000E+00     0.1696E-01     0.0000E+00     0.7269E+03     0.6384E+03     0.7253E+03     0.2191E-01     0.1718E+01     0.1583E+00     0.1171E+01     0.3776E+01
   365    12    31  2018    1085       1  m_6_1085             0.2645E+02     0.8565E-02     0.2645E+02     0.2645E+02     0.5918E+04     0.6926E+04     0.0000E+00     0.0000E+00     0.0000E+00     0.0000E+00     0.1008E+04     0.0000E+00     0.5593E+02     0.3523E+01     0.1000E-04     0.0000E+00     0.1119E+01     0.0000E+00     0.1025E+03     0.3320E-01     0.1025E+03     0.5294E+00     0.2577E+03     0.1283E+03     0.3523E+01     0.2387E+03
   365    12    31  2018    1086       1  m_6_1086             0.2832E+02     0.1076E-02     0.2832E+02     0.2832E+02     0.4392E+04     0.4392E+04     0.0000E+00     0.0000E+00     0.0000E+00     0.6460E+03     0.0000E+00     0.0000E+00     0.7858E+02     0.1702E+02     0.3762E-03     0.7315E+00     0.0000E+00     0.0000E+00     0.1056E+03     0.4013E-02     0.1056E+03     0.8200E+00     0.2481E+03     0.1338E+03     0.9953E+01     0.1262E+05
   365    12    31  2018    1087       1  t_6_1087             0.5085E-02     0.4752E-02     0.5070E-02     0.5085E-02     0.2960E+00     0.2960E+00     0.0000E+00     0.0000E+00     0.0000E+00     0.0000E+00     0.0000E+00     0.0000E+00     0.7891E+02     0.3045E+01     0.5236E-02     0.0000E+00     0.0000E+00     0.0000E+00     0.1896E-01     0.1772E-01     0.1890E-01     0.7702E-01     0.2516E+00     0.1159E-01     0.3045E+01     0.6053E+04
   365    12    31  2018    1088       1  t_6_1088             0.1213E-01     0.2724E-02     0.1212E-01     0.1213E-01     0.2249E+01     0.2249E+01     0.0000E+00     0.0000E+00     0.0000E+00     0.0000E+00     0.0000E+00     0.0000E+00     0.7885E+02     0.3493E+01     0.1000E-04     0.0000E+00     0.0000E+00     0.0000E+00     0.4524E-01     0.1016E-01     0.4518E-01     0.3585E-01     0.7889E+00     0.8531E-01     0.3493E+01     0.3320E+03
   365    12    31  2018    1089       1  t_1_1089             0.7973E-01     0.2264E-01     0.7973E-01     0.7973E-01     0.2784E+02     0.2838E+02     0.0000E+00     0.0000E+00     0.0000E+00     0.0000E+00     0.5381E+00     0.0000E+00     0.6388E+01     0.1492E+01     0.1000E-04     0.0000E+00     0.2197E-02     0.0000E+00     0.2224E+03     0.6314E+02     0.2224E+03     0.5156E-01     0.2518E+01     0.1127E+01     0.1492E+01     0.6639E+01
   365    12    31  2018    1090       1  t_1_1090             0.1664E+00     0.3769E-02     0.1663E+00     0.1664E+00     0.1150E+03     0.1482E+03     0.0000E+00     0.0000E+00     0.7396E+00     0.0000E+00     0.3385E+02     0.0000E+00     0.7221E+01     0.1118E+01     0.1000E-04     0.0000E+00     0.2847E+00     0.0000E+00     0.1786E+03     0.4044E+01     0.1785E+03     0.4669E+00     0.3320E+01     0.2916E+01     0.1118E+01     0.4575E+01
   365    12    31  2018    1091       1  m_2_1091             0.5709E+00     0.3639E-01     0.5709E+00     0.5709E+00     0.1929E+03     0.1885E+03     0.0000E+00     0.0000E+00     0.9524E+01     0.0000E+00     0.5152E+01     0.0000E+00     0.1131E+02     0.1374E+01     0.1000E-04     0.0000E+00     0.1986E+00     0.0000E+00     0.2335E+03     0.1488E+02     0.2335E+03     0.7278E-02     0.1064E+02     0.4592E+01     0.1374E+01     0.1006E+02
   365    12    31  2018    1092       1  t_1_1092             0.2373E+00     0.1106E-01     0.2373E+00     0.2373E+00     0.3941E+02     0.3327E+02     0.0000E+00     0.0000E+00     0.6385E+01     0.0000E+00     0.2517E+00     0.0000E+00     0.9171E+01     0.6287E+00     0.1000E-04     0.0000E+00     0.1833E+00     0.0000E+00     0.2320E+03     0.1081E+02     0.2320E+03     0.3592E-03     0.3544E+01     0.1994E+01     0.6287E+00     0.2213E+01
   365    12    31  2018    1093       1  m_6_1093             0.2633E+02     0.5304E-02     0.2633E+02     0.2633E+02     0.5135E+04     0.5846E+04     0.0000E+00     0.0000E+00     0.0000E+00     0.0000E+00     0.7113E+03     0.0000E+00     0.5606E+02     0.3522E+01     0.1000E-04     0.0000E+00     0.1037E+01     0.0000E+00     0.1023E+03     0.2060E-01     0.1023E+03     0.3519E+00     0.2541E+03     0.1269E+03     0.3522E+01     0.2391E+03
   365    12    31  2018    1094       1  t_1_1094             0.9742E-01     0.1864E-01     0.9742E-01     0.9742E-01     0.1203E+02     0.1205E+02     0.0000E+00     0.0000E+00     0.0000E+00     0.0000E+00     0.1346E-01     0.0000E+00     0.6382E+01     0.1473E+01     0.1000E-04     0.0000E+00     0.1490E-02     0.0000E+00     0.2711E+03     0.5186E+02     0.2711E+03     0.7011E-03     0.2013E+01     0.9519E+00     0.1473E+01     0.6484E+01
   365    12    31  2018    1095       1  m_6_1095             0.2829E+02     0.2376E-02     0.2829E+02     0.2829E+02     0.4130E+04     0.4333E+04     0.0000E+00     0.0000E+00     0.0000E+00     0.0000E+00     0.2027E+03     0.0000E+00     0.7885E+02     0.3493E+01     0.1000E-04     0.0000E+00     0.2470E+00     0.0000E+00     0.1055E+03     0.8862E-02     0.1055E+03     0.4185E+00     0.2458E+03     0.1336E+03     0.3493E+01     0.3320E+03
   365    12    31  2018    1096       1  m_6_1096             0.2779E+02     0.5799E-02     0.2779E+02     0.2779E+02     0.7099E+04     0.7890E+04     0.0000E+00     0.0000E+00     0.0000E+00     0.0000E+00     0.7916E+03     0.0000E+00     0.5811E+02     0.3541E+01     0.1000E-04     0.0000E+00     0.1038E+01     0.0000E+00     0.1046E+03     0.2183E-01     0.1046E+03     0.5079E+00     0.2660E+03     0.1351E+03     0.3541E+01     0.2500E+03
   365    12    31  2018    1097       1  t_1_1097             0.8594E-01     0.2314E-01     0.8591E-01     0.8594E-01     0.5001E+02     0.5001E+02     0.0000E+00     0.0000E+00     0.0000E+00     0.2824E-01     0.0000E+00     0.0000E+00     0.7390E+01     0.1823E+01     0.8082E-03     0.2053E-03     0.0000E+00     0.0000E+00     0.1334E+03     0.3592E+02     0.1333E+03     0.1025E+00     0.2274E+01     0.2026E+01     0.1820E+01     0.9640E+02
   365    12    31  2018    1098       1  t_1_1098             0.2064E+00     0.2744E-01     0.2064E+00     0.2064E+00     0.6385E+02     0.6385E+02     0.0000E+00     0.0000E+00     0.0000E+00     0.3666E+02     0.0000E+00     0.0000E+00     0.6891E+01     0.1646E+02     0.2534E-02     0.8113E+00     0.0000E+00     0.0000E+00     0.2034E+03     0.2705E+02     0.2034E+03     0.1237E-01     0.3272E+01     0.2186E+01     0.6833E+01     0.2859E+04
   365    12    31  2018    1099       1  t_1_1099             0.8048E-01     0.4386E-01     0.8047E-01     0.1544E+00     0.6929E+01     0.1513E+02     0.0000E+00     0.0000E+00     0.2570E+00     0.0000E+00     0.8453E+01     0.0000E+00     0.5474E+01     0.1179E+01     0.1000E-04     0.0000E+00     0.3157E+00     0.0000E+00     0.1580E+04     0.8609E+03     0.1580E+04     0.2262E-02     0.3287E+01     0.1599E+00     0.1179E+01     0.3826E+01
   365    12    31  2018    1100       1  m_6_1100             0.2778E+02     0.2772E-01     0.2778E+02     0.2778E+02     0.6851E+04     0.7093E+04     0.0000E+00     0.0000E+00     0.0000E+00     0.0000E+00     0.2420E+03     0.0000E+00     0.5799E+02     0.3543E+01     0.1000E-04     0.0000E+00     0.9714E+00     0.0000E+00     0.1046E+03     0.1044E+00     0.1046E+03     0.1513E+00     0.2651E+03     0.1349E+03     0.3543E+01     0.2498E+03
   365    12    31  2018    1101       1  t_1_1101             0.5480E-01     0.2301E-01     0.5480E-01     0.5480E-01     0.2577E+02     0.2577E+02     0.0000E+00     0.0000E+00     0.0000E+00     0.0000E+00     0.0000E+00     0.0000E+00     0.6250E+01     0.1661E+01     0.1193E-02     0.0000E+00     0.0000E+00     0.0000E+00     0.1648E+03     0.6919E+02     0.1648E+03     0.1539E-01     0.1379E+01     0.1046E+01     0.1661E+01     0.8546E+02
